ISO-10303-21;
HEADER;
FILE_DESCRIPTION (( 'STEP AP203' ),
    '1' );
FILE_NAME ('9546K551_Neoprene Bumper.STEP',
    '2026-01-06T14:39:29',
    ( 'McMaster Carr Supply' ),
    ( 'McMaster Carr Supply' ),
    'SwSTEP 2.0',
    'SolidWorks 2024',
    '' );
FILE_SCHEMA (( 'CONFIG_CONTROL_DESIGN' ));
ENDSEC;

DATA;
#1 = ORIENTED_EDGE ( 'NONE', *, *, #1946, .F. ) ;
#2 = CARTESIAN_POINT ( 'NONE',  ( -0.02555743170321787480, 0.2556121036420386794, -0.1068060523725177374 ) ) ;
#3 = CYLINDRICAL_SURFACE ( 'NONE', #521, 0.1250000000000000000 ) ;
#4 = AXIS2_PLACEMENT_3D ( 'NONE', #585, #2250, #982 ) ;
#5 = CARTESIAN_POINT ( 'NONE',  ( 0.03804944542899054566, -0.03437499999999999584, 0.09185948719544588525 ) ) ;
#6 = CARTESIAN_POINT ( 'NONE',  ( -0.08838834764831800250, 0.4187500000000000111, -0.08838834764831890456 ) ) ;
#7 = CARTESIAN_POINT ( 'NONE',  ( 0.09185948719544581587, 0.4281250000000000888, -0.03804944542899061505 ) ) ;
#8 = EDGE_CURVE ( 'NONE', #2567, #1290, #156, .T. ) ;
#9 = CIRCLE ( 'NONE', #2616, 0.2916666666666664631 ) ;
#10 = CARTESIAN_POINT ( 'NONE',  ( -0.08313656312956234362, 0.01548873157786059308, -0.08637709639778612392 ) ) ;
#11 = SECURITY_CLASSIFICATION_LEVEL ( 'unclassified' ) ;
#12 = CIRCLE ( 'NONE', #2152, 0.1349999999999999811 ) ;
#13 = DIRECTION ( 'NONE',  ( -1.224646799147352468E-16, 1.000000000000000000, -0.000000000000000000 ) ) ;
#14 = ORIENTED_EDGE ( 'NONE', *, *, #822, .T. ) ;
#15 = CARTESIAN_POINT ( 'NONE',  ( 0.06495446631221886424, 0.2875000000000000888, -0.06495446631221794831 ) ) ;
#16 = CARTESIAN_POINT ( 'NONE',  ( 0.1250000000000002220, 0.05937500000000004580, -0.05177669529663629644 ) ) ;
#17 = CARTESIAN_POINT ( 'NONE',  ( 0.08838834764831796087, 0.1000000000000000472, 0.08838834764831893231 ) ) ;
#18 = ORIENTED_EDGE ( 'NONE', *, *, #1033, .F. ) ;
#19 = CARTESIAN_POINT ( 'NONE',  ( -0.05958666171951113033, 0.04314051280455452608, -0.06991133765659747479 ) ) ;
#20 = CARTESIAN_POINT ( 'NONE',  ( -6.791301097954400183E-16, 0.01250000000000001978, 0.09185948719544560770 ) ) ;
#21 = CARTESIAN_POINT ( 'NONE',  ( 0.03804944542899054566, 0.07187500000000003608, 0.09185948719544588525 ) ) ;
#22 = CARTESIAN_POINT ( 'NONE',  ( 0.03804944542899192650, 0.4343750000000001776, -0.09185948719544533014 ) ) ;
#23 = CARTESIAN_POINT ( 'NONE',  ( 7.654042494670952923E-17, 0.000000000000000000, 0.000000000000000000 ) ) ;
#24 = COORDINATED_UNIVERSAL_TIME_OFFSET ( 6, 0, .BEHIND. ) ;
#25 = CARTESIAN_POINT ( 'NONE',  ( -0.1249999999999997780, 0.1218750000000000111, -0.05177669529663754544 ) ) ;
#26 = CARTESIAN_POINT ( 'NONE',  ( 0.1249999999999996669, 0.09687500000000004441, 0.05177669529663759401 ) ) ;
#27 = ORIENTED_EDGE ( 'NONE', *, *, #2024, .F. ) ;
#28 = CARTESIAN_POINT ( 'NONE',  ( -0.09185948719544588525, 0.3593750000000001110, 0.03804944542899058035 ) ) ;
#29 = CARTESIAN_POINT ( 'NONE',  ( -0.08838834764831801638, 0.2250000000000000611, -0.08838834764831891844 ) ) ;
#30 = CARTESIAN_POINT ( 'NONE',  ( 0.07547954321539117328, 0.03896654701151014422, -0.05967021770525848118 ) ) ;
#31 = VERTEX_POINT ( 'NONE', #344 ) ;
#32 = CARTESIAN_POINT ( 'NONE',  ( -0.06495446631221890588, 0.1062500000000000250, 0.06495446631221796219 ) ) ;
#33 = CARTESIAN_POINT ( 'NONE',  ( 0.09185948719544557994, 0.02500000000000002220, 6.600460013358639369E-16 ) ) ;
#34 = CARTESIAN_POINT ( 'NONE',  ( -0.09185948719544534402, -0.04687499999999998612, -0.03804944542899188487 ) ) ;
#35 = LINE ( 'NONE', #1664, #432 ) ;
#36 = APPROVAL_ROLE ( '' ) ;
#37 = CARTESIAN_POINT ( 'NONE',  ( -0.08838834764831801638, 0.1187500000000000361, -0.08838834764831891844 ) ) ;
#38 = CARTESIAN_POINT ( 'NONE',  ( 0.05177669529663619236, 0.04062500000000002220, 0.1250000000000003053 ) ) ;
#39 = ORIENTED_EDGE ( 'NONE', *, *, #1461, .F. ) ;
#40 = CARTESIAN_POINT ( 'NONE',  ( -0.09185948719544534402, -0.1031249999999999944, -0.03804944542899188487 ) ) ;
#41 = CARTESIAN_POINT ( 'NONE',  ( -0.1250000000000003053, 0.1843750000000000111, 0.05177669529663625481 ) ) ;
#42 = CARTESIAN_POINT ( 'NONE',  ( 0.08838834764831890456, 0.06250000000000002776, -0.08838834764831796087 ) ) ;
#43 = EDGE_CURVE ( 'NONE', #1237, #2292, #2246, .T. ) ;
#44 = ORIENTED_EDGE ( 'NONE', *, *, #187, .T. ) ;
#45 = CARTESIAN_POINT ( 'NONE',  ( 0.06495446631221886424, 0.08125000000000001665, -0.06495446631221794831 ) ) ;
#46 = CARTESIAN_POINT ( 'NONE',  ( -6.791301097954400183E-16, 0.2625000000000000111, 0.09185948719544560770 ) ) ;
#47 = CARTESIAN_POINT ( 'NONE',  ( 0.09185948719544581587, 0.08437500000000004718, -0.03804944542899061505 ) ) ;
#48 = DIRECTION ( 'NONE',  ( -1.224646799147352468E-16, 1.000000000000000000, -0.000000000000000000 ) ) ;
#49 =( GEOMETRIC_REPRESENTATION_CONTEXT ( 3 ) GLOBAL_UNCERTAINTY_ASSIGNED_CONTEXT ( ( #2354 ) ) GLOBAL_UNIT_ASSIGNED_CONTEXT ( ( #458, #236, #1490 ) ) REPRESENTATION_CONTEXT ( 'NONE', 'WORKASPACE' ) );
#50 = CARTESIAN_POINT ( 'NONE',  ( -0.04838964542206122127, 0.03994147241520760311, -0.08221740268240240734 ) ) ;
#51 = CARTESIAN_POINT ( 'NONE',  ( -0.05177669529663627562, 0.1156250000000000194, -0.1250000000000002776 ) ) ;
#52 = VERTEX_POINT ( 'NONE', #1216 ) ;
#53 = CARTESIAN_POINT ( 'NONE',  ( -0.03804944542899191262, 0.5156250000000001110, 0.09185948719544533014 ) ) ;
#54 = CARTESIAN_POINT ( 'NONE',  ( 0.05177669529663758707, 0.2656250000000001110, -0.1249999999999997363 ) ) ;
#55 = CARTESIAN_POINT ( 'NONE',  ( 0.1250000000000000000, 0.05000000000000003053, 6.661338147750940229E-16 ) ) ;
#56 = CARTESIAN_POINT ( 'NONE',  ( -0.06495446631221890588, 0.01250000000000001978, 0.06495446631221796219 ) ) ;
#57 = AXIS2_PLACEMENT_3D ( 'NONE', #2117, #2359, #515 ) ;
#58 = EDGE_LOOP ( 'NONE', ( #1720, #1305, #312, #2464 ) ) ;
#59 = CARTESIAN_POINT ( 'NONE',  ( 0.06495446631221793443, 0.3687499999999999667, 0.06495446631221887812 ) ) ;
#60 = FACE_OUTER_BOUND ( 'NONE', #1921, .T. ) ;
#61 = CARTESIAN_POINT ( 'NONE',  ( -0.09185948719544562158, 0.2500000000000000555, -6.487964586393420021E-16 ) ) ;
#62 = CARTESIAN_POINT ( 'NONE',  ( -0.09185948719544562158, 0.1062500000000000250, -6.487964586393420021E-16 ) ) ;
#63 = DIRECTION ( 'NONE',  ( -1.000000000000000000, -4.683167989138738918E-16, 0.000000000000000000 ) ) ;
#64 = PERSON_AND_ORGANIZATION ( #152, #731 ) ;
#65 = CARTESIAN_POINT ( 'NONE',  ( 0.1250000000000000000, 0.2000000000000000389, 6.661338147750940229E-16 ) ) ;
#66 = CARTESIAN_POINT ( 'NONE',  ( 0.05177669529663619236, -0.009374999999999985775, 0.1250000000000003053 ) ) ;
#67 = VERTEX_POINT ( 'NONE', #150 ) ;
#68 = CARTESIAN_POINT ( 'NONE',  ( 0.09185948719544581587, 0.4843750000000000555, -0.03804944542899061505 ) ) ;
#69 = CARTESIAN_POINT ( 'NONE',  ( -0.08838834764831893231, 0.1875000000000000555, 0.08838834764831798863 ) ) ;
#70 = CARTESIAN_POINT ( 'NONE',  ( -0.1249999999999997780, 0.07812500000000001388, -0.05177669529663754544 ) ) ;
#71 = CARTESIAN_POINT ( 'NONE',  ( -0.06495446631221798994, 0.2999999999999999889, -0.06495446631221887812 ) ) ;
#72 = CARTESIAN_POINT ( 'NONE',  ( -0.06495446631221890588, 0.06250000000000001388, 0.06495446631221796219 ) ) ;
#73 = ORIENTED_EDGE ( 'NONE', *, *, #1387, .T. ) ;
#74 = CARTESIAN_POINT ( 'NONE',  ( -0.09185948719544562158, 0.4000000000000000777, -6.487964586393420021E-16 ) ) ;
#75 = CARTESIAN_POINT ( 'NONE',  ( -0.03804944542899191262, 0.2093750000000000611, 0.09185948719544533014 ) ) ;
#76 = CC_DESIGN_PERSON_AND_ORGANIZATION_ASSIGNMENT ( #2513, #2301, ( #389 ) ) ;
#77 = CARTESIAN_POINT ( 'NONE',  ( 0.06495446631221886424, 0.2312500000000000666, -0.06495446631221794831 ) ) ;
#78 = CARTESIAN_POINT ( 'NONE',  ( -0.06495446631221890588, -0.03749999999999998473, 0.06495446631221796219 ) ) ;
#79 = CARTESIAN_POINT ( 'NONE',  ( -0.1250000000000003053, 0.03437500000000004441, 0.05177669529663624787 ) ) ;
#80 = EDGE_CURVE ( 'NONE', #1393, #1905, #1405, .T. ) ;
#81 = CARTESIAN_POINT ( 'NONE',  ( 0.02030906353389721683, 0.02676575729772153606, -0.1066224007448679373 ) ) ;
#82 = CARTESIAN_POINT ( 'NONE',  ( -0.1250000000000000278, 0.02500000000000002220, -6.508257297857520307E-16 ) ) ;
#83 = ORIENTED_EDGE ( 'NONE', *, *, #771, .F. ) ;
#84 = CARTESIAN_POINT ( 'NONE',  ( 0.06495446631221886424, -0.01874999999999998890, -0.06495446631221794831 ) ) ;
#85 = CARTESIAN_POINT ( 'NONE',  ( 0.08838834764831890456, 0.1625000000000000333, -0.08838834764831796087 ) ) ;
#86 = CARTESIAN_POINT ( 'NONE',  ( 0.007300648368667294469, 0.04314051280455452608, -0.09156891350893768544 ) ) ;
#87 = CARTESIAN_POINT ( 'NONE',  ( 6.184628074832439858E-16, 0.2437500000000000222, -0.09185948719544560770 ) ) ;
#88 = CARTESIAN_POINT ( 'NONE',  ( -0.09185948719544562158, 0.006250000000000018562, -6.487964586393420021E-16 ) ) ;
#89 = ORIENTED_EDGE ( 'NONE', *, *, #1206, .F. ) ;
#90 = CARTESIAN_POINT ( 'NONE',  ( 0.03804944542899054566, 0.4656250000000000111, 0.09185948719544588525 ) ) ;
#91 = CARTESIAN_POINT ( 'NONE',  ( 0.03804944542899054566, 0.2156250000000000111, 0.09185948719544589913 ) ) ;
#92 = CARTESIAN_POINT ( 'NONE',  ( -0.03804944542899062199, 0.1406250000000000278, -0.09185948719544587138 ) ) ;
#93 = FACE_OUTER_BOUND ( 'NONE', #2140, .T. ) ;
#94 = CARTESIAN_POINT ( 'NONE',  ( 0.1249999999999996947, 0.1968750000000000222, 0.05177669529663760789 ) ) ;
#95 = ADVANCED_FACE ( 'NONE', ( #2444 ), #823, .F. ) ;
#96 = CARTESIAN_POINT ( 'NONE',  ( -0.08838834764831891844, 0.1812500000000000500, 0.08838834764831796087 ) ) ;
#97 = ORIENTED_EDGE ( 'NONE', *, *, #128, .F. ) ;
#98 = CARTESIAN_POINT ( 'NONE',  ( -0.06495446631221890588, -0.09374999999999998612, 0.06495446631221796219 ) ) ;
#99 = CARTESIAN_POINT ( 'NONE',  ( 0.05177669529663758707, 0.3156250000000000444, -0.1249999999999997363 ) ) ;
#100 = CARTESIAN_POINT ( 'NONE',  ( -0.05958666171951113033, 0.04314051280455452608, -0.06991133765659747479 ) ) ;
#101 = AXIS2_PLACEMENT_3D ( 'NONE', #2239, #1832, #2084 ) ;
#102 = CARTESIAN_POINT ( 'NONE',  ( 0.03804944542899192650, 0.1906250000000000444, -0.09185948719544533014 ) ) ;
#103 = CARTESIAN_POINT ( 'NONE',  ( 0.06495446631221886424, 0.03750000000000002637, -0.06495446631221794831 ) ) ;
#104 = VECTOR ( 'NONE', #1553, 39.37007874015748143 ) ;
#105 = CIRCLE ( 'NONE', #1589, 0.1250000000000000000 ) ;
#106 = ORIENTED_EDGE ( 'NONE', *, *, #1174, .T. ) ;
#107 = CARTESIAN_POINT ( 'NONE',  ( 0.06495446631221886424, 0.2312500000000000666, -0.06495446631221794831 ) ) ;
#108 = CARTESIAN_POINT ( 'NONE',  ( 0.09185948719544530239, 0.1718750000000000278, 0.03804944542899193344 ) ) ;
#109 = DIRECTION ( 'NONE',  ( 1.000000000000000000, 0.000000000000000000, 0.000000000000000000 ) ) ;
#110 = CARTESIAN_POINT ( 'NONE',  ( 0.06069895488484163687, 0.01991066231732680630, -0.09812165297312687440 ) ) ;
#111 = CARTESIAN_POINT ( 'NONE',  ( 0.08838834764831794699, 0.3437500000000000000, 0.08838834764831891844 ) ) ;
#112 = CARTESIAN_POINT ( 'NONE',  ( 0.06495446631221793443, 0.1687500000000000389, 0.06495446631221887812 ) ) ;
#113 = CARTESIAN_POINT ( 'NONE',  ( -0.08838834764831893231, 0.4375000000000000555, 0.08838834764831798863 ) ) ;
#114 = CARTESIAN_POINT ( 'NONE',  ( -0.1249999999999997780, 0.07187500000000003608, -0.05177669529663754544 ) ) ;
#115 = CARTESIAN_POINT ( 'NONE',  ( -0.03804944542899062199, 0.1468750000000000333, -0.09185948719544587138 ) ) ;
#116 = B_SPLINE_CURVE_WITH_KNOTS ( 'NONE', 3,
 ( #2435, #1601, #2424, #2222, #586, #1397, #381, #1194, #2025, #1411, #2254, #382, #1042, #2055, #1875, #1223, #1459, #2436, #599, #411, #1861, #189, #2284, #2223, #1412, #1028, #1647, #857, #440, #1252, #1013, #1238 ),
 .UNSPECIFIED., .F., .F.,
 ( 4, 2, 2, 2, 2, 2, 2, 2, 2, 2, 2, 2, 2, 2, 2, 4 ),
 ( 0.003616111921878264242, 0.004151139135931378871, 0.004686166349984493065, 0.005221193564037607260, 0.005756220778090721454, 0.006291247992143835649, 0.006826275206196948976, 0.007361302420250063171, 0.007896329634303176498, 0.008966384062409404887, 0.009501411276462517347, 0.01003643849051563154, 0.01057146570456874574, 0.01110649291862185820, 0.01164152013267497413, 0.01217654734672808832 ),
 .UNSPECIFIED. ) ;
#117 = CARTESIAN_POINT ( 'NONE',  ( -0.06495446631221890588, -0.03749999999999998473, 0.06495446631221796219 ) ) ;
#118 = ORIENTED_EDGE ( 'NONE', *, *, #426, .F. ) ;
#119 = DIRECTION ( 'NONE',  ( 1.000000000000000000, 1.454561327741380216E-16, 0.000000000000000000 ) ) ;
#120 = CARTESIAN_POINT ( 'NONE',  ( 0.2916666666666666852, 3.571886497513110337E-17, 3.571886497513112802E-17 ) ) ;
#121 = CARTESIAN_POINT ( 'NONE',  ( -0.05177669529663755932, 0.1843750000000000389, 0.1249999999999997502 ) ) ;
#122 = CARTESIAN_POINT ( 'NONE',  ( -0.09185948719544588525, 0.05312500000000002637, 0.03804944542899058035 ) ) ;
#123 = CARTESIAN_POINT ( 'NONE',  ( 6.184628074832439858E-16, 0.4687500000000000000, -0.1250000000000000278 ) ) ;
#124 = CARTESIAN_POINT ( 'NONE',  ( -0.09185948719544589913, 0.05937500000000003192, 0.03804944542899058035 ) ) ;
#125 = CARTESIAN_POINT ( 'NONE',  ( -0.06495446631221798994, 0.2500000000000000555, -0.06495446631221887812 ) ) ;
#126 = CARTESIAN_POINT ( 'NONE',  ( 0.06495446631221886424, 0.2375000000000000722, -0.06495446631221794831 ) ) ;
#127 = VERTEX_POINT ( 'NONE', #1968 ) ;
#128 = EDGE_CURVE ( 'NONE', #849, #161, #795, .T. ) ;
#129 = CARTESIAN_POINT ( 'NONE',  ( 6.184628074832439858E-16, 0.2187500000000000278, -0.1250000000000000278 ) ) ;
#130 = CARTESIAN_POINT ( 'NONE',  ( -0.06495446631221798994, -0.1062499999999999972, -0.06495446631221887812 ) ) ;
#131 = CARTESIAN_POINT ( 'NONE',  ( 0.08838834764831794699, 0.2937500000000000666, 0.08838834764831891844 ) ) ;
#132 = CARTESIAN_POINT ( 'NONE',  ( -0.03804944542899191262, 0.1093750000000000278, 0.09185948719544533014 ) ) ;
#133 = CARTESIAN_POINT ( 'NONE',  ( 0.1250000000000000000, 0.3062500000000000222, 6.661338147750940229E-16 ) ) ;
#134 = LINE ( 'NONE', #2160, #176 ) ;
#135 = CARTESIAN_POINT ( 'NONE',  ( 0.09185948719544530239, 0.4781250000000000777, 0.03804944542899193344 ) ) ;
#136 = CARTESIAN_POINT ( 'NONE',  ( 6.184628074832439858E-16, 0.1437500000000000444, -0.09185948719544560770 ) ) ;
#137 = CARTESIAN_POINT ( 'NONE',  ( 0.03804944542899192650, 0.4343750000000001776, -0.09185948719544533014 ) ) ;
#138 = VECTOR ( 'NONE', #808, 39.37007874015748143 ) ;
#139 = VECTOR ( 'NONE', #2048, 39.37007874015748143 ) ;
#140 = DIRECTION ( 'NONE',  ( -4.939539904345632987E-16, 1.000000000000000000, -0.000000000000000000 ) ) ;
#141 = CARTESIAN_POINT ( 'NONE',  ( -0.1250000000000000278, 0.1812500000000000222, -6.508257297857520307E-16 ) ) ;
#142 = CARTESIAN_POINT ( 'NONE',  ( -0.1250000000000000278, 0.2250000000000000333, -6.508257297857520307E-16 ) ) ;
#143 = CARTESIAN_POINT ( 'NONE',  ( 0.09185948719544581587, 0.2281250000000000777, -0.03804944542899061505 ) ) ;
#144 = CARTESIAN_POINT ( 'NONE',  ( 0.1249999999999996947, 0.3531250000000000777, 0.05177669529663759401 ) ) ;
#145 = CARTESIAN_POINT ( 'NONE',  ( -0.09185948719544589913, 0.2093750000000000611, 0.03804944542899058035 ) ) ;
#146 = CARTESIAN_POINT ( 'NONE',  ( -0.03804944542899191262, 0.4656250000000000111, 0.09185948719544533014 ) ) ;
#147 = CARTESIAN_POINT ( 'NONE',  ( -0.09185948719544588525, 0.1093750000000000278, 0.03804944542899058035 ) ) ;
#148 = CARTESIAN_POINT ( 'NONE',  ( 0.03804944542899192650, 0.3843750000000000222, -0.09185948719544533014 ) ) ;
#149 = CARTESIAN_POINT ( 'NONE',  ( -0.03804944542899061505, 0.1406250000000000278, -0.09185948719544587138 ) ) ;
#150 = CARTESIAN_POINT ( 'NONE',  ( -0.3749999999999990008, -4.592425496802560044E-17, 0.000000000000000000 ) ) ;
#151 = CARTESIAN_POINT ( 'NONE',  ( 0.1113265650997521117, 0.2512946377544244547, -0.04907838972717639553 ) ) ;
#152 = PERSON ( 'UNSPECIFIED', 'UNSPECIFIED', 'UNSPECIFIED', ('UNSPECIFIED'), ('UNSPECIFIED'), ('UNSPECIFIED') ) ;
#153 = CARTESIAN_POINT ( 'NONE',  ( -0.08838834764831893231, 0.1875000000000000555, 0.08838834764831798863 ) ) ;
#154 = CARTESIAN_POINT ( 'NONE',  ( 0.08838834764831794699, 0.4937500000000000222, 0.08838834764831891844 ) ) ;
#155 = CARTESIAN_POINT ( 'NONE',  ( -0.06495446631221890588, 0.2062500000000000444, 0.06495446631221796219 ) ) ;
#156 =( BOUNDED_CURVE ( )  B_SPLINE_CURVE ( 2, ( #607, #1419, #736, #1983, #1020, #561, #1362, #537, #1157 ),
 .UNSPECIFIED., .F., .T. ) 
 B_SPLINE_CURVE_WITH_KNOTS ( ( 3, 2, 2, 2, 3 ),
 ( 0.2500000000000000000, 0.2596153846153846367, 0.2692307692307692180, 0.2788461538461538547, 0.2884615384615384359 ),
 .UNSPECIFIED. ) 
 CURVE ( )  GEOMETRIC_REPRESENTATION_ITEM ( )  RATIONAL_B_SPLINE_CURVE ( ( 1.000000000000000000, 0.9238795325112867385, 1.000000000000000000, 0.9238795325112867385, 1.000000000000000000, 0.9238795325112867385, 1.000000000000000000, 0.9238795325112867385, 1.000000000000000000 ) ) 
 REPRESENTATION_ITEM ( '' )  );
#157 = EDGE_CURVE ( 'NONE', #597, #2070, #1984, .T. ) ;
#158 = CARTESIAN_POINT ( 'NONE',  ( 0.03885628176815145163, 0.01000000000000440120, -0.1188073624282351554 ) ) ;
#159 = CARTESIAN_POINT ( 'NONE',  ( -0.09185948719544537178, 0.2531250000000000444, -0.03804944542899188487 ) ) ;
#160 = CARTESIAN_POINT ( 'NONE',  ( -0.06495446631221890588, 0.4125000000000000333, 0.06495446631221796219 ) ) ;
#161 = VERTEX_POINT ( 'NONE', #758 ) ;
#162 = CARTESIAN_POINT ( 'NONE',  ( -6.791301097954400183E-16, 0.1187500000000000361, 0.09185948719544560770 ) ) ;
#163 = CARTESIAN_POINT ( 'NONE',  ( 0.05177669529663758707, -0.08437499999999997780, -0.1249999999999997363 ) ) ;
#164 = CARTESIAN_POINT ( 'NONE',  ( 1.265312407244638509E-18, -0.05000000000000000971, 0.000000000000000000 ) ) ;
#165 = CARTESIAN_POINT ( 'NONE',  ( 0.1250000000000000000, 0.2500000000000000555, 6.661338147750940229E-16 ) ) ;
#166 = CARTESIAN_POINT ( 'NONE',  ( -0.1250000000000000278, 0.1812500000000000222, -6.508257297857520307E-16 ) ) ;
#167 = CARTESIAN_POINT ( 'NONE',  ( 6.184628074832439858E-16, 0.4625000000000000777, -0.1250000000000000000 ) ) ;
#168 = CARTESIAN_POINT ( 'NONE',  ( -0.06495446631221890588, 0.3062500000000000222, 0.06495446631221796219 ) ) ;
#169 = CARTESIAN_POINT ( 'NONE',  ( -0.08838834764831893231, 0.4875000000000000444, 0.08838834764831798863 ) ) ;
#170 = CARTESIAN_POINT ( 'NONE',  ( 0.06495446631221886424, 0.3375000000000000222, -0.06495446631221794831 ) ) ;
#171 =( BOUNDED_SURFACE ( )  B_SPLINE_SURFACE ( 1, 2, ( 
 ( #2578, #1350, #2173, #331, #196, #947, #2646, #805, #2390, #2185, #2399, #2232, #391, #1202, #1623, #1869, #651, #2500, #2318, #2078, #263, #239, #277, #1090, #1682, #66, #1036, #1492, #493, #476, #1271, #1913, #1075, #2102, #2531, #1466, #82, #1289, #2133, #2486, #2291, #38, #447, #662, #460, #2334, #894, #1712, #1259, #879, #678, #1897, #1697, #693, #2118, #1509, #2472, #1304, #1855, #26, #1049, #848, #1060, #1667, #2089, #51, #835, #1653, #251, #637, #1450, #1881, #2276, #2515, #434, #1246, #864, #1477, #2304, #1749, #748, #1927, #2561, #2571, #729, #314, #96, #121, #529, #930, #1546, #2381, #939, #1353, #739, #290, #505, #540, #2176, #1536, #142, #2371, #1771, #516, #302, #1556, #1341, #907, #2165, #1565, #324, #2593, #1364, #1952, #2392, #334, #1146, #1135, #721, #2360, #1974, #1961, #131, #951, #552, #1104, #1117, #1761, #1330, #2584, #1726, #2548, #1942, #707, #1523, #2348, #1316, #2146, #111, #2157, #921, #1739, #1126, #2403, #1184, #1197, #566, #1604, #1593, #2200, #1795, #400, #360, #2453, #1172, #350, #1161, #2212, #1783, #384, #2439, #1616, #6, #799, #817, #1988, #191, #1001, #1399, #2605, #2000, #2427, #964, #1211, #2028, #205, #167, #775, #2641, #2043, #2226, #1820, #602, #1414, #2241, #1016, #154, #974, #371, #1835, #1635, #588, #761, #179, #617, #2188, #1579, #1377, #2618, #2416, #577 ),
 ( #1389, #989, #2013, #1807, #2629, #786, #1893, #1678, #673, #1474, #2496, #274, #1044, #2315, #1693, #2527, #233, #1864, #2270, #34, #247, #859, #78, #1488, #472, #844, #456, #1071, #659, #2299, #1087, #2511, #2115, #218, #1286, #1910, #890, #2467, #632, #1463, #428, #1241, #442, #2256, #1708, #1663, #1430, #413, #1444, #1225, #1268, #2058, #2100, #831, #1031, #1850, #1057, #21, #1649, #2480, #1877, #47, #2287, #2073, #1254, #259, #2086, #646, #62, #875, #1302, #2130, #689, #1505, #490, #2331, #1718, #2353, #725, #2123, #1540, #115, #934, #1294, #281, #683, #1095, #1309, #1932, #1130, #2565, #2364, #1918, #1529, #2150, #102, #1731, #1336, #925, #522, #1277, #1743, #2161, #319, #884, #1701, #2538, #1497, #2324, #1514, #667, #1956, #87, #2505, #125, #2521, #1482, #509, #2309, #712, #1903, #466, #2108, #2138, #268, #1080, #899, #295, #1109, #699, #71, #2339, #914, #498, #2553, #1947, #1321, #483, #308, #1121, #1965, #2004, #170, #338, #1597, #1570, #581, #1979, #1765, #2204, #1165, #734, #2395, #375, #1992, #1392, #183, #753, #2217, #364, #978, #354, #1357, #2180, #1177, #556, #160, #1799, #2623, #779, #2587, #1369, #1152, #2193, #2420, #2375, #742, #2408, #570, #1381, #1753, #1188, #2018, #146, #967, #2575, #1787, #135, #2609, #765, #1551, #944, #1585, #1560, #534, #1346, #2169, #328, #1139, #2386, #544 ) ),
 .UNSPECIFIED., .F., .F., .F. ) 
 B_SPLINE_SURFACE_WITH_KNOTS ( ( 2, 2 ),
 ( 3, 2, 2, 2, 2, 2, 2, 2, 2, 2, 2, 2, 2, 2, 2, 2, 2, 2, 2, 2, 2, 2, 2, 2, 2, 2, 2, 2, 2, 2, 2, 2, 2, 2, 2, 2, 2, 2, 2, 2, 2, 2, 2, 2, 2, 2, 2, 2, 2, 2, 2, 2, 2, 2, 2, 2, 2, 2, 2, 2, 2, 2, 2, 2, 2, 2, 2, 2, 2, 2, 2, 2, 2, 2, 2, 2, 2, 2, 2, 2, 2, 2, 2, 2, 2, 2, 2, 2, 2, 2, 2, 2, 2, 2, 2, 2, 2, 2, 2, 2, 3 ),
 ( 0.000000000000000000, 1.000000000000000000 ),
 ( 0.000000000000000000, 0.009615384615384615918, 0.01923076923076923184, 0.02884615384615384776, 0.03846153846153846367, 0.04807692307692307959, 0.05769230769230769551, 0.06730769230769230449, 0.07692307692307692735, 0.08653846153846153633, 0.09615384615384615918, 0.1057692307692307682, 0.1153846153846153910, 0.1250000000000000000, 0.1346153846153846090, 0.1442307692307692180, 0.1538461538461538547, 0.1634615384615384637, 0.1730769230769230727, 0.1826923076923076816, 0.1923076923076923184, 0.2019230769230769273, 0.2115384615384615363, 0.2211538461538461453, 0.2307692307692307820, 0.2403846153846153910, 0.2500000000000000000, 0.2596153846153846367, 0.2692307692307692180, 0.2788461538461538547, 0.2884615384615384359, 0.2980769230769230727, 0.3076923076923077094, 0.3173076923076922906, 0.3269230769230769273, 0.3365384615384615641, 0.3461538461538461453, 0.3557692307692307820, 0.3653846153846153633, 0.3750000000000000000, 0.3846153846153846367, 0.3942307692307692180, 0.4038461538461538547, 0.4134615384615384359, 0.4230769230769230727, 0.4326923076923077094, 0.4423076923076922906, 0.4519230769230769273, 0.4615384615384615641, 0.4711538461538461453, 0.4807692307692307820, 0.4903846153846153633, 0.5000000000000000000, 0.5096153846153845812, 0.5192307692307692735, 0.5288461538461538547, 0.5384615384615384359, 0.5480769230769231282, 0.5576923076923077094, 0.5673076923076922906, 0.5769230769230768718, 0.5865384615384615641, 0.5961538461538461453, 0.6057692307692307265, 0.6153846153846154188, 0.6250000000000000000, 0.6346153846153845812, 0.6442307692307692735, 0.6538461538461538547, 0.6634615384615384359, 0.6730769230769231282, 0.6826923076923077094, 0.6923076923076922906, 0.7019230769230768718, 0.7115384615384615641, 0.7211538461538461453, 0.7307692307692307265, 0.7403846153846154188, 0.7500000000000000000, 0.7596153846153845812, 0.7692307692307692735, 0.7788461538461538547, 0.7884615384615384359, 0.7980769230769231282, 0.8076923076923077094, 0.8173076923076922906, 0.8269230769230768718, 0.8365384615384615641, 0.8461538461538461453, 0.8557692307692307265, 0.8653846153846154188, 0.8750000000000000000, 0.8846153846153845812, 0.8942307692307692735, 0.9038461538461538547, 0.9134615384615384359, 0.9230769230769231282, 0.9326923076923077094, 0.9423076923076922906, 0.9519230769230768718, 0.9615384615384615641 ),
 .UNSPECIFIED. ) 
 GEOMETRIC_REPRESENTATION_ITEM ( )  RATIONAL_B_SPLINE_SURFACE ( (
 ( 1.000000000000000000, 0.9238795325112867385, 1.000000000000000000, 0.9238795325112867385, 1.000000000000000000, 0.9238795325112867385, 1.000000000000000000, 0.9238795325112867385, 1.000000000000000000, 0.9238795325112867385, 1.000000000000000000, 0.9238795325112867385, 1.000000000000000000, 0.9238795325112867385, 1.000000000000000000, 0.9238795325112867385, 1.000000000000000000, 0.9238795325112867385, 1.000000000000000000, 0.9238795325112867385, 1.000000000000000000, 0.9238795325112867385, 1.000000000000000000, 0.9238795325112867385, 1.000000000000000000, 0.9238795325112867385, 1.000000000000000000, 0.9238795325112867385, 1.000000000000000000, 0.9238795325112867385, 1.000000000000000000, 0.9238795325112867385, 1.000000000000000000, 0.9238795325112867385, 1.000000000000000000, 0.9238795325112867385, 1.000000000000000000, 0.9238795325112867385, 1.000000000000000000, 0.9238795325112867385, 1.000000000000000000, 0.9238795325112867385, 1.000000000000000000, 0.9238795325112867385, 1.000000000000000000, 0.9238795325112867385, 1.000000000000000000, 0.9238795325112867385, 1.000000000000000000, 0.9238795325112867385, 1.000000000000000000, 0.9238795325112867385, 1.000000000000000000, 0.9238795325112867385, 1.000000000000000000, 0.9238795325112867385, 1.000000000000000000, 0.9238795325112867385, 1.000000000000000000, 0.9238795325112867385, 1.000000000000000000, 0.9238795325112867385, 1.000000000000000000, 0.9238795325112867385, 1.000000000000000000, 0.9238795325112867385, 1.000000000000000000, 0.9238795325112867385, 1.000000000000000000, 0.9238795325112867385, 1.000000000000000000, 0.9238795325112867385, 1.000000000000000000, 0.9238795325112867385, 1.000000000000000000, 0.9238795325112867385, 1.000000000000000000, 0.9238795325112867385, 1.000000000000000000, 0.9238795325112867385, 1.000000000000000000, 0.9238795325112867385, 1.000000000000000000, 0.9238795325112867385, 1.000000000000000000, 0.9238795325112867385, 1.000000000000000000, 0.9238795325112867385, 1.000000000000000000, 0.9238795325112867385, 1.000000000000000000, 0.9238795325112867385, 1.000000000000000000, 0.9238795325112867385, 1.000000000000000000, 0.9238795325112867385, 1.000000000000000000, 0.9238795325112867385, 1.000000000000000000, 0.9238795325112867385, 1.000000000000000000, 0.9238795325112867385, 1.000000000000000000, 0.9238795325112867385, 1.000000000000000000, 0.9238795325112867385, 1.000000000000000000, 0.9238795325112867385, 1.000000000000000000, 0.9238795325112867385, 1.000000000000000000, 0.9238795325112867385, 1.000000000000000000, 0.9238795325112867385, 1.000000000000000000, 0.9238795325112867385, 1.000000000000000000, 0.9238795325112867385, 1.000000000000000000, 0.9238795325112867385, 1.000000000000000000, 0.9238795325112867385, 1.000000000000000000, 0.9238795325112867385, 1.000000000000000000, 0.9238795325112867385, 1.000000000000000000, 0.9238795325112867385, 1.000000000000000000, 0.9238795325112867385, 1.000000000000000000, 0.9238795325112867385, 1.000000000000000000, 0.9238795325112867385, 1.000000000000000000, 0.9238795325112867385, 1.000000000000000000, 0.9238795325112867385, 1.000000000000000000, 0.9238795325112867385, 1.000000000000000000, 0.9238795325112867385, 1.000000000000000000, 0.9238795325112867385, 1.000000000000000000, 0.9238795325112867385, 1.000000000000000000, 0.9238795325112867385, 1.000000000000000000, 0.9238795325112867385, 1.000000000000000000, 0.9238795325112867385, 1.000000000000000000, 0.9238795325112867385, 1.000000000000000000, 0.9238795325112867385, 1.000000000000000000, 0.9238795325112867385, 1.000000000000000000, 0.9238795325112867385, 1.000000000000000000, 0.9238795325112867385, 1.000000000000000000, 0.9238795325112867385, 1.000000000000000000, 0.9238795325112867385, 1.000000000000000000, 0.9238795325112867385, 1.000000000000000000, 0.9238795325112867385, 1.000000000000000000, 0.9238795325112867385, 1.000000000000000000, 0.9238795325112867385, 1.000000000000000000, 0.9238795325112867385, 1.000000000000000000, 0.9238795325112867385, 1.000000000000000000, 0.9238795325112867385, 1.000000000000000000, 0.9238795325112867385, 1.000000000000000000, 0.9238795325112867385, 1.000000000000000000, 0.9238795325112867385, 1.000000000000000000, 0.9238795325112867385, 1.000000000000000000, 0.9238795325112867385, 1.000000000000000000, 0.9238795325112867385, 1.000000000000000000, 0.9238795325112867385, 1.000000000000000000, 0.9238795325112867385, 1.000000000000000000, 0.9238795325112867385, 1.000000000000000000, 0.9238795325112867385, 1.000000000000000000),
 ( 1.000000000000000000, 0.9238795325112867385, 1.000000000000000000, 0.9238795325112867385, 1.000000000000000000, 0.9238795325112867385, 1.000000000000000000, 0.9238795325112867385, 1.000000000000000000, 0.9238795325112867385, 1.000000000000000000, 0.9238795325112867385, 1.000000000000000000, 0.9238795325112867385, 1.000000000000000000, 0.9238795325112867385, 1.000000000000000000, 0.9238795325112867385, 1.000000000000000000, 0.9238795325112867385, 1.000000000000000000, 0.9238795325112867385, 1.000000000000000000, 0.9238795325112867385, 1.000000000000000000, 0.9238795325112867385, 1.000000000000000000, 0.9238795325112867385, 1.000000000000000000, 0.9238795325112867385, 1.000000000000000000, 0.9238795325112867385, 1.000000000000000000, 0.9238795325112867385, 1.000000000000000000, 0.9238795325112867385, 1.000000000000000000, 0.9238795325112867385, 1.000000000000000000, 0.9238795325112867385, 1.000000000000000000, 0.9238795325112867385, 1.000000000000000000, 0.9238795325112867385, 1.000000000000000000, 0.9238795325112867385, 1.000000000000000000, 0.9238795325112867385, 1.000000000000000000, 0.9238795325112867385, 1.000000000000000000, 0.9238795325112867385, 1.000000000000000000, 0.9238795325112867385, 1.000000000000000000, 0.9238795325112867385, 1.000000000000000000, 0.9238795325112867385, 1.000000000000000000, 0.9238795325112867385, 1.000000000000000000, 0.9238795325112867385, 1.000000000000000000, 0.9238795325112867385, 1.000000000000000000, 0.9238795325112867385, 1.000000000000000000, 0.9238795325112867385, 1.000000000000000000, 0.9238795325112867385, 1.000000000000000000, 0.9238795325112867385, 1.000000000000000000, 0.9238795325112867385, 1.000000000000000000, 0.9238795325112867385, 1.000000000000000000, 0.9238795325112867385, 1.000000000000000000, 0.9238795325112867385, 1.000000000000000000, 0.9238795325112867385, 1.000000000000000000, 0.9238795325112867385, 1.000000000000000000, 0.9238795325112867385, 1.000000000000000000, 0.9238795325112867385, 1.000000000000000000, 0.9238795325112867385, 1.000000000000000000, 0.9238795325112867385, 1.000000000000000000, 0.9238795325112867385, 1.000000000000000000, 0.9238795325112867385, 1.000000000000000000, 0.9238795325112867385, 1.000000000000000000, 0.9238795325112867385, 1.000000000000000000, 0.9238795325112867385, 1.000000000000000000, 0.9238795325112867385, 1.000000000000000000, 0.9238795325112867385, 1.000000000000000000, 0.9238795325112867385, 1.000000000000000000, 0.9238795325112867385, 1.000000000000000000, 0.9238795325112867385, 1.000000000000000000, 0.9238795325112867385, 1.000000000000000000, 0.9238795325112867385, 1.000000000000000000, 0.9238795325112867385, 1.000000000000000000, 0.9238795325112867385, 1.000000000000000000, 0.9238795325112867385, 1.000000000000000000, 0.9238795325112867385, 1.000000000000000000, 0.9238795325112867385, 1.000000000000000000, 0.9238795325112867385, 1.000000000000000000, 0.9238795325112867385, 1.000000000000000000, 0.9238795325112867385, 1.000000000000000000, 0.9238795325112867385, 1.000000000000000000, 0.9238795325112867385, 1.000000000000000000, 0.9238795325112867385, 1.000000000000000000, 0.9238795325112867385, 1.000000000000000000, 0.9238795325112867385, 1.000000000000000000, 0.9238795325112867385, 1.000000000000000000, 0.9238795325112867385, 1.000000000000000000, 0.9238795325112867385, 1.000000000000000000, 0.9238795325112867385, 1.000000000000000000, 0.9238795325112867385, 1.000000000000000000, 0.9238795325112867385, 1.000000000000000000, 0.9238795325112867385, 1.000000000000000000, 0.9238795325112867385, 1.000000000000000000, 0.9238795325112867385, 1.000000000000000000, 0.9238795325112867385, 1.000000000000000000, 0.9238795325112867385, 1.000000000000000000, 0.9238795325112867385, 1.000000000000000000, 0.9238795325112867385, 1.000000000000000000, 0.9238795325112867385, 1.000000000000000000, 0.9238795325112867385, 1.000000000000000000, 0.9238795325112867385, 1.000000000000000000, 0.9238795325112867385, 1.000000000000000000, 0.9238795325112867385, 1.000000000000000000, 0.9238795325112867385, 1.000000000000000000, 0.9238795325112867385, 1.000000000000000000, 0.9238795325112867385, 1.000000000000000000, 0.9238795325112867385, 1.000000000000000000, 0.9238795325112867385, 1.000000000000000000, 0.9238795325112867385, 1.000000000000000000, 0.9238795325112867385, 1.000000000000000000, 0.9238795325112867385, 1.000000000000000000, 0.9238795325112867385, 1.000000000000000000, 0.9238795325112867385, 1.000000000000000000, 0.9238795325112867385, 1.000000000000000000) ) ) 
 REPRESENTATION_ITEM ( '' )  SURFACE ( )  );
#172 = CARTESIAN_POINT ( 'NONE',  ( 0.09185948719544581587, 0.08437500000000004718, -0.03804944542899061505 ) ) ;
#173 = CARTESIAN_POINT ( 'NONE',  ( 0.1250000000000002220, -0.09062499999999999722, -0.05177669529663629644 ) ) ;
#174 = DIRECTION ( 'NONE',  ( -1.224646799147352468E-16, 1.000000000000000000, -0.000000000000000000 ) ) ;
#175 = CIRCLE ( 'NONE', #649, 0.2916666666666666297 ) ;
#176 = VECTOR ( 'NONE', #543, 39.37007874015748143 ) ;
#177 = CARTESIAN_POINT ( 'NONE',  ( 0.1245213784391218659, 0.2501742040016377011, -0.007372919429793448574 ) ) ;
#178 = CARTESIAN_POINT ( 'NONE',  ( -0.03804944542899062199, 0.04062500000000000833, -0.09185948719544587138 ) ) ;
#179 = CARTESIAN_POINT ( 'NONE',  ( -0.05177669529663627562, 0.5156250000000001110, -0.1250000000000002776 ) ) ;
#180 = CARTESIAN_POINT ( 'NONE',  ( -0.06495446631221798994, 0.2937500000000000111, -0.06495446631221887812 ) ) ;
#181 = CARTESIAN_POINT ( 'NONE',  ( 0.001275499217253389791, 0.01155148799667672296, -0.1238070273961313361 ) ) ;
#182 = CARTESIAN_POINT ( 'NONE',  ( -6.791301097954400183E-16, 0.2187500000000000278, 0.09185948719544560770 ) ) ;
#183 = CARTESIAN_POINT ( 'NONE',  ( 0.09185948719544557994, 0.3812500000000000888, 6.600460013358639369E-16 ) ) ;
#184 = CARTESIAN_POINT ( 'NONE',  ( -0.06495446631221798994, 0.4500000000000000666, -0.06495446631221887812 ) ) ;
#185 = CARTESIAN_POINT ( 'NONE',  ( -0.1250000000000000278, 0.03125000000000002776, -6.508257297857520307E-16 ) ) ;
#186 = FACE_OUTER_BOUND ( 'NONE', #545, .T. ) ;
#187 = EDGE_CURVE ( 'NONE', #439, #67, #600, .T. ) ;
#188 = CARTESIAN_POINT ( 'NONE',  ( -0.09185948719544588525, 0.5031250000000001554, 0.03804944542899058035 ) ) ;
#189 = CARTESIAN_POINT ( 'NONE',  ( -0.07182837658994362107, 0.02397628744976131390, 0.08495080930831196142 ) ) ;
#190 = CARTESIAN_POINT ( 'NONE',  ( -0.03804944542899062199, 0.09062499999999999722, -0.09185948719544587138 ) ) ;
#191 = CARTESIAN_POINT ( 'NONE',  ( -0.08838834764831891844, 0.4312500000000000777, 0.08838834764831796087 ) ) ;
#192 = CARTESIAN_POINT ( 'NONE',  ( -0.09185948719544562158, 0.3500000000000000888, -6.487964586393420021E-16 ) ) ;
#193 = PLANE ( 'NONE',  #698 ) ;
#194 = CARTESIAN_POINT ( 'NONE',  ( 0.03804944542899054566, 0.1718750000000000278, 0.09185948719544589913 ) ) ;
#195 = DIRECTION ( 'NONE',  ( -1.000000000000000000, -4.939539904345632987E-16, 0.000000000000000000 ) ) ;
#196 = CARTESIAN_POINT ( 'NONE',  ( -0.1250000000000000278, -0.07499999999999998335, -6.508257297857520307E-16 ) ) ;
#197 = CARTESIAN_POINT ( 'NONE',  ( 0.09185948719544530239, 0.3781250000000001554, 0.03804944542899193344 ) ) ;
#198 = CARTESIAN_POINT ( 'NONE',  ( -0.1250000000000000278, -0.1187499999999999806, -6.508257297857520307E-16 ) ) ;
#199 = CYLINDRICAL_SURFACE ( 'NONE', #1969, 0.3749999999999991673 ) ;
#200 = ADVANCED_FACE ( 'NONE', ( #1755 ), #171, .F. ) ;
#201 = EDGE_LOOP ( 'NONE', ( #1874, #701, #2634 ) ) ;
#202 = CARTESIAN_POINT ( 'NONE',  ( 0.1077161164559758827, 0.2514862730153765158, -0.05541546759177061465 ) ) ;
#203 = CARTESIAN_POINT ( 'NONE',  ( 0.09185948719544557994, 0.1250000000000000278, 6.600460013358639369E-16 ) ) ;
#204 = CARTESIAN_POINT ( 'NONE',  ( 0.06495446631221886424, -0.06874999999999999167, -0.06495446631221794831 ) ) ;
#205 = CARTESIAN_POINT ( 'NONE',  ( 0.05177669529663758013, 0.4593750000000000888, -0.1249999999999996947 ) ) ;
#206 = CARTESIAN_POINT ( 'NONE',  ( 0.09185948719544530239, 0.2718750000000000888, 0.03804944542899193344 ) ) ;
#207 = DIRECTION ( 'NONE',  ( -1.224646799147352468E-16, 1.000000000000000000, -0.000000000000000000 ) ) ;
#208 = DIRECTION ( 'NONE',  ( -1.000000000000000000, -4.939539904345633974E-16, 0.000000000000000000 ) ) ;
#209 = ORIENTED_EDGE ( 'NONE', *, *, #2172, .T. ) ;
#210 = CARTESIAN_POINT ( 'NONE',  ( -0.09185948719544534402, 0.4031250000000000111, -0.03804944542899188487 ) ) ;
#211 = CARTESIAN_POINT ( 'NONE',  ( -0.08838834764831893231, -0.01249999999999996947, 0.08838834764831798863 ) ) ;
#212 = CARTESIAN_POINT ( 'NONE',  ( -0.005268428489232412741, 0.2620621602091942060, 0.09170828233624310488 ) ) ;
#213 = ADVANCED_BREP_SHAPE_REPRESENTATION ( '9546K551_Neoprene Bumper', ( #1630, #770, #380 ), #49 ) ;
#214 = EDGE_LOOP ( 'NONE', ( #1021, #1830 ) ) ;
#215 = DIRECTION ( 'NONE',  ( 4.073082549640102053E-18, -1.000000000000000000, -0.000000000000000000 ) ) ;
#216 = CIRCLE ( 'NONE', #425, 0.2083333333333332871 ) ;
#217 = CARTESIAN_POINT ( 'NONE',  ( -6.791301097954400183E-16, 0.06250000000000001388, 0.09185948719544560770 ) ) ;
#218 = CARTESIAN_POINT ( 'NONE',  ( -0.03804944542899062199, -0.003124999999999983694, -0.09185948719544587138 ) ) ;
#219 = CARTESIAN_POINT ( 'NONE',  ( 6.184628074832439858E-16, 0.3875000000000000111, -0.09185948719544560770 ) ) ;
#220 = VECTOR ( 'NONE', #1434, 39.37007874015748143 ) ;
#221 = DIRECTION ( 'NONE',  ( -1.000000000000000000, -6.556435184794235669E-16, 0.000000000000000000 ) ) ;
#222 = LENGTH_MEASURE_WITH_UNIT ( LENGTH_MEASURE( 0.02539999999999999897 ), #778 );
#223 = ADVANCED_FACE ( 'NONE', ( #955 ), #1776, .F. ) ;
#224 = FACE_BOUND ( 'NONE', #1091, .T. ) ;
#225 = DIRECTION ( 'NONE',  ( -1.224646799147352468E-16, 1.000000000000000000, -0.000000000000000000 ) ) ;
#226 = ORIENTED_EDGE ( 'NONE', *, *, #2197, .F. ) ;
#227 = CARTESIAN_POINT ( 'NONE',  ( -0.09185948719544562158, 0.4562500000000000999, -6.487964586393420021E-16 ) ) ;
#228 = CARTESIAN_POINT ( 'NONE',  ( -0.1249999999999997780, 0.1781250000000000333, -0.05177669529663754544 ) ) ;
#229 = CARTESIAN_POINT ( 'NONE',  ( 0.04745902574771380944, 0.04083284516948943593, -0.08155126067859641559 ) ) ;
#230 = EDGE_LOOP ( 'NONE', ( #2296, #1675, #1272, #1683, #396, #39, #811, #1478 ) ) ;
#231 = CARTESIAN_POINT ( 'NONE',  ( -0.2083333333333332316, 0.3454962792832758089, 0.000000000000000000 ) ) ;
#232 = CARTESIAN_POINT ( 'NONE',  ( 0.09185948719544581587, -0.07187500000000000833, -0.03804944542899061505 ) ) ;
#233 = CARTESIAN_POINT ( 'NONE',  ( 6.184628074832439858E-16, -0.05624999999999998751, -0.09185948719544560770 ) ) ;
#234 = CARTESIAN_POINT ( 'NONE',  ( 0.03804944542899054566, 0.4656250000000000111, 0.09185948719544588525 ) ) ;
#235 = CARTESIAN_POINT ( 'NONE',  ( 4.338764235260780738E-20, 0.2499999999999999722, 0.000000000000000000 ) ) ;
#236 =( NAMED_UNIT ( * ) PLANE_ANGLE_UNIT ( ) SI_UNIT ( $, .RADIAN. ) );
#237 = CARTESIAN_POINT ( 'NONE',  ( 1.265312407244638509E-18, -0.05000000000000000971, 0.000000000000000000 ) ) ;
#238 = ADVANCED_FACE ( 'NONE', ( #2245 ), #2443, .F. ) ;
#239 = CARTESIAN_POINT ( 'NONE',  ( -0.1250000000000002776, -0.02187499999999997780, 0.05177669529663624093 ) ) ;
#240 = ORIENTED_EDGE ( 'NONE', *, *, #2038, .T. ) ;
#241 = CARTESIAN_POINT ( 'NONE',  ( -0.03804944542899062199, 0.2968750000000000000, -0.09185948719544587138 ) ) ;
#242 = CARTESIAN_POINT ( 'NONE',  ( 0.08838834764831796087, 0.1000000000000000472, 0.08838834764831893231 ) ) ;
#243 = CARTESIAN_POINT ( 'NONE',  ( 0.1250000000000002498, 0.05937500000000005274, -0.05177669529663628950 ) ) ;
#244 = VERTEX_POINT ( 'NONE', #1215 ) ;
#245 = CARTESIAN_POINT ( 'NONE',  ( -0.03804944542899191262, 0.05937500000000003192, 0.09185948719544533014 ) ) ;
#246 = CARTESIAN_POINT ( 'NONE',  ( -0.06495446631221890588, 0.2562500000000000888, 0.06495446631221796219 ) ) ;
#247 = CARTESIAN_POINT ( 'NONE',  ( -0.09185948719544562158, -0.04374999999999998335, -6.487964586393420021E-16 ) ) ;
#248 = CYLINDRICAL_SURFACE ( 'NONE', #482, 0.1250000000000000000 ) ;
#249 = PERSON_AND_ORGANIZATION ( #152, #731 ) ;
#250 = CARTESIAN_POINT ( 'NONE',  ( 0.08906862516108852990, 0.01492257171331190513, -0.08094778214125236682 ) ) ;
#251 = CARTESIAN_POINT ( 'NONE',  ( -0.1250000000000000278, 0.1250000000000000278, -6.508257297857520307E-16 ) ) ;
#252 = VERTEX_POINT ( 'NONE', #1449 ) ;
#253 = CARTESIAN_POINT ( 'NONE',  ( -0.09185948719544562158, -0.09999999999999999167, -6.487964586393420021E-16 ) ) ;
#254 = CARTESIAN_POINT ( 'NONE',  ( 0.1250000000000000000, 0.2062500000000000167, 6.661338147750940229E-16 ) ) ;
#255 = CARTESIAN_POINT ( 'NONE',  ( -0.03804944542899062199, -0.003124999999999983694, -0.09185948719544587138 ) ) ;
#256 = ORIENTED_EDGE ( 'NONE', *, *, #984, .T. ) ;
#257 = CARTESIAN_POINT ( 'NONE',  ( -0.06495446631221798994, 0.1437500000000000444, -0.06495446631221887812 ) ) ;
#258 = CARTESIAN_POINT ( 'NONE',  ( -0.06495446631221798994, 0.1937500000000000056, -0.06495446631221887812 ) ) ;
#259 = CARTESIAN_POINT ( 'NONE',  ( -0.03804944542899062199, 0.09687500000000000278, -0.09185948719544587138 ) ) ;
#260 = CARTESIAN_POINT ( 'NONE',  ( 1.265312407244638509E-18, -0.05000000000000000971, 0.000000000000000000 ) ) ;
#261 = AXIS2_PLACEMENT_3D ( 'NONE', #1155, #2525, #872 ) ;
#262 = CARTESIAN_POINT ( 'NONE',  ( -0.01252594315691195684, 0.03227927746978596218, -0.1022760335633997042 ) ) ;
#263 = CARTESIAN_POINT ( 'NONE',  ( -0.1250000000000000278, -0.02499999999999998057, -6.508257297857520307E-16 ) ) ;
#264 = VERTEX_POINT ( 'NONE', #790 ) ;
#265 = CARTESIAN_POINT ( 'NONE',  ( 0.09185948719544530239, -0.07812499999999998612, 0.03804944542899193344 ) ) ;
#266 = CARTESIAN_POINT ( 'NONE',  ( -0.1250000000000000278, 0.1312500000000000611, -6.508257297857520307E-16 ) ) ;
#267 = CARTESIAN_POINT ( 'NONE',  ( -0.08838834764831893231, 0.08750000000000003608, 0.08838834764831798863 ) ) ;
#268 = CARTESIAN_POINT ( 'NONE',  ( 0.09185948719544557994, 0.2812500000000000555, 6.600460013358639369E-16 ) ) ;
#269 = CARTESIAN_POINT ( 'NONE',  ( -0.09185948719544562158, 0.05625000000000001527, -6.487964586393420021E-16 ) ) ;
#270 = VERTEX_POINT ( 'NONE', #1245 ) ;
#271 = CARTESIAN_POINT ( 'NONE',  ( 0.06495446631221886424, 0.3312500000000000444, -0.06495446631221794831 ) ) ;
#272 = DIRECTION ( 'NONE',  ( 4.073082549640102053E-18, -1.000000000000000000, -0.000000000000000000 ) ) ;
#273 = CARTESIAN_POINT ( 'NONE',  ( -0.03804944542899062199, 0.2906250000000000222, -0.09185948719544587138 ) ) ;
#274 = CARTESIAN_POINT ( 'NONE',  ( 0.09185948719544530239, -0.07187500000000000833, 0.03804944542899193344 ) ) ;
#275 = CARTESIAN_POINT ( 'NONE',  ( 1.265312407244638509E-18, -0.05000000000000000971, 0.000000000000000000 ) ) ;
#276 = CARTESIAN_POINT ( 'NONE',  ( -0.1250000000000000278, 0.1750000000000000444, -6.508257297857520307E-16 ) ) ;
#277 = CARTESIAN_POINT ( 'NONE',  ( -0.08838834764831891844, -0.01874999999999997849, 0.08838834764831796087 ) ) ;
#278 = ORIENTED_EDGE ( 'NONE', *, *, #1033, .T. ) ;
#279 = CARTESIAN_POINT ( 'NONE',  ( 0.06495446631221886424, 0.4875000000000000444, -0.06495446631221794831 ) ) ;
#280 = CARTESIAN_POINT ( 'NONE',  ( -0.05177669529663757320, 0.1406250000000000555, 0.1249999999999997780 ) ) ;
#281 = CARTESIAN_POINT ( 'NONE',  ( -0.09185948719544562158, 0.1562500000000000278, -6.487964586393420021E-16 ) ) ;
#282 = CARTESIAN_POINT ( 'NONE',  ( 0.03804944542899054566, 0.02187500000000002290, 0.09185948719544588525 ) ) ;
#283 = EDGE_LOOP ( 'NONE', ( #2492, #1041, #2501, #2252 ) ) ;
#284 = CARTESIAN_POINT ( 'NONE',  ( -0.06495446631221798994, 0.4937500000000000222, -0.06495446631221887812 ) ) ;
#285 = CARTESIAN_POINT ( 'NONE',  ( -0.09185948719544562158, 0.1500000000000000500, -6.487964586393420021E-16 ) ) ;
#286 = ADVANCED_FACE ( 'NONE', ( #2645 ), #993, .F. ) ;
#287 = CARTESIAN_POINT ( 'NONE',  ( -0.06495446631221890588, 0.1062500000000000250, 0.06495446631221796219 ) ) ;
#288 = CARTESIAN_POINT ( 'NONE',  ( -0.05177669529663627562, 0.1656250000000000222, -0.1250000000000002776 ) ) ;
#289 = CARTESIAN_POINT ( 'NONE',  ( 6.184628074832439858E-16, 0.1187500000000000500, -0.1250000000000000278 ) ) ;
#290 = CARTESIAN_POINT ( 'NONE',  ( 0.05177669529663758013, 0.2093750000000000611, -0.1249999999999996947 ) ) ;
#291 = ORIENTED_EDGE ( 'NONE', *, *, #1387, .F. ) ;
#292 = CARTESIAN_POINT ( 'NONE',  ( -0.06495446631221798994, 0.5000000000000001110, -0.06495446631221887812 ) ) ;
#293 = CARTESIAN_POINT ( 'NONE',  ( -0.08838834764831893231, 0.2875000000000000333, 0.08838834764831798863 ) ) ;
#294 = CARTESIAN_POINT ( 'NONE',  ( 0.08838834764831890456, 0.05625000000000002914, -0.08838834764831796087 ) ) ;
#295 = CARTESIAN_POINT ( 'NONE',  ( 0.03804944542899192650, 0.2906250000000000777, -0.09185948719544533014 ) ) ;
#296 = CARTESIAN_POINT ( 'NONE',  ( 0.09185948719544557994, 0.03125000000000002776, 6.600460013358639369E-16 ) ) ;
#297 = ORIENTED_EDGE ( 'NONE', *, *, #157, .T. ) ;
#298 = CARTESIAN_POINT ( 'NONE',  ( -0.03804944542899061505, 0.2406250000000000056, -0.09185948719544587138 ) ) ;
#299 = CARTESIAN_POINT ( 'NONE',  ( 0.09185948719544530239, 0.2218750000000000444, 0.03804944542899193344 ) ) ;
#300 = CARTESIAN_POINT ( 'NONE',  ( -0.06454192405751818518, 0.2620621602091758873, 0.06564453981594541021 ) ) ;
#301 = DIRECTION ( 'NONE',  ( -1.000000000000000000, -1.224646799147352221E-16, 0.000000000000000000 ) ) ;
#302 = CARTESIAN_POINT ( 'NONE',  ( -6.831886520882599770E-16, 0.2375000000000000167, 0.1250000000000000000 ) ) ;
#303 = CARTESIAN_POINT ( 'NONE',  ( 0.09185948719544581587, -0.02187499999999998820, -0.03804944542899061505 ) ) ;
#304 = EDGE_CURVE ( 'NONE', #244, #1745, #2076, .T. ) ;
#305 = CARTESIAN_POINT ( 'NONE',  ( -0.1249999999999997780, 0.4281250000000000333, -0.05177669529663754544 ) ) ;
#306 = CARTESIAN_POINT ( 'NONE',  ( 0.06495446631221793443, 0.1250000000000000278, 0.06495446631221887812 ) ) ;
#307 = AXIS2_PLACEMENT_3D ( 'NONE', #888, #2297, #2184 ) ;
#308 = CARTESIAN_POINT ( 'NONE',  ( 0.06495446631221793443, 0.3250000000000000111, 0.06495446631221887812 ) ) ;
#309 = CARTESIAN_POINT ( 'NONE',  ( -0.03804944542899191262, -0.08437499999999999167, 0.09185948719544533014 ) ) ;
#310 = CIRCLE ( 'NONE', #2579, 0.2916666666666666297 ) ;
#311 = CONICAL_SURFACE ( 'NONE', #1156, 0.1349999999999999811, 0.7853981633974482790 ) ;
#312 = ORIENTED_EDGE ( 'NONE', *, *, #2537, .T. ) ;
#313 = CARTESIAN_POINT ( 'NONE',  ( -1.419224588696551800E-19, 0.2954962792832758200, 0.000000000000000000 ) ) ;
#314 = CARTESIAN_POINT ( 'NONE',  ( -0.1250000000000002776, 0.1781250000000000333, 0.05177669529663624093 ) ) ;
#315 = CARTESIAN_POINT ( 'NONE',  ( 0.09185948719544581587, 0.07812500000000002776, -0.03804944542899061505 ) ) ;
#316 = CARTESIAN_POINT ( 'NONE',  ( 0.08838834764831890456, 0.4625000000000000777, -0.08838834764831796087 ) ) ;
#317 = CARTESIAN_POINT ( 'NONE',  ( 3.422933369255121095E-17, 0.3454962792832757534, 0.000000000000000000 ) ) ;
#318 = EDGE_CURVE ( 'NONE', #1698, #1436, #9, .T. ) ;
#319 = CARTESIAN_POINT ( 'NONE',  ( -0.03804944542899191262, 0.2156250000000000389, 0.09185948719544533014 ) ) ;
#320 = CARTESIAN_POINT ( 'NONE',  ( -0.03804944542899191262, 0.2156250000000000389, 0.09185948719544533014 ) ) ;
#321 = VERTEX_POINT ( 'NONE', #446 ) ;
#322 = DIRECTION ( 'NONE',  ( -4.939539904345632987E-16, 1.000000000000000000, -0.000000000000000000 ) ) ;
#323 = DIRECTION ( 'NONE',  ( 4.073082549640102053E-18, -1.000000000000000000, -0.000000000000000000 ) ) ;
#324 = CARTESIAN_POINT ( 'NONE',  ( 0.08838834764831889068, 0.2562500000000000888, -0.08838834764831794699 ) ) ;
#325 = CARTESIAN_POINT ( 'NONE',  ( -0.09185948719544588525, 0.1531250000000000111, 0.03804944542899058035 ) ) ;
#326 = CARTESIAN_POINT ( 'NONE',  ( -0.1250000000000000278, 0.4312500000000000777, -6.508257297857520307E-16 ) ) ;
#327 = CARTESIAN_POINT ( 'NONE',  ( 0.09185948719544582974, 0.1343750000000000222, -0.03804944542899061505 ) ) ;
#328 = CARTESIAN_POINT ( 'NONE',  ( -0.09185948719544588525, 0.5093750000000000222, 0.03804944542899058035 ) ) ;
#329 = CARTESIAN_POINT ( 'NONE',  ( -0.06495446631221890588, 0.2625000000000000666, 0.06495446631221796219 ) ) ;
#330 = CARTESIAN_POINT ( 'NONE',  ( 0.06495446631221886424, 0.4312500000000000777, -0.06495446631221794831 ) ) ;
#331 = CARTESIAN_POINT ( 'NONE',  ( -0.1249999999999997780, -0.07812499999999998612, -0.05177669529663754544 ) ) ;
#332 = FACE_OUTER_BOUND ( 'NONE', #1860, .T. ) ;
#333 = CARTESIAN_POINT ( 'NONE',  ( 6.633503495381493355E-17, 0.08333333333333331483, 0.000000000000000000 ) ) ;
#334 = CARTESIAN_POINT ( 'NONE',  ( -0.1249999999999997780, 0.2718750000000000888, -0.05177669529663754544 ) ) ;
#335 = CARTESIAN_POINT ( 'NONE',  ( -6.791301097954400183E-16, 0.06250000000000001388, 0.09185948719544560770 ) ) ;
#336 = CARTESIAN_POINT ( 'NONE',  ( -0.1250000000000003053, 0.3343750000000000333, 0.05177669529663625481 ) ) ;
#337 = CARTESIAN_POINT ( 'NONE',  ( 0.03804944542899054566, 0.07187500000000003608, 0.09185948719544589913 ) ) ;
#338 = CARTESIAN_POINT ( 'NONE',  ( 0.03804944542899192650, 0.3406250000000000111, -0.09185948719544533014 ) ) ;
#339 = ORIENTED_EDGE ( 'NONE', *, *, #1143, .T. ) ;
#340 = CARTESIAN_POINT ( 'NONE',  ( -0.03804944542899062199, 0.1468750000000000333, -0.09185948719544587138 ) ) ;
#341 = CARTESIAN_POINT ( 'NONE',  ( -0.03804944542899062199, 0.4406249999999999889, -0.09185948719544587138 ) ) ;
#342 = CARTESIAN_POINT ( 'NONE',  ( 0.06495446631221793443, 0.2187500000000000555, 0.06495446631221887812 ) ) ;
#343 = CC_DESIGN_PERSON_AND_ORGANIZATION_ASSIGNMENT ( #249, #1019, ( #941 ) ) ;
#344 = CARTESIAN_POINT ( 'NONE',  ( 0.2916666666666666852, 0.08333333333333334259, 3.571886497513112186E-17 ) ) ;
#345 = APPROVAL_PERSON_ORGANIZATION ( #416, #1887, #2482 ) ;
#346 = AXIS2_PLACEMENT_3D ( 'NONE', #2415, #1782, #1592 ) ;
#347 = ADVANCED_FACE ( 'NONE', ( #847, #2431 ), #2484, .F. ) ;
#348 = CARTESIAN_POINT ( 'NONE',  ( -0.03804944542899062199, 0.4906250000000000333, -0.09185948719544587138 ) ) ;
#349 = CARTESIAN_POINT ( 'NONE',  ( -0.09185948719544534402, -0.1031249999999999944, -0.03804944542899188487 ) ) ;
#350 = CARTESIAN_POINT ( 'NONE',  ( 0.1249999999999996669, 0.3968750000000001443, 0.05177669529663759401 ) ) ;
#351 = CARTESIAN_POINT ( 'NONE',  ( 6.184628074832439858E-16, 0.1875000000000000278, -0.09185948719544560770 ) ) ;
#352 = LINE ( 'NONE', #1175, #1803 ) ;
#353 = CARTESIAN_POINT ( 'NONE',  ( -0.03804944542899061505, 0.2468750000000000389, -0.09185948719544587138 ) ) ;
#354 = CARTESIAN_POINT ( 'NONE',  ( -0.03804944542899062199, 0.3968750000000001443, -0.09185948719544587138 ) ) ;
#355 = CARTESIAN_POINT ( 'NONE',  ( -0.06495446631221890588, 0.1625000000000000333, 0.06495446631221796219 ) ) ;
#356 = CARTESIAN_POINT ( 'NONE',  ( -0.03804944542899062199, 0.3906250000000000000, -0.09185948719544587138 ) ) ;
#357 = CARTESIAN_POINT ( 'NONE',  ( 0.1250000000000000000, 0.1562500000000000833, 6.661338147750940229E-16 ) ) ;
#358 = CARTESIAN_POINT ( 'NONE',  ( -0.05790616644513711664, 0.2566888921006574842, -0.08982873188525714037 ) ) ;
#359 = CARTESIAN_POINT ( 'NONE',  ( 0.1250000000000000000, 0.1062500000000000389, 6.661338147750940229E-16 ) ) ;
#360 = CARTESIAN_POINT ( 'NONE',  ( -6.831886520882599770E-16, 0.3875000000000000111, 0.1250000000000000000 ) ) ;
#361 = CARTESIAN_POINT ( 'NONE',  ( -0.06495446631221890588, 0.05625000000000001527, 0.06495446631221796219 ) ) ;
#362 = CYLINDRICAL_SURFACE ( 'NONE', #2235, 0.1250000000000000000 ) ;
#363 = CARTESIAN_POINT ( 'NONE',  ( 0.1114850319578778726, 0.01000000000000011817, -0.05653395129787894269 ) ) ;
#364 = CARTESIAN_POINT ( 'NONE',  ( 0.03804944542899192650, 0.3906250000000000555, -0.09185948719544533014 ) ) ;
#365 = EDGE_LOOP ( 'NONE', ( #18, #1856 ) ) ;
#366 = CARTESIAN_POINT ( 'NONE',  ( 0.03804944542899192650, 0.09062500000000003886, -0.09185948719544533014 ) ) ;
#367 = CARTESIAN_POINT ( 'NONE',  ( 0.05177669529663758707, -0.03437499999999996808, -0.1249999999999997363 ) ) ;
#368 = CARTESIAN_POINT ( 'NONE',  ( -0.05177669529663757320, 0.1406250000000000278, 0.1249999999999997780 ) ) ;
#369 = CARTESIAN_POINT ( 'NONE',  ( 0.06495446631221793443, 0.4687500000000000000, 0.06495446631221887812 ) ) ;
#370 = CARTESIAN_POINT ( 'NONE',  ( 6.184628074832439858E-16, -0.06249999999999999306, -0.09185948719544560770 ) ) ;
#371 = CARTESIAN_POINT ( 'NONE',  ( 0.1249999999999999861, 0.5000000000000001110, 6.661338147750940229E-16 ) ) ;
#372 = CARTESIAN_POINT ( 'NONE',  ( 0.03804944542899192650, 0.3343750000000000333, -0.09185948719544533014 ) ) ;
#373 = LINE ( 'NONE', #1186, #912 ) ;
#374 = LINE ( 'NONE', #605, #1673 ) ;
#375 = CARTESIAN_POINT ( 'NONE',  ( 0.03804944542899054566, 0.3718750000000000666, 0.09185948719544588525 ) ) ;
#376 = EDGE_CURVE ( 'NONE', #694, #31, #1026, .T. ) ;
#377 = CARTESIAN_POINT ( 'NONE',  ( 0.09185948719544530239, 0.4281250000000000333, 0.03804944542899193344 ) ) ;
#378 = CARTESIAN_POINT ( 'NONE',  ( 0.05177669529663619236, -0.003124999999999966346, 0.1250000000000003331 ) ) ;
#379 = LINE ( 'NONE', #2398, #1281 ) ;
#380 = AXIS2_PLACEMENT_3D ( 'NONE', #2061, #1433, #2470 ) ;
#381 = CARTESIAN_POINT ( 'NONE',  ( 0.08697878031459713166, 0.03268763349877412683, 0.05432862738355521970 ) ) ;
#382 = CARTESIAN_POINT ( 'NONE',  ( 0.04773918722364813710, 0.02996512670941476469, 0.09382108480998770095 ) ) ;
#383 = CARTESIAN_POINT ( 'NONE',  ( 0.09185948719544581587, 0.07812500000000002776, -0.03804944542899061505 ) ) ;
#384 = CARTESIAN_POINT ( 'NONE',  ( 0.05177669529663758013, 0.4093750000000000444, -0.1249999999999996947 ) ) ;
#385 = AXIS2_PLACEMENT_3D ( 'NONE', #503, #919, #1314 ) ;
#386 = CARTESIAN_POINT ( 'NONE',  ( 0.09185948719544581587, 0.3781250000000001554, -0.03804944542899061505 ) ) ;
#387 = DIRECTION ( 'NONE',  ( 1.000000000000000000, 4.073082549640094349E-18, 0.000000000000000000 ) ) ;
#388 = CARTESIAN_POINT ( 'NONE',  ( -0.03804944542899191262, 0.2156250000000000389, 0.09185948719544533014 ) ) ;
#389 = PRODUCT ( '9546K551_Neoprene Bumper', '9546K551_Neoprene Bumper', '', ( #403 ) ) ;
#390 = CARTESIAN_POINT ( 'NONE',  ( -0.1250000000000000278, 0.1250000000000000278, -6.508257297857520307E-16 ) ) ;
#391 = CARTESIAN_POINT ( 'NONE',  ( 0.1249999999999999861, -0.04999999999999998890, 6.661338147750940229E-16 ) ) ;
#392 = CARTESIAN_POINT ( 'NONE',  ( -0.03804944542899062199, 0.3468750000000000444, -0.09185948719544587138 ) ) ;
#393 = CARTESIAN_POINT ( 'NONE',  ( -0.05177669529663757320, 0.04062500000000004996, 0.1249999999999997780 ) ) ;
#394 = CARTESIAN_POINT ( 'NONE',  ( 0.000000000000000000, 0.6250000000000000000, 0.000000000000000000 ) ) ;
#395 = EDGE_CURVE ( 'NONE', #161, #1905, #1073, .T. ) ;
#396 = ORIENTED_EDGE ( 'NONE', *, *, #2413, .F. ) ;
#397 = CARTESIAN_POINT ( 'NONE',  ( -0.06495446631221798994, 0.4937500000000000222, -0.06495446631221887812 ) ) ;
#398 = CARTESIAN_POINT ( 'NONE',  ( 1.265312407244638509E-18, -0.05000000000000000971, 0.000000000000000000 ) ) ;
#399 = CARTESIAN_POINT ( 'NONE',  ( 6.184628074832439858E-16, 0.03750000000000001249, -0.09185948719544560770 ) ) ;
#400 = CARTESIAN_POINT ( 'NONE',  ( -0.05177669529663755932, 0.3843750000000000222, 0.1249999999999997502 ) ) ;
#401 = CARTESIAN_POINT ( 'NONE',  ( 6.184628074832439858E-16, 0.3375000000000000222, -0.09185948719544560770 ) ) ;
#402 = DIRECTION ( 'NONE',  ( 1.000000000000000000, 0.000000000000000000, 0.000000000000000000 ) ) ;
#403 = MECHANICAL_CONTEXT ( 'NONE', #2209, 'mechanical' ) ;
#404 = CARTESIAN_POINT ( 'NONE',  ( 1.265312407244638509E-18, -0.05000000000000000971, 0.000000000000000000 ) ) ;
#405 = VERTEX_POINT ( 'NONE', #2260 ) ;
#406 = CARTESIAN_POINT ( 'NONE',  ( 0.03804944542899192650, 0.4406249999999999889, -0.09185948719544533014 ) ) ;
#407 = CARTESIAN_POINT ( 'NONE',  ( 6.184628074832439858E-16, 0.01875000000000002359, -0.1250000000000000278 ) ) ;
#408 = CYLINDRICAL_SURFACE ( 'NONE', #2366, 0.3749999999999991673 ) ;
#409 = EDGE_CURVE ( 'NONE', #1290, #1317, #629, .T. ) ;
#410 = EDGE_LOOP ( 'NONE', ( #2516, #226 ) ) ;
#411 = CARTESIAN_POINT ( 'NONE',  ( -0.05385471585968171215, 0.02495350313285376806, 0.09622312953323969298 ) ) ;
#412 = CARTESIAN_POINT ( 'NONE',  ( -0.09185948719544562158, 0.05000000000000000971, -6.487964586393420021E-16 ) ) ;
#413 = CARTESIAN_POINT ( 'NONE',  ( 0.03804944542899192650, 0.04062500000000002220, -0.09185948719544533014 ) ) ;
#414 = CARTESIAN_POINT ( 'NONE',  ( -0.06495446631221798994, 0.3437500000000000000, -0.06495446631221887812 ) ) ;
#415 = CARTESIAN_POINT ( 'NONE',  ( -0.08838834764831893231, 0.1312500000000000333, 0.08838834764831798863 ) ) ;
#416 = PERSON_AND_ORGANIZATION ( #152, #731 ) ;
#417 = CARTESIAN_POINT ( 'NONE',  ( -0.1250000000000000278, 0.02500000000000002220, -6.508257297857520307E-16 ) ) ;
#418 = ORIENTED_EDGE ( 'NONE', *, *, #485, .F. ) ;
#419 = CARTESIAN_POINT ( 'NONE',  ( 0.06495446631221793443, 0.3750000000000000555, 0.06495446631221887812 ) ) ;
#420 = CARTESIAN_POINT ( 'NONE',  ( -0.1250000000000000278, 0.1812500000000000222, -6.508257297857520307E-16 ) ) ;
#421 = CARTESIAN_POINT ( 'NONE',  ( 0.05177669529671966725, 0.2468750000000050626, 0.1250000000000003053 ) ) ;
#422 = APPROVAL ( #861, 'UNSPECIFIED' ) ;
#423 = ORIENTED_EDGE ( 'NONE', *, *, #395, .F. ) ;
#424 = CARTESIAN_POINT ( 'NONE',  ( -0.03804944542899061505, 0.09062500000000001110, -0.09185948719544587138 ) ) ;
#425 = AXIS2_PLACEMENT_3D ( 'NONE', #1907, #501, #1312 ) ;
#426 = EDGE_CURVE ( 'NONE', #2034, #2070, #1666, .T. ) ;
#427 = CARTESIAN_POINT ( 'NONE',  ( -0.03804944542899062199, -0.009374999999999985775, -0.09185948719544587138 ) ) ;
#428 = CARTESIAN_POINT ( 'NONE',  ( -6.791301097954400183E-16, 0.01875000000000002359, 0.09185948719544560770 ) ) ;
#429 = CARTESIAN_POINT ( 'NONE',  ( -0.09185948719544562158, 0.4500000000000001221, -6.487964586393420021E-16 ) ) ;
#430 = DIRECTION ( 'NONE',  ( -1.000000000000000000, -1.224646799147352468E-16, 0.000000000000000000 ) ) ;
#431 = DATE_AND_TIME ( #1895, #1622 ) ;
#432 = VECTOR ( 'NONE', #2481, 39.37007874015748143 ) ;
#433 = FACE_OUTER_BOUND ( 'NONE', #1493, .T. ) ;
#434 = CARTESIAN_POINT ( 'NONE',  ( 0.08838834764831794699, 0.1437500000000000444, 0.08838834764831891844 ) ) ;
#435 = ORIENTED_EDGE ( 'NONE', *, *, #2385, .T. ) ;
#436 = CARTESIAN_POINT ( 'NONE',  ( -0.09185948719544534402, 0.3531250000000000777, -0.03804944542899188487 ) ) ;
#437 = CARTESIAN_POINT ( 'NONE',  ( 6.184628074832439858E-16, 0.1687500000000000111, -0.1250000000000000278 ) ) ;
#438 = DIRECTION ( 'NONE',  ( -4.939539904345632987E-16, 1.000000000000000000, -0.000000000000000000 ) ) ;
#439 = VERTEX_POINT ( 'NONE', #1465 ) ;
#440 = CARTESIAN_POINT ( 'NONE',  ( -0.1110139324203539002, 0.02080245793441296009, 0.02767605756828793798 ) ) ;
#441 = CARTESIAN_POINT ( 'NONE',  ( -6.791301097954400183E-16, 0.2125000000000000222, 0.09185948719544560770 ) ) ;
#442 = CARTESIAN_POINT ( 'NONE',  ( 0.06495446631221793443, 0.02500000000000002220, 0.06495446631221887812 ) ) ;
#443 = ADVANCED_FACE ( 'NONE', ( #433, #224 ), #1035, .F. ) ;
#444 = CARTESIAN_POINT ( 'NONE',  ( -0.3749999999999991673, 0.6250000000000000000, 0.000000000000000000 ) ) ;
#445 = DATE_AND_TIME ( #1879, #1502 ) ;
#446 = CARTESIAN_POINT ( 'NONE',  ( -0.1154200659195512013, 0.01957993408044881450, -6.502391280053686031E-16 ) ) ;
#447 = CARTESIAN_POINT ( 'NONE',  ( 0.08838834764831794699, 0.04375000000000003192, 0.08838834764831891844 ) ) ;
#448 = ORIENTED_EDGE ( 'NONE', *, *, #376, .F. ) ;
#449 = CARTESIAN_POINT ( 'NONE',  ( -0.09185948719544534402, -0.05312499999999998473, -0.03804944542899188487 ) ) ;
#450 = CARTESIAN_POINT ( 'NONE',  ( 0.08838834764831890456, 0.2625000000000000666, -0.08838834764831796087 ) ) ;
#451 = CARTESIAN_POINT ( 'NONE',  ( 0.09887998054994087682, 0.03612001945005834797, -0.01183799626903295904 ) ) ;
#452 = CARTESIAN_POINT ( 'NONE',  ( -0.06495446631221798994, -0.04999999999999998890, -0.06495446631221887812 ) ) ;
#453 = EDGE_LOOP ( 'NONE', ( #1471, #1207 ) ) ;
#454 = CARTESIAN_POINT ( 'NONE',  ( -0.06495446631221890588, 0.1562500000000000278, 0.06495446631221796219 ) ) ;
#455 = CARTESIAN_POINT ( 'NONE',  ( 0.03804944542899054566, 0.2656250000000000000, 0.09185948719544588525 ) ) ;
#456 = CARTESIAN_POINT ( 'NONE',  ( 0.06495446631221793443, -0.02499999999999999098, 0.06495446631221887812 ) ) ;
#457 = CARTESIAN_POINT ( 'NONE',  ( 9.567553118338714264E-18, 0.5468749999999997780, 0.000000000000000000 ) ) ;
#458 =( CONVERSION_BASED_UNIT ( 'INCH', #222 ) LENGTH_UNIT ( ) NAMED_UNIT ( #2341 ) );
#459 = CARTESIAN_POINT ( 'NONE',  ( 0.08236335696771726611, 0.01611706946951033809, -0.08611920910358279724 ) ) ;
#460 = CARTESIAN_POINT ( 'NONE',  ( 0.1249999999999999861, 0.05000000000000003053, 6.661338147750940229E-16 ) ) ;
#461 = EDGE_LOOP ( 'NONE', ( #2103, #2319 ) ) ;
#462 = CARTESIAN_POINT ( 'NONE',  ( 0.09185948719544581587, 0.02812500000000002498, -0.03804944542899061505 ) ) ;
#463 = CARTESIAN_POINT ( 'NONE',  ( -0.1249999999999997780, 0.07812500000000001388, -0.05177669529663754544 ) ) ;
#464 = CARTESIAN_POINT ( 'NONE',  ( 0.05177669529663758707, 0.06562500000000005829, -0.1249999999999997363 ) ) ;
#465 = EDGE_CURVE ( 'NONE', #1745, #656, #2281, .T. ) ;
#466 = CARTESIAN_POINT ( 'NONE',  ( 0.03804944542899054566, 0.2718750000000000333, 0.09185948719544588525 ) ) ;
#467 = CARTESIAN_POINT ( 'NONE',  ( 6.184628074832439858E-16, -0.05624999999999998751, -0.09185948719544560770 ) ) ;
#468 = ORIENTED_EDGE ( 'NONE', *, *, #1833, .F. ) ;
#469 = CARTESIAN_POINT ( 'NONE',  ( -0.09185948719544534402, 0.4968750000000001221, -0.03804944542899188487 ) ) ;
#470 = CARTESIAN_POINT ( 'NONE',  ( -0.09185948719544589913, 0.2531249999999999889, 0.03804944542899058035 ) ) ;
#471 = CARTESIAN_POINT ( 'NONE',  ( 0.03804944542899192650, 0.2843750000000000999, -0.09185948719544533014 ) ) ;
#472 = CARTESIAN_POINT ( 'NONE',  ( -6.791301097954400183E-16, -0.03124999999999998959, 0.09185948719544560770 ) ) ;
#473 = CARTESIAN_POINT ( 'NONE',  ( -0.1250000000000003053, 0.1281250000000000444, 0.05177669529663624787 ) ) ;
#474 = CIRCLE ( 'NONE', #101, 0.1250000000000000000 ) ;
#475 = DIRECTION ( 'NONE',  ( -1.224646799147352468E-16, 1.000000000000000000, 0.000000000000000000 ) ) ;
#476 = CARTESIAN_POINT ( 'NONE',  ( 0.1250000000000002220, 0.003125000000000017954, -0.05177669529663627562 ) ) ;
#477 = VERTEX_POINT ( 'NONE', #2145 ) ;
#478 = VECTOR ( 'NONE', #1780, 39.37007874015748143 ) ;
#479 = CARTESIAN_POINT ( 'NONE',  ( -0.06495446631221798994, 0.04375000000000001110, -0.06495446631221887812 ) ) ;
#480 = CARTESIAN_POINT ( 'NONE',  ( -0.1249999999999997780, 0.1281250000000000722, -0.05177669529663754544 ) ) ;
#481 = CARTESIAN_POINT ( 'NONE',  ( 0.1349999999999999811, 1.371422658274145664E-16, 0.000000000000000000 ) ) ;
#482 = AXIS2_PLACEMENT_3D ( 'NONE', #260, #876, #1269 ) ;
#483 = CARTESIAN_POINT ( 'NONE',  ( 0.03804944542899054566, 0.3218750000000000222, 0.09185948719544588525 ) ) ;
#484 = CARTESIAN_POINT ( 'NONE',  ( -0.09185948719544588525, 0.009375000000000018735, 0.03804944542899058035 ) ) ;
#485 = EDGE_CURVE ( 'NONE', #1812, #828, #310, .T. ) ;
#486 = ORIENTED_EDGE ( 'NONE', *, *, #549, .F. ) ;
#487 = CARTESIAN_POINT ( 'NONE',  ( -0.09185948719544588525, 0.4031250000000000666, 0.03804944542899058035 ) ) ;
#488 = LINE ( 'NONE', #2344, #2275 ) ;
#489 = CARTESIAN_POINT ( 'NONE',  ( -6.791301097954400183E-16, 0.1625000000000000333, 0.09185948719544560770 ) ) ;
#490 = CARTESIAN_POINT ( 'NONE',  ( 0.06495446631221793443, 0.1250000000000000278, 0.06495446631221887812 ) ) ;
#491 = DIRECTION ( 'NONE',  ( 4.073082549640102053E-18, -1.000000000000000000, -0.000000000000000000 ) ) ;
#492 = CARTESIAN_POINT ( 'NONE',  ( 7.654042494670952923E-17, 0.000000000000000000, 0.000000000000000000 ) ) ;
#493 = CARTESIAN_POINT ( 'NONE',  ( 0.1249999999999999861, 1.707404996040164512E-17, 6.661338147750940229E-16 ) ) ;
#494 = ORIENTED_EDGE ( 'NONE', *, *, #2385, .F. ) ;
#495 = CARTESIAN_POINT ( 'NONE',  ( 6.184628074832439858E-16, 0.4937500000000000222, -0.09185948719544560770 ) ) ;
#496 = CARTESIAN_POINT ( 'NONE',  ( 0.08838834764831890456, 0.4125000000000000333, -0.08838834764831796087 ) ) ;
#497 = CARTESIAN_POINT ( 'NONE',  ( -0.09185948719544589913, 0.1093750000000000139, 0.03804944542899058035 ) ) ;
#498 = CARTESIAN_POINT ( 'NONE',  ( -0.09185948719544588525, 0.3093750000000000111, 0.03804944542899058035 ) ) ;
#499 = CARTESIAN_POINT ( 'NONE',  ( 0.09185948719544530239, 0.07812500000000002776, 0.03804944542899193344 ) ) ;
#500 = ORIENTED_EDGE ( 'NONE', *, *, #485, .T. ) ;
#501 = DIRECTION ( 'NONE',  ( -4.939539904345632987E-16, 1.000000000000000000, -0.000000000000000000 ) ) ;
#502 = CARTESIAN_POINT ( 'NONE',  ( -0.09185948719544562158, 0.2000000000000000111, -6.487964586393420021E-16 ) ) ;
#503 = CARTESIAN_POINT ( 'NONE',  ( 0.000000000000000000, -0.3140624999999942490, 0.000000000000000000 ) ) ;
#504 = CARTESIAN_POINT ( 'NONE',  ( 0.06817414000398615281, 0.01861776704115964201, -0.09467946112702416150 ) ) ;
#505 = CARTESIAN_POINT ( 'NONE',  ( 6.184628074832439858E-16, 0.2125000000000000222, -0.1250000000000000000 ) ) ;
#506 = ORIENTED_EDGE ( 'NONE', *, *, #822, .F. ) ;
#507 = CARTESIAN_POINT ( 'NONE',  ( 0.06495446631221793443, -0.08124999999999998890, 0.06495446631221887812 ) ) ;
#508 = CARTESIAN_POINT ( 'NONE',  ( 0.08838834764831796087, 0.4000000000000000222, 0.08838834764831893231 ) ) ;
#509 = CARTESIAN_POINT ( 'NONE',  ( -0.09185948719544588525, 0.2593749999999999667, 0.03804944542899058035 ) ) ;
#510 = CARTESIAN_POINT ( 'NONE',  ( 0.03804944542899054566, -0.07812499999999998612, 0.09185948719544588525 ) ) ;
#511 = EDGE_LOOP ( 'NONE', ( #1358, #754 ) ) ;
#512 = CARTESIAN_POINT ( 'NONE',  ( -0.03804944542899191262, 0.3093750000000000111, 0.09185948719544533014 ) ) ;
#513 = CARTESIAN_POINT ( 'NONE',  ( -0.01723754362912290755, 0.2620621602091758873, 0.09042625567396321562 ) ) ;
#514 = ADVANCED_FACE ( 'NONE', ( #2132, #1912 ), #1725, .F. ) ;
#515 = DIRECTION ( 'NONE',  ( 1.000000000000000000, 4.073082549640094349E-18, 0.000000000000000000 ) ) ;
#516 = CARTESIAN_POINT ( 'NONE',  ( -0.05177669529663755932, 0.2343750000000000278, 0.1249999999999997502 ) ) ;
#517 = CARTESIAN_POINT ( 'NONE',  ( -0.03804944542899062199, 0.1906250000000000444, -0.09185948719544587138 ) ) ;
#518 = CIRCLE ( 'NONE', #1846, 0.2083333333333332871 ) ;
#519 = CARTESIAN_POINT ( 'NONE',  ( -0.08838834764831801638, 0.4250000000000000444, -0.08838834764831891844 ) ) ;
#520 = CARTESIAN_POINT ( 'NONE',  ( -0.08838834764831893231, 0.03125000000000002776, 0.08838834764831798863 ) ) ;
#521 = AXIS2_PLACEMENT_3D ( 'NONE', #398, #215, #1195 ) ;
#522 = CARTESIAN_POINT ( 'NONE',  ( -0.09185948719544534402, 0.2031250000000000278, -0.03804944542899188487 ) ) ;
#523 = CARTESIAN_POINT ( 'NONE',  ( 6.184628074832439858E-16, 0.1937500000000000056, -0.09185948719544560770 ) ) ;
#524 = CONICAL_SURFACE ( 'NONE', #1239, 0.1349999999999999811, 0.7853981633974482790 ) ;
#525 = ORIENTED_EDGE ( 'NONE', *, *, #1374, .F. ) ;
#526 = CARTESIAN_POINT ( 'NONE',  ( 6.184628074832439858E-16, 0.1625000000000000333, -0.1250000000000000278 ) ) ;
#527 = CARTESIAN_POINT ( 'NONE',  ( -0.08356076344185599247, 0.2612858440797104498, 0.04341927980702011552 ) ) ;
#528 = EDGE_CURVE ( 'NONE', #623, #2445, #2286, .T. ) ;
#529 = CARTESIAN_POINT ( 'NONE',  ( -6.831886520882599770E-16, 0.1875000000000000555, 0.1250000000000000000 ) ) ;
#530 = CARTESIAN_POINT ( 'NONE',  ( 0.06495446631221793443, 0.1187500000000000361, 0.06495446631221887812 ) ) ;
#531 =( BOUNDED_CURVE ( )  B_SPLINE_CURVE ( 2, ( #141, #1578, #153, #565, #2604, #2156, #2370, #2402, #2199 ),
 .UNSPECIFIED., .F., .T. ) 
 B_SPLINE_CURVE_WITH_KNOTS ( ( 3, 2, 2, 2, 3 ),
 ( 0.4807692307692307820, 0.4903846153846153633, 0.5000000000000000000, 0.5096153846153845812, 0.5192307692307692735 ),
 .UNSPECIFIED. ) 
 CURVE ( )  GEOMETRIC_REPRESENTATION_ITEM ( )  RATIONAL_B_SPLINE_CURVE ( ( 1.000000000000000000, 0.9238795325112867385, 1.000000000000000000, 0.9238795325112867385, 1.000000000000000000, 0.9238795325112867385, 1.000000000000000000, 0.9238795325112867385, 1.000000000000000000 ) ) 
 REPRESENTATION_ITEM ( '' )  );
#532 = CARTESIAN_POINT ( 'NONE',  ( -0.1250000000000000278, 0.3812500000000000888, -6.508257297857520307E-16 ) ) ;
#533 = CARTESIAN_POINT ( 'NONE',  ( 0.03804944542899054566, 0.1218750000000000111, 0.09185948719544589913 ) ) ;
#534 = CARTESIAN_POINT ( 'NONE',  ( -0.06495446631221798994, 0.5000000000000001110, -0.06495446631221887812 ) ) ;
#535 = CARTESIAN_POINT ( 'NONE',  ( -0.09185948719544588525, 0.2093750000000000611, 0.03804944542899058035 ) ) ;
#536 = CARTESIAN_POINT ( 'NONE',  ( -0.05177669529663627562, -0.1281249999999999889, -0.1250000000000002776 ) ) ;
#537 = CARTESIAN_POINT ( 'NONE',  ( 0.1249999999999996947, 0.09687500000000004441, 0.05177669529663760789 ) ) ;
#538 = CARTESIAN_POINT ( 'NONE',  ( 0.05177669529663758707, 0.1593750000000000167, -0.1249999999999997363 ) ) ;
#539 = CARTESIAN_POINT ( 'NONE',  ( 0.2083333333333333148, 0.3454962792832758089, 2.551347498223651693E-17 ) ) ;
#540 = CARTESIAN_POINT ( 'NONE',  ( -0.05177669529663627562, 0.2156250000000000389, -0.1250000000000002776 ) ) ;
#541 = CARTESIAN_POINT ( 'NONE',  ( 0.09185948719544557994, 0.1750000000000000444, 6.600460013358639369E-16 ) ) ;
#542 = CARTESIAN_POINT ( 'NONE',  ( 0.08838834764831796087, 0.3500000000000000333, 0.08838834764831893231 ) ) ;
#543 = DIRECTION ( 'NONE',  ( 4.073082549640102053E-18, -1.000000000000000000, -0.000000000000000000 ) ) ;
#544 = CARTESIAN_POINT ( 'NONE',  ( -6.791301097954400183E-16, 0.5187500000000000444, 0.09185948719544560770 ) ) ;
#545 = EDGE_LOOP ( 'NONE', ( #886, #669, #642, #1646 ) ) ;
#546 = CARTESIAN_POINT ( 'NONE',  ( -0.03804944542899062199, 0.09687500000000000278, -0.09185948719544587138 ) ) ;
#547 = CARTESIAN_POINT ( 'NONE',  ( -6.791301097954400183E-16, 0.3625000000000000444, 0.09185948719544560770 ) ) ;
#548 = CARTESIAN_POINT ( 'NONE',  ( -0.005268428489232412741, 0.2620621602091942060, 0.09170828233624310488 ) ) ;
#549 = EDGE_CURVE ( 'NONE', #714, #2335, #2542, .T. ) ;
#550 = CARTESIAN_POINT ( 'NONE',  ( 0.1250000000000000000, -0.05000000000000000971, 0.000000000000000000 ) ) ;
#551 = LINE ( 'NONE', #950, #986 ) ;
#552 = CARTESIAN_POINT ( 'NONE',  ( 0.1249999999999999861, 0.3000000000000000444, 6.661338147750940229E-16 ) ) ;
#553 = CARTESIAN_POINT ( 'NONE',  ( 0.03804944542899192650, 0.2343750000000000278, -0.09185948719544533014 ) ) ;
#554 = CARTESIAN_POINT ( 'NONE',  ( -0.1154200659195512013, 0.01957993408044881450, -6.502391280053686031E-16 ) ) ;
#555 = CARTESIAN_POINT ( 'NONE',  ( 0.1024750532631300559, 0.01129762446601889278, -0.07430164203350668461 ) ) ;
#556 = CARTESIAN_POINT ( 'NONE',  ( -0.09185948719544588525, 0.4093750000000000444, 0.03804944542899058035 ) ) ;
#557 = CARTESIAN_POINT ( 'NONE',  ( 0.03804944542899192650, 0.2406250000000000333, -0.09185948719544533014 ) ) ;
#558 = CARTESIAN_POINT ( 'NONE',  ( -6.791301097954400183E-16, 0.4125000000000000333, 0.09185948719544560770 ) ) ;
#559 = CYLINDRICAL_SURFACE ( 'NONE', #1840, 0.2083333333333332871 ) ;
#560 = AXIS2_PLACEMENT_3D ( 'NONE', #1386, #1181, #784 ) ;
#561 = CARTESIAN_POINT ( 'NONE',  ( 0.05177669529663619929, 0.09062500000000003886, 0.1250000000000003331 ) ) ;
#562 = EDGE_CURVE ( 'NONE', #2205, #2349, #1793, .T. ) ;
#563 = AXIS2_PLACEMENT_3D ( 'NONE', #2060, #2497, #221 ) ;
#564 = CARTESIAN_POINT ( 'NONE',  ( -0.09811084927219719531, 0.2597868504896176933, -4.920242722571245380E-14 ) ) ;
#565 = CARTESIAN_POINT ( 'NONE',  ( -0.05177669529663757320, 0.1906250000000000444, 0.1249999999999997780 ) ) ;
#566 = CARTESIAN_POINT ( 'NONE',  ( -0.08838834764831800250, 0.3687499999999999667, -0.08838834764831890456 ) ) ;
#567 = CARTESIAN_POINT ( 'NONE',  ( -6.791301097954400183E-16, 0.2125000000000000222, 0.09185948719544560770 ) ) ;
#568 = DIRECTION ( 'NONE',  ( 1.000000000000000000, 4.073082549640094349E-18, 0.000000000000000000 ) ) ;
#569 = CARTESIAN_POINT ( 'NONE',  ( -0.09185948719544562158, 0.2562500000000000333, -6.487964586393420021E-16 ) ) ;
#570 = CARTESIAN_POINT ( 'NONE',  ( -0.06495446631221798994, 0.4500000000000000666, -0.06495446631221887812 ) ) ;
#571 = VERTEX_POINT ( 'NONE', #1926 ) ;
#572 = CARTESIAN_POINT ( 'NONE',  ( -0.06495446631221798994, 0.1500000000000000500, -0.06495446631221887812 ) ) ;
#573 = CARTESIAN_POINT ( 'NONE',  ( -0.1249999999999997780, -0.1218749999999999833, -0.05177669529663754544 ) ) ;
#574 = FACE_OUTER_BOUND ( 'NONE', #1660, .T. ) ;
#575 = CARTESIAN_POINT ( 'NONE',  ( -0.003962906714403934862, 0.2549957069633767004, -0.1114457886046955337 ) ) ;
#576 = CARTESIAN_POINT ( 'NONE',  ( 0.07359041400004501243, 0.2517544054779828344, 0.09532120699605570180 ) ) ;
#577 = CARTESIAN_POINT ( 'NONE',  ( -6.831886520882599770E-16, 0.5375000000000000888, 0.1250000000000000000 ) ) ;
#578 = CARTESIAN_POINT ( 'NONE',  ( 0.06495446631221793443, 0.2687500000000000444, 0.06495446631221887812 ) ) ;
#579 = DIRECTION ( 'NONE',  ( 4.073082549640102053E-18, -1.000000000000000000, -0.000000000000000000 ) ) ;
#580 = DIRECTION ( 'NONE',  ( 0.000000000000000000, 0.000000000000000000, 1.000000000000000000 ) ) ;
#581 = CARTESIAN_POINT ( 'NONE',  ( -0.06495446631221798994, 0.3500000000000000333, -0.06495446631221887812 ) ) ;
#582 = ORIENTED_EDGE ( 'NONE', *, *, #1986, .T. ) ;
#583 = CARTESIAN_POINT ( 'NONE',  ( 0.03804944542899192650, 0.3406250000000000111, -0.09185948719544533014 ) ) ;
#584 = CARTESIAN_POINT ( 'NONE',  ( -0.05177669529663757320, -0.1093750000000000000, 0.1249999999999997780 ) ) ;
#585 = CARTESIAN_POINT ( 'NONE',  ( 0.2083333333333333426, 0.08333333333333332871, 0.000000000000000000 ) ) ;
#586 = CARTESIAN_POINT ( 'NONE',  ( 0.09530828586888911991, 0.03377067966838497026, 0.03482881772566959189 ) ) ;
#587 = CARTESIAN_POINT ( 'NONE',  ( 0.09185948719544530239, 0.07187500000000003608, 0.03804944542899193344 ) ) ;
#588 = CARTESIAN_POINT ( 'NONE',  ( 0.05177669529663758013, 0.5093750000000000222, -0.1249999999999996947 ) ) ;
#589 = CARTESIAN_POINT ( 'NONE',  ( 0.06495446631221886424, 0.2812500000000000555, -0.06495446631221794831 ) ) ;
#590 = EDGE_CURVE ( 'NONE', #1217, #849, #1997, .T. ) ;
#591 = DIRECTION ( 'NONE',  ( -4.939539904345632987E-16, 1.000000000000000000, -0.000000000000000000 ) ) ;
#592 = CARTESIAN_POINT ( 'NONE',  ( -0.06495446631221890588, 0.1625000000000000333, 0.06495446631221796219 ) ) ;
#593 = CARTESIAN_POINT ( 'NONE',  ( 0.08838834764831796087, 0.2437500000000000500, 0.08838834764831893231 ) ) ;
#594 = CARTESIAN_POINT ( 'NONE',  ( -0.03804944542899191262, 0.4656250000000000111, 0.09185948719544533014 ) ) ;
#595 = CARTESIAN_POINT ( 'NONE',  ( -0.08838834764831893231, -0.1124999999999999750, 0.08838834764831798863 ) ) ;
#596 = FACE_BOUND ( 'NONE', #511, .T. ) ;
#597 = VERTEX_POINT ( 'NONE', #661 ) ;
#598 = CYLINDRICAL_SURFACE ( 'NONE', #560, 0.2083333333333332038 ) ;
#599 = CARTESIAN_POINT ( 'NONE',  ( -0.03448699722999067768, 0.02595018705346111010, 0.1043957237859917120 ) ) ;
#600 = CIRCLE ( 'NONE', #1584, 0.3749999999999990563 ) ;
#601 = CARTESIAN_POINT ( 'NONE',  ( -0.06495446631221798994, 0.09375000000000002776, -0.06495446631221887812 ) ) ;
#602 = CARTESIAN_POINT ( 'NONE',  ( -0.08838834764831891844, 0.4812500000000000666, 0.08838834764831796087 ) ) ;
#603 = CARTESIAN_POINT ( 'NONE',  ( 0.09185948719544581587, 0.2781250000000000666, -0.03804944542899061505 ) ) ;
#604 = CARTESIAN_POINT ( 'NONE',  ( -0.08838834764831801638, 0.4750000000000000333, -0.08838834764831891844 ) ) ;
#605 = CARTESIAN_POINT ( 'NONE',  ( 0.3749999999999991673, 0.6250000000000000000, 4.592425496802563742E-17 ) ) ;
#606 = DIRECTION ( 'NONE',  ( 1.000000000000000000, 0.000000000000000000, 0.000000000000000000 ) ) ;
#607 = CARTESIAN_POINT ( 'NONE',  ( -0.1250000000000000278, 0.07500000000000002498, -6.508257297857520307E-16 ) ) ;
#608 = ORIENTED_EDGE ( 'NONE', *, *, #1575, .F. ) ;
#609 = CARTESIAN_POINT ( 'NONE',  ( 0.06495446631221886424, 0.3875000000000000111, -0.06495446631221794831 ) ) ;
#610 = CARTESIAN_POINT ( 'NONE',  ( -0.1250000000000000278, -0.06874999999999997780, -6.508257297857520307E-16 ) ) ;
#611 = PLANE ( 'NONE',  #4 ) ;
#612 = EDGE_CURVE ( 'NONE', #1050, #2567, #1476, .T. ) ;
#613 = ORIENTED_EDGE ( 'NONE', *, *, #1986, .F. ) ;
#614 = CARTESIAN_POINT ( 'NONE',  ( -0.09185948719544562158, 0.5000000000000000000, -6.487964586393420021E-16 ) ) ;
#615 = CARTESIAN_POINT ( 'NONE',  ( -6.791301097954400183E-16, 0.06250000000000001388, 0.09185948719544560770 ) ) ;
#616 = CARTESIAN_POINT ( 'NONE',  ( 0.09185948719544530239, 0.02187500000000002290, 0.03804944542899193344 ) ) ;
#617 = CARTESIAN_POINT ( 'NONE',  ( -0.08838834764831800250, 0.5187500000000000444, -0.08838834764831890456 ) ) ;
#618 = CARTESIAN_POINT ( 'NONE',  ( 0.09185948719544530239, 0.3218750000000000777, 0.03804944542899193344 ) ) ;
#619 = CARTESIAN_POINT ( 'NONE',  ( -0.1250000000000000278, 0.1750000000000000444, -6.508257297857520307E-16 ) ) ;
#620 = CALENDAR_DATE ( 2026, 6, 1 ) ;
#621 = CARTESIAN_POINT ( 'NONE',  ( 0.2916666666666666852, -4.777619265953559163E-17, 0.000000000000000000 ) ) ;
#622 = CARTESIAN_POINT ( 'NONE',  ( -0.05177669529663627562, 0.2156250000000000389, -0.1250000000000002776 ) ) ;
#623 = VERTEX_POINT ( 'NONE', #1089 ) ;
#624 = CARTESIAN_POINT ( 'NONE',  ( 6.184628074832439858E-16, 0.4437500000000000888, -0.09185948719544560770 ) ) ;
#625 = CARTESIAN_POINT ( 'NONE',  ( -0.05177669529663627562, 0.02187500000000002290, -0.1250000000000002776 ) ) ;
#626 = CARTESIAN_POINT ( 'NONE',  ( 0.05177669529663619929, 0.09687500000000001665, 0.1250000000000003331 ) ) ;
#627 = EDGE_CURVE ( 'NONE', #127, #652, #1862, .T. ) ;
#628 = ORIENTED_EDGE ( 'NONE', *, *, #1695, .F. ) ;
#629 =( BOUNDED_CURVE ( )  B_SPLINE_CURVE ( 2, ( #2457, #1403, #1868, #1621, #2231, #834, #37, #25, #390 ),
 .UNSPECIFIED., .F., .T. ) 
 B_SPLINE_CURVE_WITH_KNOTS ( ( 3, 2, 2, 2, 3 ),
 ( 0.2884615384615384359, 0.2980769230769230727, 0.3076923076923077094, 0.3173076923076922906, 0.3269230769230769273 ),
 .UNSPECIFIED. ) 
 CURVE ( )  GEOMETRIC_REPRESENTATION_ITEM ( )  RATIONAL_B_SPLINE_CURVE ( ( 1.000000000000000000, 0.9238795325112867385, 1.000000000000000000, 0.9238795325112867385, 1.000000000000000000, 0.9238795325112867385, 1.000000000000000000, 0.9238795325112867385, 1.000000000000000000 ) ) 
 REPRESENTATION_ITEM ( '' )  );
#630 = CARTESIAN_POINT ( 'NONE',  ( -0.09185948719544589913, 0.05312500000000003331, 0.03804944542899058035 ) ) ;
#631 = CARTESIAN_POINT ( 'NONE',  ( -0.09185948719544588525, -0.09687499999999998890, 0.03804944542899058035 ) ) ;
#632 = CARTESIAN_POINT ( 'NONE',  ( -0.06495446631221890588, 0.01250000000000001978, 0.06495446631221796219 ) ) ;
#633 = CARTESIAN_POINT ( 'NONE',  ( -0.06495446631221890588, 0.3562500000000000666, 0.06495446631221796219 ) ) ;
#634 = DIRECTION ( 'NONE',  ( 1.000000000000000000, 4.073082549640094349E-18, 0.000000000000000000 ) ) ;
#635 = APPLICATION_PROTOCOL_DEFINITION ( 'international standard', 'config_control_design', 1994, #2209 ) ;
#636 = CARTESIAN_POINT ( 'NONE',  ( 3.422933369255119246E-17, 0.3454962792832758089, 0.000000000000000000 ) ) ;
#637 = CARTESIAN_POINT ( 'NONE',  ( -0.1250000000000002776, 0.1281250000000000444, 0.05177669529663624093 ) ) ;
#638 = ORIENTED_EDGE ( 'NONE', *, *, #2582, .F. ) ;
#639 = CARTESIAN_POINT ( 'NONE',  ( -0.09185948719544562158, 0.3062500000000000222, -6.487964586393420021E-16 ) ) ;
#640 = CARTESIAN_POINT ( 'NONE',  ( 0.08838834764831796087, 0.2000000000000000389, 0.08838834764831893231 ) ) ;
#641 = CARTESIAN_POINT ( 'NONE',  ( 0.09608161482343130499, 0.03674883572321772929, -0.02370141950802682335 ) ) ;
#642 = ORIENTED_EDGE ( 'NONE', *, *, #304, .T. ) ;
#643 = CARTESIAN_POINT ( 'NONE',  ( -0.09185948719544537178, 0.09687500000000000278, -0.03804944542899188487 ) ) ;
#644 = AXIS2_PLACEMENT_3D ( 'NONE', #2313, #1283, #2329 ) ;
#645 = CARTESIAN_POINT ( 'NONE',  ( 0.03804944542899054566, 0.1656250000000000222, 0.09185948719544588525 ) ) ;
#646 = CARTESIAN_POINT ( 'NONE',  ( -0.09185948719544534402, 0.1031250000000000083, -0.03804944542899188487 ) ) ;
#647 = LINE ( 'NONE', #444, #1939 ) ;
#648 = COORDINATED_UNIVERSAL_TIME_OFFSET ( 6, 0, .BEHIND. ) ;
#649 = AXIS2_PLACEMENT_3D ( 'NONE', #976, #1213, #966 ) ;
#650 = CARTESIAN_POINT ( 'NONE',  ( -0.1250000000000000000, -0.05000000000000000971, 1.530808498934191509E-17 ) ) ;
#651 = CARTESIAN_POINT ( 'NONE',  ( 6.184628074832439858E-16, -0.03749999999999998473, -0.1250000000000000000 ) ) ;
#652 = VERTEX_POINT ( 'NONE', #1171 ) ;
#653 = CARTESIAN_POINT ( 'NONE',  ( -0.09185948719544588525, 0.5093750000000000222, 0.03804944542899058035 ) ) ;
#654 = CARTESIAN_POINT ( 'NONE',  ( -0.05177669529663627562, 0.2218750000000000167, -0.1250000000000002776 ) ) ;
#655 = CARTESIAN_POINT ( 'NONE',  ( 6.184628074832439858E-16, 0.06875000000000003331, -0.1250000000000000278 ) ) ;
#656 = VERTEX_POINT ( 'NONE', #539 ) ;
#657 = CARTESIAN_POINT ( 'NONE',  ( 6.184628074832439858E-16, 0.08750000000000002220, -0.09185948719544560770 ) ) ;
#658 = CARTESIAN_POINT ( 'NONE',  ( -0.03804944542899062199, 0.1906250000000000444, -0.09185948719544587138 ) ) ;
#659 = CARTESIAN_POINT ( 'NONE',  ( 0.09185948719544557994, -0.01874999999999998890, 6.600460013358639369E-16 ) ) ;
#660 = CARTESIAN_POINT ( 'NONE',  ( -0.1250000000000000278, 0.1250000000000000278, -6.508257297857520307E-16 ) ) ;
#661 = CARTESIAN_POINT ( 'NONE',  ( 0.03885628176815145163, 0.01000000000000440120, -0.1188073624282351554 ) ) ;
#662 = CARTESIAN_POINT ( 'NONE',  ( 0.1249999999999996669, 0.04687500000000003469, 0.05177669529663759401 ) ) ;
#663 = ORIENTED_EDGE ( 'NONE', *, *, #1066, .T. ) ;
#664 = CARTESIAN_POINT ( 'NONE',  ( -0.09185948719544588525, 0.003125000000000017954, 0.03804944542899058035 ) ) ;
#665 = CARTESIAN_POINT ( 'NONE',  ( 0.1250000000000000000, 0.1562500000000000833, 6.661338147750940229E-16 ) ) ;
#666 = CARTESIAN_POINT ( 'NONE',  ( 0.2083333333333332316, 0.3454962792832759200, 2.551347498223651077E-17 ) ) ;
#667 = CARTESIAN_POINT ( 'NONE',  ( 0.06495446631221886424, 0.2375000000000000722, -0.06495446631221794831 ) ) ;
#668 = CARTESIAN_POINT ( 'NONE',  ( 0.09185948719544557994, -0.06874999999999999167, 6.600460013358639369E-16 ) ) ;
#669 = ORIENTED_EDGE ( 'NONE', *, *, #1143, .F. ) ;
#670 = CARTESIAN_POINT ( 'NONE',  ( -0.09185948719544534402, 0.4468750000000000222, -0.03804944542899188487 ) ) ;
#671 = CARTESIAN_POINT ( 'NONE',  ( -0.1250000000000000000, 0.2499999999999999722, 1.530808498934191509E-17 ) ) ;
#672 = CARTESIAN_POINT ( 'NONE',  ( 0.09185948719544581587, 0.2781250000000000666, -0.03804944542899061505 ) ) ;
#673 = CARTESIAN_POINT ( 'NONE',  ( -6.791301097954400183E-16, -0.08124999999999998890, 0.09185948719544560770 ) ) ;
#674 = DIRECTION ( 'NONE',  ( -1.000000000000000000, -1.170791997284684483E-16, 0.000000000000000000 ) ) ;
#675 = PERSON_AND_ORGANIZATION_ROLE ( 'creator' ) ;
#676 = CARTESIAN_POINT ( 'NONE',  ( 0.08838834764831796087, 0.1937500000000000611, 0.08838834764831893231 ) ) ;
#677 = EDGE_CURVE ( 'NONE', #252, #477, #531, .T. ) ;
#678 = CARTESIAN_POINT ( 'NONE',  ( -0.08838834764831800250, 0.06875000000000001943, -0.08838834764831890456 ) ) ;
#679 = ORIENTED_EDGE ( 'NONE', *, *, #984, .F. ) ;
#680 = CARTESIAN_POINT ( 'NONE',  ( 0.09185948719544530239, 0.02187500000000002290, 0.03804944542899193344 ) ) ;
#681 = CARTESIAN_POINT ( 'NONE',  ( -0.08838834764831801638, 0.1750000000000000444, -0.08838834764831891844 ) ) ;
#682 = CARTESIAN_POINT ( 'NONE',  ( -0.05177669529663757320, 0.09062500000000002498, 0.1249999999999997780 ) ) ;
#683 = CARTESIAN_POINT ( 'NONE',  ( -0.09185948719544588525, 0.1593750000000000167, 0.03804944542899058035 ) ) ;
#684 = CARTESIAN_POINT ( 'NONE',  ( -6.791301097954400183E-16, 0.06875000000000001943, 0.09185948719544560770 ) ) ;
#685 = EDGE_LOOP ( 'NONE', ( #506, #1542, #209, #928 ) ) ;
#686 = CARTESIAN_POINT ( 'NONE',  ( -0.06495446631221798994, 0.3937499999999999889, -0.06495446631221887812 ) ) ;
#687 = CARTESIAN_POINT ( 'NONE',  ( -0.09185948719544537178, 0.1468750000000000333, -0.03804944542899188487 ) ) ;
#688 = CARTESIAN_POINT ( 'NONE',  ( -0.09185948719544534402, 0.1468750000000000333, -0.03804944542899188487 ) ) ;
#689 = CARTESIAN_POINT ( 'NONE',  ( -6.791301097954400183E-16, 0.1187500000000000361, 0.09185948719544560770 ) ) ;
#690 = CARTESIAN_POINT ( 'NONE',  ( -0.1250000000000000278, 0.03125000000000002776, -6.508257297857520307E-16 ) ) ;
#691 = CONICAL_SURFACE ( 'NONE', #855, 0.1250000000000000000, 1.221730476396026832 ) ;
#692 = CARTESIAN_POINT ( 'NONE',  ( -0.09763355188444919341, 0.2599605725316520011, 0.005770896808788306478 ) ) ;
#693 = CARTESIAN_POINT ( 'NONE',  ( -0.1250000000000002776, 0.07812500000000002776, 0.05177669529663624093 ) ) ;
#694 = VERTEX_POINT ( 'NONE', #1960 ) ;
#695 = CARTESIAN_POINT ( 'NONE',  ( 6.184628074832439858E-16, -0.1124999999999999889, -0.09185948719544560770 ) ) ;
#696 = CARTESIAN_POINT ( 'NONE',  ( 0.05177669529663619236, 0.1468750000000000611, 0.1250000000000003331 ) ) ;
#697 = CARTESIAN_POINT ( 'NONE',  ( -0.06495446631221798994, 0.1000000000000000194, -0.06495446631221887812 ) ) ;
#698 = AXIS2_PLACEMENT_3D ( 'NONE', #1003, #833, #1637 ) ;
#699 = CARTESIAN_POINT ( 'NONE',  ( -0.03804944542899062199, 0.2968750000000000000, -0.09185948719544587138 ) ) ;
#700 = CARTESIAN_POINT ( 'NONE',  ( -6.791301097954400183E-16, 0.01875000000000002359, 0.09185948719544560770 ) ) ;
#701 = ORIENTED_EDGE ( 'NONE', *, *, #1833, .T. ) ;
#702 = CARTESIAN_POINT ( 'NONE',  ( -0.06495446631221890588, 0.4062500000000000555, 0.06495446631221796219 ) ) ;
#703 = CARTESIAN_POINT ( 'NONE',  ( -0.09185948719544537178, 0.2468750000000000944, -0.03804944542899188487 ) ) ;
#704 = CARTESIAN_POINT ( 'NONE',  ( -0.06495446631221890588, 0.1562500000000000278, 0.06495446631221796219 ) ) ;
#705 = SPHERICAL_SURFACE ( 'NONE', #385, 0.9390624999999942490 ) ;
#706 = CARTESIAN_POINT ( 'NONE',  ( 0.1011585303327777602, 0.01247796311372703290, -0.06961160751917129519 ) ) ;
#707 = CARTESIAN_POINT ( 'NONE',  ( -0.1250000000000002776, 0.3281250000000000555, 0.05177669529663624093 ) ) ;
#708 = ORIENTED_EDGE ( 'NONE', *, *, #715, .T. ) ;
#709 = CARTESIAN_POINT ( 'NONE',  ( -0.03804944542899062199, 0.4968750000000001221, -0.09185948719544587138 ) ) ;
#710 = CARTESIAN_POINT ( 'NONE',  ( 6.184628074832439858E-16, 0.3687500000000000777, -0.1250000000000000278 ) ) ;
#711 = CARTESIAN_POINT ( 'NONE',  ( 0.03804944542899192650, 0.1406250000000000278, -0.09185948719544533014 ) ) ;
#712 = CARTESIAN_POINT ( 'NONE',  ( -0.03804944542899191262, 0.2656250000000001110, 0.09185948719544533014 ) ) ;
#713 = CARTESIAN_POINT ( 'NONE',  ( -0.06495446631221890588, -0.08749999999999999445, 0.06495446631221796219 ) ) ;
#714 = VERTEX_POINT ( 'NONE', #359 ) ;
#715 = EDGE_CURVE ( 'NONE', #2163, #252, #812, .T. ) ;
#716 = CARTESIAN_POINT ( 'NONE',  ( -0.06495446631221890588, 0.2062500000000000444, 0.06495446631221796219 ) ) ;
#717 = B_SPLINE_CURVE_WITH_KNOTS ( 'NONE', 3,
 ( #554, #801, #2607, #1837, #1401, #1416, #1018, #10, #1990, #777, #2016, #2045, #1366, #2002, #181, #1809, #1595, #158 ),
 .UNSPECIFIED., .F., .F.,
 ( 4, 2, 2, 2, 2, 2, 2, 2, 4 ),
 ( 0.01217654734672808832, 0.01289548988706707561, 0.01361443242740606116, 0.01433337496774504845, 0.01505231750808403574, 0.01577126004842302476, 0.01649020258876201031, 0.01720914512910099586, 0.01792808766943998489 ),
 .UNSPECIFIED. ) ;
#718 = CARTESIAN_POINT ( 'NONE',  ( 0.03804944542899054566, 0.3156249999999999889, 0.09185948719544588525 ) ) ;
#719 = CARTESIAN_POINT ( 'NONE',  ( -0.04535910644654243123, 0.2620621602091757762, 0.08010404038522539460 ) ) ;
#720 = CARTESIAN_POINT ( 'NONE',  ( -0.1250000000000000278, 0.1312500000000000611, -6.508257297857520307E-16 ) ) ;
#721 = CARTESIAN_POINT ( 'NONE',  ( -0.08838834764831891844, 0.2812500000000000555, 0.08838834764831796087 ) ) ;
#722 = CARTESIAN_POINT ( 'NONE',  ( 6.184628074832439858E-16, 0.1375000000000000389, -0.09185948719544560770 ) ) ;
#723 = CARTESIAN_POINT ( 'NONE',  ( -0.1249999999999997780, 0.3781250000000001554, -0.05177669529663754544 ) ) ;
#724 = PLANE ( 'NONE',  #769 ) ;
#725 = CARTESIAN_POINT ( 'NONE',  ( 0.06495446631221886424, 0.1375000000000000389, -0.06495446631221794831 ) ) ;
#726 = CARTESIAN_POINT ( 'NONE',  ( 0.09185948719544557994, -0.01874999999999998890, 6.600460013358639369E-16 ) ) ;
#727 = VERTEX_POINT ( 'NONE', #1760 ) ;
#728 = CARTESIAN_POINT ( 'NONE',  ( 0.000000000000000000, -0.3140624999999942490, 0.000000000000000000 ) ) ;
#729 = CARTESIAN_POINT ( 'NONE',  ( -0.1250000000000000278, 0.1750000000000000444, -6.508257297857520307E-16 ) ) ;
#730 = CARTESIAN_POINT ( 'NONE',  ( -6.791301097954400183E-16, 0.1625000000000000333, 0.09185948719544560770 ) ) ;
#731 = ORGANIZATION ( 'UNSPECIFIED', 'UNSPECIFIED', '' ) ;
#732 = CARTESIAN_POINT ( 'NONE',  ( -6.831886520882599770E-16, 0.3437500000000000555, 0.1250000000000000278 ) ) ;
#733 = CARTESIAN_POINT ( 'NONE',  ( 0.09185948719544582974, 0.08437500000000003331, -0.03804944542899061505 ) ) ;
#734 = CARTESIAN_POINT ( 'NONE',  ( -0.03804944542899191262, 0.3656250000000000888, 0.09185948719544533014 ) ) ;
#735 = CARTESIAN_POINT ( 'NONE',  ( -0.09185948719544562158, 0.2562500000000000333, -6.487964586393420021E-16 ) ) ;
#736 = CARTESIAN_POINT ( 'NONE',  ( -0.08838834764831893231, 0.08125000000000001665, 0.08838834764831798863 ) ) ;
#737 = CARTESIAN_POINT ( 'NONE',  ( -0.08838834764831893231, 0.03750000000000002637, 0.08838834764831798863 ) ) ;
#738 = CARTESIAN_POINT ( 'NONE',  ( 0.1250000000000002498, 0.1593750000000000722, -0.05177669529663628950 ) ) ;
#739 = CARTESIAN_POINT ( 'NONE',  ( 0.08838834764831889068, 0.2062500000000000444, -0.08838834764831794699 ) ) ;
#740 = CARTESIAN_POINT ( 'NONE',  ( 0.06495446631221886424, 0.1312500000000000333, -0.06495446631221794831 ) ) ;
#741 = CARTESIAN_POINT ( 'NONE',  ( -0.1250000000000003053, 0.2843750000000000444, 0.05177669529663625481 ) ) ;
#742 = CARTESIAN_POINT ( 'NONE',  ( 6.184628074832439858E-16, 0.4437500000000000888, -0.09185948719544560770 ) ) ;
#743 = CARTESIAN_POINT ( 'NONE',  ( 0.03804944542899054566, 0.2718750000000000333, 0.09185948719544588525 ) ) ;
#744 = CARTESIAN_POINT ( 'NONE',  ( -0.09185948719544562158, 0.5000000000000000000, -6.487964586393420021E-16 ) ) ;
#745 = CARTESIAN_POINT ( 'NONE',  ( -0.1250000000000000278, 0.2250000000000000333, -6.508257297857520307E-16 ) ) ;
#746 = CARTESIAN_POINT ( 'NONE',  ( -0.005268428489232412741, 0.2620621602091942060, 0.09170828233624310488 ) ) ;
#747 = DIRECTION ( 'NONE',  ( -1.000000000000000000, -8.195543980992790888E-17, 0.000000000000000000 ) ) ;
#748 = CARTESIAN_POINT ( 'NONE',  ( 6.184628074832439858E-16, 0.1625000000000000333, -0.1250000000000000000 ) ) ;
#749 = CARTESIAN_POINT ( 'NONE',  ( -6.791301097954400183E-16, 0.1125000000000000305, 0.09185948719544560770 ) ) ;
#750 = CARTESIAN_POINT ( 'NONE',  ( -0.08838834764831801638, 0.2750000000000000222, -0.08838834764831891844 ) ) ;
#751 = DIRECTION ( 'NONE',  ( -1.000000000000000000, -1.821231995776179423E-16, 0.000000000000000000 ) ) ;
#752 = ADVANCED_FACE ( 'NONE', ( #929 ), #772, .F. ) ;
#753 = CARTESIAN_POINT ( 'NONE',  ( 0.09185948719544581587, 0.3843750000000000222, -0.03804944542899061505 ) ) ;
#754 = ORIENTED_EDGE ( 'NONE', *, *, #1816, .F. ) ;
#755 = CARTESIAN_POINT ( 'NONE',  ( 0.09185948719544557994, 0.1812500000000000500, 6.600460013358639369E-16 ) ) ;
#756 = CARTESIAN_POINT ( 'NONE',  ( 6.184628074832439858E-16, 0.4375000000000000555, -0.09185948719544560770 ) ) ;
#757 = CARTESIAN_POINT ( 'NONE',  ( 0.08838834764831796087, 0.1500000000000000500, 0.08838834764831893231 ) ) ;
#758 = CARTESIAN_POINT ( 'NONE',  ( -0.1250000000000000278, 0.2250000000000000333, -6.508257297857520307E-16 ) ) ;
#759 = CARTESIAN_POINT ( 'NONE',  ( -0.04561451268029384498, 0.2562534650982434825, -0.09797031657045965347 ) ) ;
#760 = CARTESIAN_POINT ( 'NONE',  ( -0.08652889029653085262, 0.2610917182976499329, 0.03848516419097530727 ) ) ;
#761 = CARTESIAN_POINT ( 'NONE',  ( 6.184628074832439858E-16, 0.5125000000000000666, -0.1250000000000000000 ) ) ;
#762 = CARTESIAN_POINT ( 'NONE',  ( 0.09185948719544530239, 0.1718750000000000278, 0.03804944542899193344 ) ) ;
#763 = DIRECTION ( 'NONE',  ( -4.939539904345632987E-16, 1.000000000000000000, -0.000000000000000000 ) ) ;
#764 = CARTESIAN_POINT ( 'NONE',  ( -0.09185948719544562158, 0.1562500000000000278, -6.487964586393420021E-16 ) ) ;
#765 = CARTESIAN_POINT ( 'NONE',  ( 0.09185948719544581587, 0.4843750000000000555, -0.03804944542899061505 ) ) ;
#766 = CARTESIAN_POINT ( 'NONE',  ( 0.09185948719544530239, 0.1281250000000000444, 0.03804944542899193344 ) ) ;
#767 = CARTESIAN_POINT ( 'NONE',  ( -0.05177669529663627562, -0.07812499999999997224, -0.1250000000000002776 ) ) ;
#768 = CARTESIAN_POINT ( 'NONE',  ( 0.000000000000000000, 0.6250000000000000000, 0.000000000000000000 ) ) ;
#769 = AXIS2_PLACEMENT_3D ( 'NONE', #317, #943, #1764 ) ;
#770 = MANIFOLD_SOLID_BREP ( 'Cut-Revolve1', #1236 ) ;
#771 = EDGE_CURVE ( 'NONE', #2065, #870, #1182, .T. ) ;
#772 = CONICAL_SURFACE ( 'NONE', #1455, 0.1250000000000000000, 1.221730476396026832 ) ;
#773 = CARTESIAN_POINT ( 'NONE',  ( -0.07384991864135111161, 0.2573223992133826243, -0.07482951427689241153 ) ) ;
#774 = CARTESIAN_POINT ( 'NONE',  ( 0.05802738279333471971, 0.2536314552565991365, 0.09960687488884725771 ) ) ;
#775 = CARTESIAN_POINT ( 'NONE',  ( -0.05177669529663627562, 0.4656250000000000111, -0.1250000000000002776 ) ) ;
#776 = CARTESIAN_POINT ( 'NONE',  ( -6.791301097954400183E-16, 0.3125000000000000000, 0.09185948719544560770 ) ) ;
#777 = CARTESIAN_POINT ( 'NONE',  ( -0.06128916356958616363, 0.01431161290631379618, -0.1043979469893693973 ) ) ;
#778 =( LENGTH_UNIT ( ) NAMED_UNIT ( * ) SI_UNIT ( $, .METRE. ) );
#779 = CARTESIAN_POINT ( 'NONE',  ( 0.03804944542899054566, 0.4218750000000000555, 0.09185948719544588525 ) ) ;
#780 = CARTESIAN_POINT ( 'NONE',  ( 6.184628074832439858E-16, 0.3437500000000000555, -0.09185948719544560770 ) ) ;
#781 = CARTESIAN_POINT ( 'NONE',  ( 0.05177669529663619236, -0.1031249999999999806, 0.1250000000000003331 ) ) ;
#782 = DIRECTION ( 'NONE',  ( -1.000000000000000000, 0.000000000000000000, 0.000000000000000000 ) ) ;
#783 = EDGE_CURVE ( 'NONE', #2342, #270, #2189, .T. ) ;
#784 = DIRECTION ( 'NONE',  ( -1.000000000000000000, -6.556435184794235669E-16, 0.000000000000000000 ) ) ;
#785 = CARTESIAN_POINT ( 'NONE',  ( 0.09185948719544530239, -0.07812499999999998612, 0.03804944542899193344 ) ) ;
#786 = CARTESIAN_POINT ( 'NONE',  ( -0.09185948719544588525, -0.09062499999999999722, 0.03804944542899058035 ) ) ;
#787 = CARTESIAN_POINT ( 'NONE',  ( 6.184628074832439858E-16, 0.2875000000000000333, -0.09185948719544560770 ) ) ;
#788 = LINE ( 'NONE', #1606, #2154 ) ;
#789 = CARTESIAN_POINT ( 'NONE',  ( -0.08838834764831801638, 0.02500000000000002220, -0.08838834764831891844 ) ) ;
#790 = CARTESIAN_POINT ( 'NONE',  ( 0.2083333333333333148, 0.3454962792832758089, 2.551347498223651385E-17 ) ) ;
#791 = ORIENTED_EDGE ( 'NONE', *, *, #2425, .T. ) ;
#792 = CARTESIAN_POINT ( 'NONE',  ( -0.09185948719544534402, 0.4531250000000000555, -0.03804944542899188487 ) ) ;
#793 = CARTESIAN_POINT ( 'NONE',  ( -6.831886520882599770E-16, -0.05624999999999998057, 0.1250000000000000278 ) ) ;
#794 = CARTESIAN_POINT ( 'NONE',  ( -0.1250000000000000278, 0.1312500000000000611, -6.508257297857520307E-16 ) ) ;
#795 =( BOUNDED_CURVE ( )  B_SPLINE_CURVE ( 2, ( #1641, #2458, #2590, #2049, #1230, #622, #1563, #2378, #745 ),
 .UNSPECIFIED., .F., .T. ) 
 B_SPLINE_CURVE_WITH_KNOTS ( ( 3, 2, 2, 2, 3 ),
 ( 0.4423076923076922906, 0.4519230769230769273, 0.4615384615384615641, 0.4711538461538461453, 0.4807692307692307820 ),
 .UNSPECIFIED. ) 
 CURVE ( )  GEOMETRIC_REPRESENTATION_ITEM ( )  RATIONAL_B_SPLINE_CURVE ( ( 1.000000000000000000, 0.9238795325112867385, 1.000000000000000000, 0.9238795325112867385, 1.000000000000000000, 0.9238795325112867385, 1.000000000000000000, 0.9238795325112867385, 1.000000000000000000 ) ) 
 REPRESENTATION_ITEM ( '' )  );
#796 = CARTESIAN_POINT ( 'NONE',  ( -0.01845441640103350975, 0.2554017115597955745, -0.1088498811257861271 ) ) ;
#797 = CARTESIAN_POINT ( 'NONE',  ( -0.03804944542899191262, 0.1093750000000000139, 0.09185948719544533014 ) ) ;
#798 = CARTESIAN_POINT ( 'NONE',  ( -0.06495446631221890588, 0.05625000000000001527, 0.06495446631221796219 ) ) ;
#799 = CARTESIAN_POINT ( 'NONE',  ( -0.1249999999999997780, 0.4218749999999999445, -0.05177669529663754544 ) ) ;
#800 = CARTESIAN_POINT ( 'NONE',  ( -0.03804944542899062199, 0.4406249999999999889, -0.09185948719544587138 ) ) ;
#801 = CARTESIAN_POINT ( 'NONE',  ( -0.1158170918448538506, 0.01918290815514624853, -0.009510497065937142600 ) ) ;
#802 = CARTESIAN_POINT ( 'NONE',  ( -0.09185948719544537178, 0.1531250000000000111, -0.03804944542899188487 ) ) ;
#803 = EDGE_CURVE ( 'NONE', #656, #1745, #518, .T. ) ;
#804 = CARTESIAN_POINT ( 'NONE',  ( -0.08838834764831893231, 0.2312500000000000666, 0.08838834764831798863 ) ) ;
#805 = CARTESIAN_POINT ( 'NONE',  ( -0.05177669529663755932, -0.06562499999999997502, 0.1249999999999997502 ) ) ;
#806 = CARTESIAN_POINT ( 'NONE',  ( 0.06495446631221793443, 0.4750000000000000333, 0.06495446631221887812 ) ) ;
#807 = CARTESIAN_POINT ( 'NONE',  ( 0.08838834764831890456, 0.01250000000000003712, -0.08838834764831796087 ) ) ;
#808 = DIRECTION ( 'NONE',  ( 0.7071067811865474617, -0.7071067811865475727, 0.000000000000000000 ) ) ;
#809 = SECURITY_CLASSIFICATION ( '', '', #11 ) ;
#810 = CLOSED_SHELL ( 'NONE', ( #2144, #223, #2095, #1441, #1590, #2125, #514, #1773, #443, #2056, #1085 ) ) ;
#811 = ORIENTED_EDGE ( 'NONE', *, *, #528, .F. ) ;
#812 =( BOUNDED_CURVE ( )  B_SPLINE_CURVE ( 2, ( #1998, #738, #2187, #963, #2592, #2164, #1145, #1160, #166 ),
 .UNSPECIFIED., .F., .F. ) 
 B_SPLINE_CURVE_WITH_KNOTS ( ( 3, 2, 2, 2, 3 ),
 ( 0.4423076923076922906, 0.4519230769230769273, 0.4615384615384615641, 0.4711538461538461453, 0.4807692307692307820 ),
 .UNSPECIFIED. ) 
 CURVE ( )  GEOMETRIC_REPRESENTATION_ITEM ( )  RATIONAL_B_SPLINE_CURVE ( ( 1.000000000000000000, 0.9238795325112867385, 1.000000000000000000, 0.9238795325112867385, 1.000000000000000000, 0.9238795325112867385, 1.000000000000000000, 0.9238795325112867385, 1.000000000000000000 ) ) 
 REPRESENTATION_ITEM ( '' )  );
#813 = CARTESIAN_POINT ( 'NONE',  ( -0.03908404090802436448, 0.2560363318230950980, -0.1013857279296251496 ) ) ;
#814 = CARTESIAN_POINT ( 'NONE',  ( -0.06495446631221798994, 0.04375000000000001110, -0.06495446631221887812 ) ) ;
#815 = AXIS2_PLACEMENT_3D ( 'NONE', #23, #2272, #430 ) ;
#816 = CARTESIAN_POINT ( 'NONE',  ( -0.09185948719544562158, 1.707404996040164512E-17, -6.487964586393420021E-16 ) ) ;
#817 = CARTESIAN_POINT ( 'NONE',  ( -0.1250000000000000278, 0.4250000000000000999, -6.508257297857520307E-16 ) ) ;
#818 = CARTESIAN_POINT ( 'NONE',  ( 0.06495446631221886424, 0.4312500000000000777, -0.06495446631221794831 ) ) ;
#819 = CYLINDRICAL_SURFACE ( 'NONE', #1629, 0.1250000000000000000 ) ;
#820 = DATE_AND_TIME ( #1838, #2107 ) ;
#821 = CARTESIAN_POINT ( 'NONE',  ( -0.05177669529663757320, 0.2343750000000000278, 0.1249999999999997780 ) ) ;
#822 = EDGE_CURVE ( 'NONE', #2335, #1317, #551, .T. ) ;
#823 = CYLINDRICAL_SURFACE ( 'NONE', #1284, 0.1250000000000000000 ) ;
#824 = ORIENTED_EDGE ( 'NONE', *, *, #590, .F. ) ;
#825 = CARTESIAN_POINT ( 'NONE',  ( 6.184628074832439858E-16, 0.2937500000000000666, -0.09185948719544560770 ) ) ;
#826 = CARTESIAN_POINT ( 'NONE',  ( 0.08838834764831890456, 0.06250000000000002776, -0.08838834764831796087 ) ) ;
#827 = CARTESIAN_POINT ( 'NONE',  ( -0.08838834764831893231, 0.2375000000000000722, 0.08838834764831798863 ) ) ;
#828 = VERTEX_POINT ( 'NONE', #120 ) ;
#829 = CARTESIAN_POINT ( 'NONE',  ( -0.06236920843121979835, 0.04344972404358342366, -0.06753972419321704890 ) ) ;
#830 = CARTESIAN_POINT ( 'NONE',  ( 0.06495446631221793443, -0.03124999999999998959, 0.06495446631221887812 ) ) ;
#831 = CARTESIAN_POINT ( 'NONE',  ( -0.09185948719544588525, 0.05937500000000003192, 0.03804944542899058035 ) ) ;
#832 = CARTESIAN_POINT ( 'NONE',  ( -0.09185948719544534402, 0.3468750000000000999, -0.03804944542899188487 ) ) ;
#833 = DIRECTION ( 'NONE',  ( -1.224646799147352468E-16, 1.000000000000000000, 0.000000000000000000 ) ) ;
#834 = CARTESIAN_POINT ( 'NONE',  ( -0.05177669529663627562, 0.1156250000000000194, -0.1250000000000002776 ) ) ;
#835 = CARTESIAN_POINT ( 'NONE',  ( -0.08838834764831800250, 0.1187500000000000361, -0.08838834764831890456 ) ) ;
#836 = EDGE_LOOP ( 'NONE', ( #2097, #435, #2247, #423 ) ) ;
#837 = CARTESIAN_POINT ( 'NONE',  ( 0.03804944542899192650, 0.2906250000000000777, -0.09185948719544533014 ) ) ;
#838 = CARTESIAN_POINT ( 'NONE',  ( -0.1250000000000003053, 0.2343750000000000000, 0.05177669529663625481 ) ) ;
#839 = CARTESIAN_POINT ( 'NONE',  ( 0.07925813848396608130, 0.03865500621420287636, -0.05509962661927623323 ) ) ;
#840 = EDGE_CURVE ( 'NONE', #571, #244, #1975, .T. ) ;
#841 = ORIENTED_EDGE ( 'NONE', *, *, #157, .F. ) ;
#842 = CARTESIAN_POINT ( 'NONE',  ( 0.09185948719544582974, 0.1281250000000000444, -0.03804944542899061505 ) ) ;
#843 = CARTESIAN_POINT ( 'NONE',  ( 0.06495446631221886424, 0.03125000000000002776, -0.06495446631221794831 ) ) ;
#844 = CARTESIAN_POINT ( 'NONE',  ( 0.03804944542899054566, -0.02812499999999998682, 0.09185948719544588525 ) ) ;
#845 = CARTESIAN_POINT ( 'NONE',  ( 6.633503495381494587E-17, 0.08333333333333324544, 0.000000000000000000 ) ) ;
#846 = DATE_TIME_ROLE ( 'creation_date' ) ;
#847 = FACE_BOUND ( 'NONE', #365, .T. ) ;
#848 = CARTESIAN_POINT ( 'NONE',  ( 0.1250000000000002220, 0.1031250000000000638, -0.05177669529663627562 ) ) ;
#849 = VERTEX_POINT ( 'NONE', #1748 ) ;
#850 = CARTESIAN_POINT ( 'NONE',  ( -0.03804944542899062199, -0.009374999999999985775, -0.09185948719544587138 ) ) ;
#851 = CARTESIAN_POINT ( 'NONE',  ( -0.08838834764831893231, 0.1375000000000000666, 0.08838834764831798863 ) ) ;
#852 = CARTESIAN_POINT ( 'NONE',  ( 0.08838834764831796087, 0.2500000000000000555, 0.08838834764831893231 ) ) ;
#853 = APPROVAL ( #2273, 'UNSPECIFIED' ) ;
#854 = ORIENTED_EDGE ( 'NONE', *, *, #1516, .T. ) ;
#855 = AXIS2_PLACEMENT_3D ( 'NONE', #2308, #1671, #1873 ) ;
#856 = ADVANCED_FACE ( 'NONE', ( #2570 ), #1428, .F. ) ;
#857 = CARTESIAN_POINT ( 'NONE',  ( -0.1087688760145390787, 0.02112583704541559290, 0.03444213876962268911 ) ) ;
#858 = CARTESIAN_POINT ( 'NONE',  ( 0.06495446631221886424, 0.1312500000000000333, -0.06495446631221794831 ) ) ;
#859 = CARTESIAN_POINT ( 'NONE',  ( -0.09185948719544588525, -0.04062499999999998751, 0.03804944542899058035 ) ) ;
#860 = DIRECTION ( 'NONE',  ( -1.000000000000000000, -1.821231995776179423E-16, 0.000000000000000000 ) ) ;
#861 = APPROVAL_STATUS ( 'not_yet_approved' ) ;
#862 = AXIS2_PLACEMENT_3D ( 'NONE', #845, #1679, #674 ) ;
#863 = CARTESIAN_POINT ( 'NONE',  ( -0.08838834764831893231, 0.1812500000000000500, 0.08838834764831798863 ) ) ;
#864 = CARTESIAN_POINT ( 'NONE',  ( 0.1249999999999999861, 0.1500000000000000500, 6.661338147750940229E-16 ) ) ;
#865 = ORIENTED_EDGE ( 'NONE', *, *, #2425, .F. ) ;
#866 = CARTESIAN_POINT ( 'NONE',  ( 0.09185948719544557994, -0.07499999999999999722, 6.600460013358639369E-16 ) ) ;
#867 = CARTESIAN_POINT ( 'NONE',  ( 6.184628074832439858E-16, 0.2687500000000000444, -0.1250000000000000278 ) ) ;
#868 = CARTESIAN_POINT ( 'NONE',  ( -0.2916666666666666297, 0.6250000000000000000, 0.000000000000000000 ) ) ;
#869 = CARTESIAN_POINT ( 'NONE',  ( 0.09185948719544581587, 0.03437500000000002359, -0.03804944542899061505 ) ) ;
#870 = VERTEX_POINT ( 'NONE', #1567 ) ;
#871 = CARTESIAN_POINT ( 'NONE',  ( 0.09185948719544530239, 0.3218750000000000777, 0.03804944542899193344 ) ) ;
#872 = DIRECTION ( 'NONE',  ( -1.000000000000000000, -4.917326388595677738E-16, 0.000000000000000000 ) ) ;
#873 = EDGE_CURVE ( 'NONE', #828, #2342, #373, .T. ) ;
#874 = CARTESIAN_POINT ( 'NONE',  ( 0.09185948719544530239, 0.2718750000000000888, 0.03804944542899193344 ) ) ;
#875 = CARTESIAN_POINT ( 'NONE',  ( -0.09185948719544588525, 0.1093750000000000278, 0.03804944542899058035 ) ) ;
#876 = DIRECTION ( 'NONE',  ( 4.073082549640102053E-18, -1.000000000000000000, -0.000000000000000000 ) ) ;
#877 = APPROVAL_DATE_TIME ( #431, #853 ) ;
#878 = CARTESIAN_POINT ( 'NONE',  ( -0.1250000000000000000, -0.05000000000000000971, 1.530808498934191509E-17 ) ) ;
#879 = CARTESIAN_POINT ( 'NONE',  ( -0.05177669529663627562, 0.06562500000000001665, -0.1250000000000002776 ) ) ;
#880 = ORIENTED_EDGE ( 'NONE', *, *, #1854, .T. ) ;
#881 = CARTESIAN_POINT ( 'NONE',  ( -0.06495446631221890588, 0.006250000000000018562, 0.06495446631221796219 ) ) ;
#882 = CARTESIAN_POINT ( 'NONE',  ( 0.1250000000000002220, 0.1093750000000000278, -0.05177669529663629644 ) ) ;
#883 = CARTESIAN_POINT ( 'NONE',  ( -0.1250000000000000278, 0.08125000000000004441, -6.508257297857520307E-16 ) ) ;
#884 = CARTESIAN_POINT ( 'NONE',  ( -6.791301097954400183E-16, 0.2187500000000000278, 0.09185948719544560770 ) ) ;
#885 = CARTESIAN_POINT ( 'NONE',  ( -0.09185948719544562158, -0.04374999999999998335, -6.487964586393420021E-16 ) ) ;
#886 = ORIENTED_EDGE ( 'NONE', *, *, #2266, .F. ) ;
#887 = CARTESIAN_POINT ( 'NONE',  ( -6.791301097954400183E-16, 0.4625000000000000777, 0.09185948719544560770 ) ) ;
#888 = CARTESIAN_POINT ( 'NONE',  ( 0.000000000000000000, 0.6250000000000000000, 0.000000000000000000 ) ) ;
#889 = CARTESIAN_POINT ( 'NONE',  ( 0.09185948719544581587, 0.1781250000000000333, -0.03804944542899061505 ) ) ;
#890 = CARTESIAN_POINT ( 'NONE',  ( -0.09185948719544562158, 0.006250000000000018562, -6.487964586393420021E-16 ) ) ;
#891 = ADVANCED_FACE ( 'NONE', ( #991 ), #362, .F. ) ;
#892 = CARTESIAN_POINT ( 'NONE',  ( 8.859434098758769364E-19, 0.04314051280455452608, 0.000000000000000000 ) ) ;
#893 = CARTESIAN_POINT ( 'NONE',  ( -0.05438806425941965922, 0.04154530071952169251, -0.07643821080284948777 ) ) ;
#894 = CARTESIAN_POINT ( 'NONE',  ( 0.08838834764831889068, 0.05625000000000002914, -0.08838834764831794699 ) ) ;
#895 = EDGE_LOOP ( 'NONE', ( #1027, #1517, #638, #525 ) ) ;
#896 = CARTESIAN_POINT ( 'NONE',  ( -6.791301097954400183E-16, -0.03749999999999999167, 0.09185948719544560770 ) ) ;
#897 = CARTESIAN_POINT ( 'NONE',  ( -0.05177669529663757320, 0.1906250000000000444, 0.1249999999999997780 ) ) ;
#898 = CARTESIAN_POINT ( 'NONE',  ( 0.09185948719544530239, 0.07812500000000005551, 0.03804944542899193344 ) ) ;
#899 = CARTESIAN_POINT ( 'NONE',  ( 0.06495446631221886424, 0.2875000000000000888, -0.06495446631221794831 ) ) ;
#900 = CARTESIAN_POINT ( 'NONE',  ( 0.06495446631221793443, 0.02500000000000002220, 0.06495446631221887812 ) ) ;
#901 = ORIENTED_EDGE ( 'NONE', *, *, #715, .F. ) ;
#902 = CARTESIAN_POINT ( 'NONE',  ( 0.09185948719544557994, 0.4750000000000001443, 6.600460013358639369E-16 ) ) ;
#903 = CARTESIAN_POINT ( 'NONE',  ( -0.06495446631221890588, 0.2562500000000000888, 0.06495446631221796219 ) ) ;
#904 = CARTESIAN_POINT ( 'NONE',  ( 0.06495446631221793443, 0.1687500000000000389, 0.06495446631221887812 ) ) ;
#905 = CYLINDRICAL_SURFACE ( 'NONE', #1550, 0.1250000000000000000 ) ;
#906 = CARTESIAN_POINT ( 'NONE',  ( 0.1114850319578778726, 0.01000000000000011817, -0.05653395129787894269 ) ) ;
#907 = CARTESIAN_POINT ( 'NONE',  ( 0.1249999999999996669, 0.2468750000000000944, 0.05177669529663759401 ) ) ;
#908 = ORIENTED_EDGE ( 'NONE', *, *, #1424, .T. ) ;
#909 = CARTESIAN_POINT ( 'NONE',  ( 0.09185948719544557994, -0.02499999999999999098, 6.600460013358639369E-16 ) ) ;
#910 = CARTESIAN_POINT ( 'NONE',  ( 0.05177669529663758707, 0.3656250000000000888, -0.1249999999999997363 ) ) ;
#911 = CARTESIAN_POINT ( 'NONE',  ( 0.003656106757540274980, 0.04344972404358340978, -0.09185948719544557994 ) ) ;
#912 = VECTOR ( 'NONE', #207, 39.37007874015748143 ) ;
#913 = EDGE_CURVE ( 'NONE', #321, #2205, #352, .T. ) ;
#914 = CARTESIAN_POINT ( 'NONE',  ( -0.09185948719544562158, 0.3062500000000000222, -6.487964586393420021E-16 ) ) ;
#915 = CARTESIAN_POINT ( 'NONE',  ( 0.03804944542899054566, 0.07187500000000003608, 0.09185948719544588525 ) ) ;
#916 = ORIENTED_EDGE ( 'NONE', *, *, #528, .T. ) ;
#917 = CARTESIAN_POINT ( 'NONE',  ( 0.03804944542899192650, 0.1843750000000000389, -0.09185948719544533014 ) ) ;
#918 = CARTESIAN_POINT ( 'NONE',  ( -0.06495446631221798994, 0.2437500000000000500, -0.06495446631221887812 ) ) ;
#919 = DIRECTION ( 'NONE',  ( 0.000000000000000000, 0.000000000000000000, -1.000000000000000000 ) ) ;
#920 = CARTESIAN_POINT ( 'NONE',  ( 0.03673449653307873236, 0.02399859964030117906, -0.1050620328908723894 ) ) ;
#921 = CARTESIAN_POINT ( 'NONE',  ( 0.1249999999999999861, 0.3500000000000000888, 6.661338147750940229E-16 ) ) ;
#922 = CARTESIAN_POINT ( 'NONE',  ( 0.09185948719544530239, 0.07187500000000003608, 0.03804944542899193344 ) ) ;
#923 = CARTESIAN_POINT ( 'NONE',  ( -0.05177669529663757320, 0.4406249999999999889, 0.1249999999999997780 ) ) ;
#924 = CARTESIAN_POINT ( 'NONE',  ( -0.09185948719544537178, 0.05312500000000003331, -0.03804944542899188487 ) ) ;
#925 = CARTESIAN_POINT ( 'NONE',  ( -0.06495446631221798994, 0.2000000000000000111, -0.06495446631221887812 ) ) ;
#926 = CARTESIAN_POINT ( 'NONE',  ( 0.06495446631221793443, -0.02499999999999999098, 0.06495446631221887812 ) ) ;
#927 = ADVANCED_FACE ( 'NONE', ( #1391 ), #311, .F. ) ;
#928 = ORIENTED_EDGE ( 'NONE', *, *, #1258, .F. ) ;
#929 = FACE_OUTER_BOUND ( 'NONE', #1847, .T. ) ;
#930 = CARTESIAN_POINT ( 'NONE',  ( 0.05177669529663619236, 0.1906250000000000444, 0.1250000000000003053 ) ) ;
#931 = CARTESIAN_POINT ( 'NONE',  ( 0.06495446631221793443, 0.2187500000000000555, 0.06495446631221887812 ) ) ;
#932 = CARTESIAN_POINT ( 'NONE',  ( -0.05177669529663627562, 0.4718750000000000444, -0.1250000000000002776 ) ) ;
#933 = CARTESIAN_POINT ( 'NONE',  ( -0.06495446631221890588, 0.06250000000000001388, 0.06495446631221796219 ) ) ;
#934 = CARTESIAN_POINT ( 'NONE',  ( -0.06495446631221798994, 0.1500000000000000500, -0.06495446631221887812 ) ) ;
#935 = CARTESIAN_POINT ( 'NONE',  ( 6.184628074832439858E-16, 0.2437500000000000222, -0.09185948719544560770 ) ) ;
#936 = ORIENTED_EDGE ( 'NONE', *, *, #395, .T. ) ;
#937 = DIRECTION ( 'NONE',  ( 1.000000000000000000, 0.000000000000000000, 0.000000000000000000 ) ) ;
#938 = CARTESIAN_POINT ( 'NONE',  ( 0.08123320082022239541, 0.2508479147476005977, 0.09224890491138912352 ) ) ;
#939 = CARTESIAN_POINT ( 'NONE',  ( 0.1249999999999999861, 0.2000000000000000389, 6.661338147750940229E-16 ) ) ;
#940 = CARTESIAN_POINT ( 'NONE',  ( -0.09185948719544534402, 0.09687500000000000278, -0.03804944542899188487 ) ) ;
#941 = PRODUCT_DEFINITION_FORMATION_WITH_SPECIFIED_SOURCE ( 'ANY', '', #389, .NOT_KNOWN. ) ;
#942 = CARTESIAN_POINT ( 'NONE',  ( -0.1250000000000000278, 0.3312500000000000444, -6.508257297857520307E-16 ) ) ;
#943 = DIRECTION ( 'NONE',  ( 4.939539904345632987E-16, -1.000000000000000000, 0.000000000000000000 ) ) ;
#944 = CARTESIAN_POINT ( 'NONE',  ( 0.03804944542899192650, 0.4906250000000000333, -0.09185948719544533014 ) ) ;
#945 = CARTESIAN_POINT ( 'NONE',  ( 0.09185948719544530239, 0.1781250000000000333, 0.03804944542899193344 ) ) ;
#946 = CARTESIAN_POINT ( 'NONE',  ( -0.09185948719544562158, 0.3500000000000000888, -6.487964586393420021E-16 ) ) ;
#947 = CARTESIAN_POINT ( 'NONE',  ( -0.1250000000000002776, -0.07187500000000000833, 0.05177669529663624093 ) ) ;
#948 = CARTESIAN_POINT ( 'NONE',  ( 3.422933369255118630E-17, 0.3454962792832758089, 0.000000000000000000 ) ) ;
#949 = EDGE_CURVE ( 'NONE', #321, #597, #717, .T. ) ;
#950 = CARTESIAN_POINT ( 'NONE',  ( -0.1250000000000000000, -0.05000000000000000971, 1.530808498934191509E-17 ) ) ;
#951 = CARTESIAN_POINT ( 'NONE',  ( 0.1249999999999996669, 0.2968750000000000000, 0.05177669529663759401 ) ) ;
#952 = CARTESIAN_POINT ( 'NONE',  ( -0.09185948719544534402, 0.2468750000000000944, -0.03804944542899188487 ) ) ;
#953 = CARTESIAN_POINT ( 'NONE',  ( 0.1250000000000002220, 0.3093750000000000111, -0.05177669529663629644 ) ) ;
#954 = CARTESIAN_POINT ( 'NONE',  ( 0.09185948719544557994, 0.1812500000000000500, 6.600460013358639369E-16 ) ) ;
#955 = FACE_OUTER_BOUND ( 'NONE', #1451, .T. ) ;
#956 = ORIENTED_EDGE ( 'NONE', *, *, #2582, .T. ) ;
#957 = CARTESIAN_POINT ( 'NONE',  ( 0.06495446631221793443, 0.1250000000000000278, 0.06495446631221887812 ) ) ;
#958 = CARTESIAN_POINT ( 'NONE',  ( 0.03804944542899054566, 0.4156250000000001332, 0.09185948719544588525 ) ) ;
#959 = CARTESIAN_POINT ( 'NONE',  ( 6.184628074832439858E-16, 0.1375000000000000389, -0.09185948719544560770 ) ) ;
#960 = CARTESIAN_POINT ( 'NONE',  ( -0.08838834764831801638, 0.01875000000000002359, -0.08838834764831891844 ) ) ;
#961 = B_SPLINE_CURVE_WITH_KNOTS ( 'NONE', 3,
 ( #165, #177, #1985, #2040, #2414, #151, #202, #2198, #1426, #998, #1012, #962, #1781, #2603, #2210, #1804, #1831, #972, #575, #796, #2, #813, #759, #358, #987, #773, #2627, #1577, #2401, #1792, #1817, #2638, #1612, #564 ),
 .UNSPECIFIED., .F., .F.,
 ( 4, 2, 2, 2, 2, 2, 2, 2, 2, 2, 2, 2, 2, 2, 2, 2, 4 ),
 ( 4.925532607628325914E-17, 0.0005551605843610255692, 0.001110321168722001916, 0.001665481753082978045, 0.002220642337443954825, 0.002775802921804931822, 0.003330963506165907952, 0.003886124090526884949, 0.004441284674887861945, 0.004996445259248838942, 0.005551605843609815072, 0.006106766427970791201, 0.006661927012331766464, 0.007217087596692743461, 0.007772248181053719590, 0.008327408765414694852, 0.008882569349775671849 ),
 .UNSPECIFIED. ) ;
#962 = CARTESIAN_POINT ( 'NONE',  ( 0.06654798952094098663, 0.2529942167259350838, -0.09623045215357226012 ) ) ;
#963 = CARTESIAN_POINT ( 'NONE',  ( 0.05177669529663758707, 0.1656250000000000222, -0.1249999999999997363 ) ) ;
#964 = CARTESIAN_POINT ( 'NONE',  ( 0.1249999999999999861, 0.4500000000000001221, 6.661338147750940229E-16 ) ) ;
#965 = CARTESIAN_POINT ( 'NONE',  ( 0.03804944542899054566, 0.06562500000000004441, 0.09185948719544588525 ) ) ;
#966 = DIRECTION ( 'NONE',  ( -1.000000000000000000, -1.224646799147352221E-16, 0.000000000000000000 ) ) ;
#967 = CARTESIAN_POINT ( 'NONE',  ( -6.791301097954400183E-16, 0.4687500000000001110, 0.09185948719544560770 ) ) ;
#968 = CARTESIAN_POINT ( 'NONE',  ( 0.03804944542899054566, 0.1718750000000000278, 0.09185948719544588525 ) ) ;
#969 = CARTESIAN_POINT ( 'NONE',  ( 0.1250000000000000000, -0.04374999999999997641, 6.661338147750940229E-16 ) ) ;
#970 = CARTESIAN_POINT ( 'NONE',  ( -0.08838834764831893231, 0.1375000000000000666, 0.08838834764831798863 ) ) ;
#971 =( BOUNDED_CURVE ( )  B_SPLINE_CURVE ( 2, ( #690, #79, #737, #1326, #1144, #2559, #2569, #1133, #1507 ),
 .UNSPECIFIED., .F., .T. ) 
 B_SPLINE_CURVE_WITH_KNOTS ( ( 3, 2, 2, 2, 3 ),
 ( 0.2500000000000000000, 0.2596153846153846367, 0.2692307692307692180, 0.2788461538461538547, 0.2884615384615384359 ),
 .UNSPECIFIED. ) 
 CURVE ( )  GEOMETRIC_REPRESENTATION_ITEM ( )  RATIONAL_B_SPLINE_CURVE ( ( 1.000000000000000000, 0.9238795325112867385, 1.000000000000000000, 0.9238795325112867385, 1.000000000000000000, 0.9238795325112867385, 1.000000000000000000, 0.9238795325112867385, 1.000000000000000000 ) ) 
 REPRESENTATION_ITEM ( '' )  );
#972 = CARTESIAN_POINT ( 'NONE',  ( 0.003309910557044343921, 0.2548070720383044385, -0.1119803964449491984 ) ) ;
#973 = DIRECTION ( 'NONE',  ( 1.000000000000000000, 0.000000000000000000, 0.000000000000000000 ) ) ;
#974 = CARTESIAN_POINT ( 'NONE',  ( 0.1249999999999996669, 0.4968750000000001221, 0.05177669529663759401 ) ) ;
#975 = CARTESIAN_POINT ( 'NONE',  ( -0.03804944542899191262, 0.2593750000000000222, 0.09185948719544533014 ) ) ;
#976 = CARTESIAN_POINT ( 'NONE',  ( 7.654042494670952923E-17, 0.000000000000000000, 0.000000000000000000 ) ) ;
#977 = CARTESIAN_POINT ( 'NONE',  ( -0.1250000000000000278, 0.07500000000000002498, -6.508257297857520307E-16 ) ) ;
#978 = CARTESIAN_POINT ( 'NONE',  ( 6.184628074832439858E-16, 0.3937500000000000444, -0.09185948719544560770 ) ) ;
#979 = ORIENTED_EDGE ( 'NONE', *, *, #627, .F. ) ;
#980 = CARTESIAN_POINT ( 'NONE',  ( 0.03804944542899192650, 0.1906250000000000444, -0.09185948719544533014 ) ) ;
#981 = CARTESIAN_POINT ( 'NONE',  ( 0.1249999999999996947, -0.04687499999999997918, 0.05177669529663759401 ) ) ;
#982 = DIRECTION ( 'NONE',  ( 1.000000000000000000, 4.939539904345632987E-16, 0.000000000000000000 ) ) ;
#983 = VECTOR ( 'NONE', #1168, 39.37007874015748143 ) ;
#984 = EDGE_CURVE ( 'NONE', #828, #1812, #175, .T. ) ;
#985 =( BOUNDED_SURFACE ( )  B_SPLINE_SURFACE ( 1, 2, ( 
 ( #1081, #1310, #1933, #2539, #1515, #1122, #713, #309, #1065, #510, #1322, #2151, #668, #1483, #2325, #1278, #467, #1295, #452, #1948, #885, #1264, #117, #2310, #2566, #2139, #926, #1744, #726, #1886, #1498, #1096, #2096, #255, #1904, #1920, #88, #484, #56, #2124, #700, #282, #900, #1732, #296, #869, #103, #1687, #2506, #2554, #2109, #1702, #269, #1719, #72, #2522, #684, #915, #2340, #499, #1110, #172, #1777, #366, #2624, #546, #1178, #1993, #2610, #147, #1140, #1966, #162, #2182, #957, #766, #1586, #2410, #1552, #1359, #136, #340, #572, #2162, #2376, #2194, #355, #1166, #1541, #968, #1383, #945, #755, #2007, #1788, #980, #523, #2206, #1800, #1572, #1957, #535, #2599, #320, #2365, #2396, #1337, #1347, #1766, #1131, #126, #557, #935, #1370, #1754, #2576, #735, #2170, #329, #2388, #2588, #743, #1561, #1153, #1980, #1655, #15, #837, #825, #241, #1203, #2474, #639, #1051, #1609, #1871, #1022, #1843, #1452, #1190, #2421, #2035, #1813, #583, #780, #392, #1643, #436, #2446, #28, #994, #2635, #1625, #2263, #419, #197, #1421, #1437, #609, #2248, #1007, #2219, #1827, #210, #1598, #2278, #2647, #1038, #1248, #2233, #1394, #377, #2080, #2051, #2020, #406, #624, #1857, #184, #792, #227, #2460, #2432, #594, #1232, #1406, #806, #1218, #2066, #68, #279, #2550, #495, #709, #292, #1525, #2320, #653, #1062, #53, #2488 ),
 ( #695, #1106, #1306, #40, #253, #1929, #98, #1273, #2350, #2517, #507, #265, #866, #2135, #1318, #1669, #1511, #2336, #1915, #449, #1684, #2120, #1468, #1728, #896, #2147, #2502, #2104, #909, #303, #84, #1118, #1714, #850, #2533, #2293, #1261, #664, #881, #2091, #1883, #1092, #1479, #680, #2306, #462, #1077, #1899, #1699, #1494, #479, #1291, #1378, #122, #361, #2177, #335, #965, #2361, #922, #2372, #315, #1740, #2201, #1547, #1147, #1580, #940, #1162, #2158, #1127, #132, #749, #1566, #530, #2585, #2594, #1762, #740, #1342, #722, #2166, #1354, #1943, #1784, #325, #2190, #2606, #730, #2562, #112, #762, #541, #1537, #1557, #1772, #351, #517, #1331, #1365, #1976, #1989, #155, #2393, #567, #1953, #931, #1750, #1962, #143, #2405, #553, #2572, #1136, #2382, #952, #1796, #2213, #1185, #975, #2227, #2044, #578, #206, #1390, #603, #589, #2014, #787, #2059, #180, #1445, #990, #2001, #168, #1198, #776, #1017, #1431, #618, #1650, #1836, #2029, #372, #401, #1808, #414, #832, #192, #1002, #633, #1636, #2271, #2454, #1415, #1173, #1212, #386, #2630, #1605, #219, #2257, #2620, #1594, #1226, #2417, #2428, #2642, #2242, #2468, #1032, #1851, #1400, #7, #818, #22, #1821, #800, #1617, #2440, #429, #1865, #1242, #2074, #1045, #234, #369, #1996, #1170, #2010, #1159, #2238, #1591, #348, #397, #1375, #614, #188, #1208, #2450, #1632 ) ),
 .UNSPECIFIED., .F., .F., .F. ) 
 B_SPLINE_SURFACE_WITH_KNOTS ( ( 2, 2 ),
 ( 3, 2, 2, 2, 2, 2, 2, 2, 2, 2, 2, 2, 2, 2, 2, 2, 2, 2, 2, 2, 2, 2, 2, 2, 2, 2, 2, 2, 2, 2, 2, 2, 2, 2, 2, 2, 2, 2, 2, 2, 2, 2, 2, 2, 2, 2, 2, 2, 2, 2, 2, 2, 2, 2, 2, 2, 2, 2, 2, 2, 2, 2, 2, 2, 2, 2, 2, 2, 2, 2, 2, 2, 2, 2, 2, 2, 2, 2, 2, 2, 2, 2, 2, 2, 2, 2, 2, 2, 2, 2, 2, 2, 2, 2, 2, 2, 2, 2, 2, 2, 3 ),
 ( 0.000000000000000000, 1.000000000000000000 ),
 ( 0.000000000000000000, 0.009615384615384615918, 0.01923076923076923184, 0.02884615384615384776, 0.03846153846153846367, 0.04807692307692307959, 0.05769230769230769551, 0.06730769230769230449, 0.07692307692307692735, 0.08653846153846153633, 0.09615384615384615918, 0.1057692307692307682, 0.1153846153846153910, 0.1250000000000000000, 0.1346153846153846090, 0.1442307692307692180, 0.1538461538461538547, 0.1634615384615384637, 0.1730769230769230727, 0.1826923076923076816, 0.1923076923076923184, 0.2019230769230769273, 0.2115384615384615363, 0.2211538461538461453, 0.2307692307692307820, 0.2403846153846153910, 0.2500000000000000000, 0.2596153846153846367, 0.2692307692307692180, 0.2788461538461538547, 0.2884615384615384359, 0.2980769230769230727, 0.3076923076923077094, 0.3173076923076922906, 0.3269230769230769273, 0.3365384615384615641, 0.3461538461538461453, 0.3557692307692307820, 0.3653846153846153633, 0.3750000000000000000, 0.3846153846153846367, 0.3942307692307692180, 0.4038461538461538547, 0.4134615384615384359, 0.4230769230769230727, 0.4326923076923077094, 0.4423076923076922906, 0.4519230769230769273, 0.4615384615384615641, 0.4711538461538461453, 0.4807692307692307820, 0.4903846153846153633, 0.5000000000000000000, 0.5096153846153845812, 0.5192307692307692735, 0.5288461538461538547, 0.5384615384615384359, 0.5480769230769231282, 0.5576923076923077094, 0.5673076923076922906, 0.5769230769230768718, 0.5865384615384615641, 0.5961538461538461453, 0.6057692307692307265, 0.6153846153846154188, 0.6250000000000000000, 0.6346153846153845812, 0.6442307692307692735, 0.6538461538461538547, 0.6634615384615384359, 0.6730769230769231282, 0.6826923076923077094, 0.6923076923076922906, 0.7019230769230768718, 0.7115384615384615641, 0.7211538461538461453, 0.7307692307692307265, 0.7403846153846154188, 0.7500000000000000000, 0.7596153846153845812, 0.7692307692307692735, 0.7788461538461538547, 0.7884615384615384359, 0.7980769230769231282, 0.8076923076923077094, 0.8173076923076922906, 0.8269230769230768718, 0.8365384615384615641, 0.8461538461538461453, 0.8557692307692307265, 0.8653846153846154188, 0.8750000000000000000, 0.8846153846153845812, 0.8942307692307692735, 0.9038461538461538547, 0.9134615384615384359, 0.9230769230769231282, 0.9326923076923077094, 0.9423076923076922906, 0.9519230769230768718, 0.9615384615384615641 ),
 .UNSPECIFIED. ) 
 GEOMETRIC_REPRESENTATION_ITEM ( )  RATIONAL_B_SPLINE_SURFACE ( (
 ( 1.000000000000000000, 0.9238795325112867385, 1.000000000000000000, 0.9238795325112867385, 1.000000000000000000, 0.9238795325112867385, 1.000000000000000000, 0.9238795325112867385, 1.000000000000000000, 0.9238795325112867385, 1.000000000000000000, 0.9238795325112867385, 1.000000000000000000, 0.9238795325112867385, 1.000000000000000000, 0.9238795325112867385, 1.000000000000000000, 0.9238795325112867385, 1.000000000000000000, 0.9238795325112867385, 1.000000000000000000, 0.9238795325112867385, 1.000000000000000000, 0.9238795325112867385, 1.000000000000000000, 0.9238795325112867385, 1.000000000000000000, 0.9238795325112867385, 1.000000000000000000, 0.9238795325112867385, 1.000000000000000000, 0.9238795325112867385, 1.000000000000000000, 0.9238795325112867385, 1.000000000000000000, 0.9238795325112867385, 1.000000000000000000, 0.9238795325112867385, 1.000000000000000000, 0.9238795325112867385, 1.000000000000000000, 0.9238795325112867385, 1.000000000000000000, 0.9238795325112867385, 1.000000000000000000, 0.9238795325112867385, 1.000000000000000000, 0.9238795325112867385, 1.000000000000000000, 0.9238795325112867385, 1.000000000000000000, 0.9238795325112867385, 1.000000000000000000, 0.9238795325112867385, 1.000000000000000000, 0.9238795325112867385, 1.000000000000000000, 0.9238795325112867385, 1.000000000000000000, 0.9238795325112867385, 1.000000000000000000, 0.9238795325112867385, 1.000000000000000000, 0.9238795325112867385, 1.000000000000000000, 0.9238795325112867385, 1.000000000000000000, 0.9238795325112867385, 1.000000000000000000, 0.9238795325112867385, 1.000000000000000000, 0.9238795325112867385, 1.000000000000000000, 0.9238795325112867385, 1.000000000000000000, 0.9238795325112867385, 1.000000000000000000, 0.9238795325112867385, 1.000000000000000000, 0.9238795325112867385, 1.000000000000000000, 0.9238795325112867385, 1.000000000000000000, 0.9238795325112867385, 1.000000000000000000, 0.9238795325112867385, 1.000000000000000000, 0.9238795325112867385, 1.000000000000000000, 0.9238795325112867385, 1.000000000000000000, 0.9238795325112867385, 1.000000000000000000, 0.9238795325112867385, 1.000000000000000000, 0.9238795325112867385, 1.000000000000000000, 0.9238795325112867385, 1.000000000000000000, 0.9238795325112867385, 1.000000000000000000, 0.9238795325112867385, 1.000000000000000000, 0.9238795325112867385, 1.000000000000000000, 0.9238795325112867385, 1.000000000000000000, 0.9238795325112867385, 1.000000000000000000, 0.9238795325112867385, 1.000000000000000000, 0.9238795325112867385, 1.000000000000000000, 0.9238795325112867385, 1.000000000000000000, 0.9238795325112867385, 1.000000000000000000, 0.9238795325112867385, 1.000000000000000000, 0.9238795325112867385, 1.000000000000000000, 0.9238795325112867385, 1.000000000000000000, 0.9238795325112867385, 1.000000000000000000, 0.9238795325112867385, 1.000000000000000000, 0.9238795325112867385, 1.000000000000000000, 0.9238795325112867385, 1.000000000000000000, 0.9238795325112867385, 1.000000000000000000, 0.9238795325112867385, 1.000000000000000000, 0.9238795325112867385, 1.000000000000000000, 0.9238795325112867385, 1.000000000000000000, 0.9238795325112867385, 1.000000000000000000, 0.9238795325112867385, 1.000000000000000000, 0.9238795325112867385, 1.000000000000000000, 0.9238795325112867385, 1.000000000000000000, 0.9238795325112867385, 1.000000000000000000, 0.9238795325112867385, 1.000000000000000000, 0.9238795325112867385, 1.000000000000000000, 0.9238795325112867385, 1.000000000000000000, 0.9238795325112867385, 1.000000000000000000, 0.9238795325112867385, 1.000000000000000000, 0.9238795325112867385, 1.000000000000000000, 0.9238795325112867385, 1.000000000000000000, 0.9238795325112867385, 1.000000000000000000, 0.9238795325112867385, 1.000000000000000000, 0.9238795325112867385, 1.000000000000000000, 0.9238795325112867385, 1.000000000000000000, 0.9238795325112867385, 1.000000000000000000, 0.9238795325112867385, 1.000000000000000000, 0.9238795325112867385, 1.000000000000000000, 0.9238795325112867385, 1.000000000000000000, 0.9238795325112867385, 1.000000000000000000, 0.9238795325112867385, 1.000000000000000000, 0.9238795325112867385, 1.000000000000000000, 0.9238795325112867385, 1.000000000000000000, 0.9238795325112867385, 1.000000000000000000, 0.9238795325112867385, 1.000000000000000000, 0.9238795325112867385, 1.000000000000000000, 0.9238795325112867385, 1.000000000000000000, 0.9238795325112867385, 1.000000000000000000, 0.9238795325112867385, 1.000000000000000000, 0.9238795325112867385, 1.000000000000000000),
 ( 1.000000000000000000, 0.9238795325112867385, 1.000000000000000000, 0.9238795325112867385, 1.000000000000000000, 0.9238795325112867385, 1.000000000000000000, 0.9238795325112867385, 1.000000000000000000, 0.9238795325112867385, 1.000000000000000000, 0.9238795325112867385, 1.000000000000000000, 0.9238795325112867385, 1.000000000000000000, 0.9238795325112867385, 1.000000000000000000, 0.9238795325112867385, 1.000000000000000000, 0.9238795325112867385, 1.000000000000000000, 0.9238795325112867385, 1.000000000000000000, 0.9238795325112867385, 1.000000000000000000, 0.9238795325112867385, 1.000000000000000000, 0.9238795325112867385, 1.000000000000000000, 0.9238795325112867385, 1.000000000000000000, 0.9238795325112867385, 1.000000000000000000, 0.9238795325112867385, 1.000000000000000000, 0.9238795325112867385, 1.000000000000000000, 0.9238795325112867385, 1.000000000000000000, 0.9238795325112867385, 1.000000000000000000, 0.9238795325112867385, 1.000000000000000000, 0.9238795325112867385, 1.000000000000000000, 0.9238795325112867385, 1.000000000000000000, 0.9238795325112867385, 1.000000000000000000, 0.9238795325112867385, 1.000000000000000000, 0.9238795325112867385, 1.000000000000000000, 0.9238795325112867385, 1.000000000000000000, 0.9238795325112867385, 1.000000000000000000, 0.9238795325112867385, 1.000000000000000000, 0.9238795325112867385, 1.000000000000000000, 0.9238795325112867385, 1.000000000000000000, 0.9238795325112867385, 1.000000000000000000, 0.9238795325112867385, 1.000000000000000000, 0.9238795325112867385, 1.000000000000000000, 0.9238795325112867385, 1.000000000000000000, 0.9238795325112867385, 1.000000000000000000, 0.9238795325112867385, 1.000000000000000000, 0.9238795325112867385, 1.000000000000000000, 0.9238795325112867385, 1.000000000000000000, 0.9238795325112867385, 1.000000000000000000, 0.9238795325112867385, 1.000000000000000000, 0.9238795325112867385, 1.000000000000000000, 0.9238795325112867385, 1.000000000000000000, 0.9238795325112867385, 1.000000000000000000, 0.9238795325112867385, 1.000000000000000000, 0.9238795325112867385, 1.000000000000000000, 0.9238795325112867385, 1.000000000000000000, 0.9238795325112867385, 1.000000000000000000, 0.9238795325112867385, 1.000000000000000000, 0.9238795325112867385, 1.000000000000000000, 0.9238795325112867385, 1.000000000000000000, 0.9238795325112867385, 1.000000000000000000, 0.9238795325112867385, 1.000000000000000000, 0.9238795325112867385, 1.000000000000000000, 0.9238795325112867385, 1.000000000000000000, 0.9238795325112867385, 1.000000000000000000, 0.9238795325112867385, 1.000000000000000000, 0.9238795325112867385, 1.000000000000000000, 0.9238795325112867385, 1.000000000000000000, 0.9238795325112867385, 1.000000000000000000, 0.9238795325112867385, 1.000000000000000000, 0.9238795325112867385, 1.000000000000000000, 0.9238795325112867385, 1.000000000000000000, 0.9238795325112867385, 1.000000000000000000, 0.9238795325112867385, 1.000000000000000000, 0.9238795325112867385, 1.000000000000000000, 0.9238795325112867385, 1.000000000000000000, 0.9238795325112867385, 1.000000000000000000, 0.9238795325112867385, 1.000000000000000000, 0.9238795325112867385, 1.000000000000000000, 0.9238795325112867385, 1.000000000000000000, 0.9238795325112867385, 1.000000000000000000, 0.9238795325112867385, 1.000000000000000000, 0.9238795325112867385, 1.000000000000000000, 0.9238795325112867385, 1.000000000000000000, 0.9238795325112867385, 1.000000000000000000, 0.9238795325112867385, 1.000000000000000000, 0.9238795325112867385, 1.000000000000000000, 0.9238795325112867385, 1.000000000000000000, 0.9238795325112867385, 1.000000000000000000, 0.9238795325112867385, 1.000000000000000000, 0.9238795325112867385, 1.000000000000000000, 0.9238795325112867385, 1.000000000000000000, 0.9238795325112867385, 1.000000000000000000, 0.9238795325112867385, 1.000000000000000000, 0.9238795325112867385, 1.000000000000000000, 0.9238795325112867385, 1.000000000000000000, 0.9238795325112867385, 1.000000000000000000, 0.9238795325112867385, 1.000000000000000000, 0.9238795325112867385, 1.000000000000000000, 0.9238795325112867385, 1.000000000000000000, 0.9238795325112867385, 1.000000000000000000, 0.9238795325112867385, 1.000000000000000000, 0.9238795325112867385, 1.000000000000000000, 0.9238795325112867385, 1.000000000000000000, 0.9238795325112867385, 1.000000000000000000, 0.9238795325112867385, 1.000000000000000000, 0.9238795325112867385, 1.000000000000000000, 0.9238795325112867385, 1.000000000000000000, 0.9238795325112867385, 1.000000000000000000) ) ) 
 REPRESENTATION_ITEM ( '' )  SURFACE ( )  );
#986 = VECTOR ( 'NONE', #2175, 39.37007874015748143 ) ;
#987 = CARTESIAN_POINT ( 'NONE',  ( -0.06354786600118909889, 0.2569027568917134907, -0.08519456248815951427 ) ) ;
#988 = CARTESIAN_POINT ( 'NONE',  ( -0.09185948719544534402, 0.04687500000000003469, -0.03804944542899188487 ) ) ;
#989 = CARTESIAN_POINT ( 'NONE',  ( -0.03804944542899062199, -0.1031249999999999944, -0.09185948719544587138 ) ) ;
#990 = CARTESIAN_POINT ( 'NONE',  ( -0.09185948719544562158, 0.3000000000000000444, -6.487964586393420021E-16 ) ) ;
#991 = FACE_OUTER_BOUND ( 'NONE', #2327, .T. ) ;
#992 = CARTESIAN_POINT ( 'NONE',  ( -0.05177669529663627562, 0.02187500000000002290, -0.1250000000000002776 ) ) ;
#993 = CYLINDRICAL_SURFACE ( 'NONE', #1151, 0.1250000000000000000 ) ;
#994 = CARTESIAN_POINT ( 'NONE',  ( -0.06495446631221890588, 0.3625000000000000444, 0.06495446631221796219 ) ) ;
#995 = CARTESIAN_POINT ( 'NONE',  ( -6.831886520882599770E-16, 0.04375000000000003192, 0.1250000000000000278 ) ) ;
#996 = LINE ( 'NONE', #2612, #1456 ) ;
#997 = EDGE_CURVE ( 'NONE', #31, #694, #2491, .T. ) ;
#998 = CARTESIAN_POINT ( 'NONE',  ( 0.08423085784363490425, 0.2524336904870011500, -0.08340730257558789940 ) ) ;
#999 = CARTESIAN_POINT ( 'NONE',  ( -0.09185948719544537178, 0.04687500000000002776, -0.03804944542899188487 ) ) ;
#1000 = CARTESIAN_POINT ( 'NONE',  ( -0.03804944542899062199, -0.05937499999999999029, -0.09185948719544587138 ) ) ;
#1001 = CARTESIAN_POINT ( 'NONE',  ( -0.05177669529663755932, 0.4343750000000001776, 0.1249999999999997502 ) ) ;
#1002 = CARTESIAN_POINT ( 'NONE',  ( -0.09185948719544588525, 0.3531250000000000777, 0.03804944542899058035 ) ) ;
#1003 = CARTESIAN_POINT ( 'NONE',  ( 3.422933369255118630E-17, 0.3454962792832758089, 0.000000000000000000 ) ) ;
#1004 = CARTESIAN_POINT ( 'NONE',  ( -0.06495446631221798994, 0.2000000000000000111, -0.06495446631221887812 ) ) ;
#1005 = CARTESIAN_POINT ( 'NONE',  ( -0.2083333333333332871, 0.6250000000000000000, 0.000000000000000000 ) ) ;
#1006 = CARTESIAN_POINT ( 'NONE',  ( 1.265312407244638509E-18, -0.05000000000000000971, 0.000000000000000000 ) ) ;
#1007 = CARTESIAN_POINT ( 'NONE',  ( 6.184628074832439858E-16, 0.3937500000000000444, -0.09185948719544560770 ) ) ;
#1008 = CARTESIAN_POINT ( 'NONE',  ( -0.08838834764831801638, -0.07499999999999998335, -0.08838834764831891844 ) ) ;
#1009 = CARTESIAN_POINT ( 'NONE',  ( 0.05177669529663619929, 0.1468750000000000611, 0.1250000000000003331 ) ) ;
#1010 = B_SPLINE_CURVE_WITH_KNOTS ( 'NONE', 3,
 ( #1234, #2490, #2068, #1275, #1470, #229, #2295, #1040, #1079, #30, #839, #1657, #2476, #641, #451, #2106 ),
 .UNSPECIFIED., .F., .F.,
 ( 4, 2, 2, 2, 2, 2, 2, 4 ),
 ( 0.000000000000000000, 0.0004520139902347830303, 0.0009040279804695658438, 0.001356041970704348603, 0.001808055960939131904, 0.002260069951173915206, 0.002712083941408698073, 0.003616111921878264242 ),
 .UNSPECIFIED. ) ;
#1011 = ORIENTED_EDGE ( 'NONE', *, *, #2214, .T. ) ;
#1012 = CARTESIAN_POINT ( 'NONE',  ( 0.07862294990997992228, 0.2526126385617114556, -0.08805288739175941293 ) ) ;
#1013 = CARTESIAN_POINT ( 'NONE',  ( -0.1151246046513652033, 0.01987539534863500684, 0.007077581953974581078 ) ) ;
#1014 = ADVANCED_FACE ( 'NONE', ( #1379 ), #1822, .F. ) ;
#1015 = CARTESIAN_POINT ( 'NONE',  ( -0.06495446631221798994, -0.05624999999999998751, -0.06495446631221887812 ) ) ;
#1016 = CARTESIAN_POINT ( 'NONE',  ( 0.05177669529663619236, 0.4906250000000000333, 0.1250000000000003053 ) ) ;
#1017 = CARTESIAN_POINT ( 'NONE',  ( 0.03804944542899054566, 0.3156249999999999889, 0.09185948719544588525 ) ) ;
#1018 = CARTESIAN_POINT ( 'NONE',  ( -0.09512016763507238903, 0.01627278719350476119, -0.07168020927085806682 ) ) ;
#1019 = PERSON_AND_ORGANIZATION_ROLE ( 'design_supplier' ) ;
#1020 = CARTESIAN_POINT ( 'NONE',  ( -6.831886520882599770E-16, 0.08750000000000002220, 0.1250000000000000278 ) ) ;
#1021 = ORIENTED_EDGE ( 'NONE', *, *, #465, .F. ) ;
#1022 = CARTESIAN_POINT ( 'NONE',  ( -6.791301097954400183E-16, 0.3187500000000000333, 0.09185948719544560770 ) ) ;
#1023 = CARTESIAN_POINT ( 'NONE',  ( -0.08838834764831893231, 0.03750000000000002637, 0.08838834764831798863 ) ) ;
#1024 = DIRECTION ( 'NONE',  ( -1.224646799147352468E-16, 1.000000000000000000, -0.000000000000000000 ) ) ;
#1025 = AXIS2_PLACEMENT_3D ( 'NONE', #1596, #580, #1150 ) ;
#1026 = CIRCLE ( 'NONE', #1368, 0.2916666666666665186 ) ;
#1027 = ORIENTED_EDGE ( 'NONE', *, *, #1298, .T. ) ;
#1028 = CARTESIAN_POINT ( 'NONE',  ( -0.09968671217346665447, 0.02209470774137666654, 0.05347329918069037430 ) ) ;
#1029 = CIRCLE ( 'NONE', #862, 0.2916666666666666297 ) ;
#1030 = CARTESIAN_POINT ( 'NONE',  ( 0.03804944542899054566, 0.06562500000000004441, 0.09185948719544588525 ) ) ;
#1031 = CARTESIAN_POINT ( 'NONE',  ( -0.06495446631221890588, 0.06250000000000001388, 0.06495446631221796219 ) ) ;
#1032 = CARTESIAN_POINT ( 'NONE',  ( 0.06495446631221793443, 0.4187500000000000111, 0.06495446631221887812 ) ) ;
#1033 = EDGE_CURVE ( 'NONE', #2349, #2205, #12, .T. ) ;
#1034 = CARTESIAN_POINT ( 'NONE',  ( 0.1250000000000000000, 0.1000000000000000194, 6.661338147750940229E-16 ) ) ;
#1035 = PLANE ( 'NONE',  #1937 ) ;
#1036 = CARTESIAN_POINT ( 'NONE',  ( 0.08838834764831794699, -0.006249999999999984734, 0.08838834764831891844 ) ) ;
#1037 = ORIENTED_EDGE ( 'NONE', *, *, #873, .T. ) ;
#1038 = CARTESIAN_POINT ( 'NONE',  ( -0.03804944542899191262, 0.4156250000000001332, 0.09185948719544533014 ) ) ;
#1039 = CARTESIAN_POINT ( 'NONE',  ( 0.05177669529663619236, 0.09687500000000001665, 0.1250000000000003331 ) ) ;
#1040 = CARTESIAN_POINT ( 'NONE',  ( 0.06245179410486987465, 0.03987992110910022064, -0.07199131260236195373 ) ) ;
#1041 = ORIENTED_EDGE ( 'NONE', *, *, #2230, .T. ) ;
#1042 = CARTESIAN_POINT ( 'NONE',  ( 0.04141697668052750358, 0.02961140213788216249, 0.09716396120885441301 ) ) ;
#1043 = CARTESIAN_POINT ( 'NONE',  ( -0.09185948719544588525, 0.003125000000000017954, 0.03804944542899058035 ) ) ;
#1044 = CARTESIAN_POINT ( 'NONE',  ( 0.09185948719544557994, -0.06874999999999999167, 6.600460013358639369E-16 ) ) ;
#1045 = CARTESIAN_POINT ( 'NONE',  ( -6.791301097954400183E-16, 0.4625000000000000777, 0.09185948719544560770 ) ) ;
#1046 = DIRECTION ( 'NONE',  ( 4.073082549640102053E-18, -1.000000000000000000, -0.000000000000000000 ) ) ;
#1047 = APPROVAL_STATUS ( 'not_yet_approved' ) ;
#1048 = DIRECTION ( 'NONE',  ( -4.939539904345632987E-16, 1.000000000000000000, -0.000000000000000000 ) ) ;
#1049 = CARTESIAN_POINT ( 'NONE',  ( 0.1249999999999999861, 0.1000000000000000194, 6.661338147750940229E-16 ) ) ;
#1050 = VERTEX_POINT ( 'NONE', #2215 ) ;
#1051 = CARTESIAN_POINT ( 'NONE',  ( -0.09185948719544588525, 0.3093750000000000111, 0.03804944542899058035 ) ) ;
#1052 = CARTESIAN_POINT ( 'NONE',  ( 0.1250000000000000000, 0.2562500000000000333, 6.661338147750940229E-16 ) ) ;
#1053 = CARTESIAN_POINT ( 'NONE',  ( -0.1250000000000003053, 0.08437500000000003331, 0.05177669529663624787 ) ) ;
#1054 = ORIENTED_EDGE ( 'NONE', *, *, #2251, .F. ) ;
#1055 = CARTESIAN_POINT ( 'NONE',  ( 0.06495446631221793443, 0.06875000000000001943, 0.06495446631221887812 ) ) ;
#1056 = CARTESIAN_POINT ( 'NONE',  ( 0.09185948719544557994, 0.2250000000000000333, 6.600460013358639369E-16 ) ) ;
#1057 = CARTESIAN_POINT ( 'NONE',  ( -6.791301097954400183E-16, 0.06875000000000001943, 0.09185948719544560770 ) ) ;
#1058 = FACE_OUTER_BOUND ( 'NONE', #2111, .T. ) ;
#1059 = CARTESIAN_POINT ( 'NONE',  ( 0.1250000000000000000, 0.1062500000000000389, 6.661338147750940229E-16 ) ) ;
#1060 = CARTESIAN_POINT ( 'NONE',  ( 0.08838834764831889068, 0.1062500000000000250, -0.08838834764831794699 ) ) ;
#1061 = VERTEX_POINT ( 'NONE', #2631 ) ;
#1062 = CARTESIAN_POINT ( 'NONE',  ( -0.06495446631221890588, 0.5125000000000000666, 0.06495446631221796219 ) ) ;
#1063 = CARTESIAN_POINT ( 'NONE',  ( 6.184628074832439858E-16, 0.1187500000000000500, -0.1250000000000000278 ) ) ;
#1064 = CARTESIAN_POINT ( 'NONE',  ( 0.1250000000000000000, 0.05625000000000002914, 6.661338147750940229E-16 ) ) ;
#1065 = CARTESIAN_POINT ( 'NONE',  ( -6.791301097954400183E-16, -0.08124999999999998890, 0.09185948719544560770 ) ) ;
#1066 = EDGE_CURVE ( 'NONE', #1698, #694, #788, .T. ) ;
#1067 = ORIENTED_EDGE ( 'NONE', *, *, #2463, .T. ) ;
#1068 = AXIS2_PLACEMENT_3D ( 'NONE', #164, #1600, #2423 ) ;
#1069 = CARTESIAN_POINT ( 'NONE',  ( -0.04020783849847624908, 0.2591243041030738548, 0.08970109412596097287 ) ) ;
#1070 = CARTESIAN_POINT ( 'NONE',  ( -0.03804944542899191262, 0.2093750000000000611, 0.09185948719544533014 ) ) ;
#1071 = CARTESIAN_POINT ( 'NONE',  ( 0.09185948719544530239, -0.02187499999999998820, 0.03804944542899193344 ) ) ;
#1072 = COORDINATED_UNIVERSAL_TIME_OFFSET ( 6, 0, .BEHIND. ) ;
#1073 =( BOUNDED_CURVE ( )  B_SPLINE_CURVE ( 2, ( #2088, #1839, #804, #821, #1811, #1853, #593, #1229, #2062 ),
 .UNSPECIFIED., .F., .T. ) 
 B_SPLINE_CURVE_WITH_KNOTS ( ( 3, 2, 2, 2, 3 ),
 ( 0.4807692307692307820, 0.4903846153846264100, 0.5000000000000219824, 0.5096153846154176659, 0.5192307692308133493 ),
 .UNSPECIFIED. ) 
 CURVE ( )  GEOMETRIC_REPRESENTATION_ITEM ( )  RATIONAL_B_SPLINE_CURVE ( ( 1.000000000000000000, 0.9238795325112867385, 1.000000000000000000, 0.9238795325112867385, 1.000000000000000000, 0.9238795325112867385, 1.000000000000000000, 0.9238795325109377954, 1.000000000000348832 ) ) 
 REPRESENTATION_ITEM ( '' )  );
#1074 = CARTESIAN_POINT ( 'NONE',  ( -0.1249999999999997780, 0.1281250000000000444, -0.05177669529663754544 ) ) ;
#1075 = CARTESIAN_POINT ( 'NONE',  ( 6.184628074832439858E-16, 0.01250000000000001978, -0.1250000000000000000 ) ) ;
#1076 = ORIENTED_EDGE ( 'NONE', *, *, #1206, .T. ) ;
#1077 = CARTESIAN_POINT ( 'NONE',  ( 0.06495446631221886424, 0.03125000000000002776, -0.06495446631221794831 ) ) ;
#1078 = CARTESIAN_POINT ( 'NONE',  ( -0.1250000000000000278, 0.08125000000000004441, -6.508257297857520307E-16 ) ) ;
#1079 = CARTESIAN_POINT ( 'NONE',  ( 0.06709743163817991074, 0.03957705395311534452, -0.06810833672856050902 ) ) ;
#1080 = CARTESIAN_POINT ( 'NONE',  ( 0.09185948719544581587, 0.2843750000000000444, -0.03804944542899061505 ) ) ;
#1081 = CARTESIAN_POINT ( 'NONE',  ( 6.184628074832439858E-16, -0.1062499999999999972, -0.09185948719544560770 ) ) ;
#1082 = VERTEX_POINT ( 'NONE', #2228 ) ;
#1083 = CARTESIAN_POINT ( 'NONE',  ( 6.184628074832439858E-16, 0.3375000000000000222, -0.09185948719544560770 ) ) ;
#1084 = CARTESIAN_POINT ( 'NONE',  ( -0.03804944542899191262, 0.1593750000000000167, 0.09185948719544533014 ) ) ;
#1085 = ADVANCED_FACE ( 'NONE', ( #1199 ), #193, .F. ) ;
#1086 = CARTESIAN_POINT ( 'NONE',  ( 0.09185948719544581587, 0.1281250000000000444, -0.03804944542899061505 ) ) ;
#1087 = CARTESIAN_POINT ( 'NONE',  ( 0.06495446631221886424, -0.01249999999999998682, -0.06495446631221794831 ) ) ;
#1088 = DIRECTION ( 'NONE',  ( 1.000000000000000000, 0.000000000000000000, 0.000000000000000000 ) ) ;
#1089 = CARTESIAN_POINT ( 'NONE',  ( 0.1114850319578778726, 0.01000000000000011817, -0.05653395129787894269 ) ) ;
#1090 = CARTESIAN_POINT ( 'NONE',  ( -0.05177669529663755932, -0.01562499999999997745, 0.1249999999999997502 ) ) ;
#1091 = EDGE_LOOP ( 'NONE', ( #339, #2487 ) ) ;
#1092 = CARTESIAN_POINT ( 'NONE',  ( 0.03804944542899054566, 0.01562500000000002429, 0.09185948719544588525 ) ) ;
#1093 = CARTESIAN_POINT ( 'NONE',  ( -6.831886520882599770E-16, 0.1437500000000000444, 0.1250000000000000278 ) ) ;
#1094 = CARTESIAN_POINT ( 'NONE',  ( -0.1250000000000000278, 0.2312500000000000389, -6.508257297857520307E-16 ) ) ;
#1095 = CARTESIAN_POINT ( 'NONE',  ( -0.06495446631221890588, 0.1625000000000000333, 0.06495446631221796219 ) ) ;
#1096 = CARTESIAN_POINT ( 'NONE',  ( 0.03804944542899192650, -0.009374999999999985775, -0.09185948719544533014 ) ) ;
#1097 = VERTEX_POINT ( 'NONE', #2116 ) ;
#1098 = CARTESIAN_POINT ( 'NONE',  ( 0.09185948719544557994, 0.3750000000000001110, 6.600460013358639369E-16 ) ) ;
#1099 = CARTESIAN_POINT ( 'NONE',  ( -6.791301097954400183E-16, 0.1625000000000000333, 0.09185948719544560770 ) ) ;
#1100 = CARTESIAN_POINT ( 'NONE',  ( 0.09185948719544557994, 0.1250000000000000278, 6.600460013358639369E-16 ) ) ;
#1101 = CARTESIAN_POINT ( 'NONE',  ( -0.08838834764831801638, 0.1687500000000000389, -0.08838834764831891844 ) ) ;
#1102 = ADVANCED_FACE ( 'NONE', ( #1058 ), #248, .F. ) ;
#1103 = CARTESIAN_POINT ( 'NONE',  ( 0.1250000000000002498, 0.1093750000000000139, -0.05177669529663628950 ) ) ;
#1104 = CARTESIAN_POINT ( 'NONE',  ( 0.1250000000000002220, 0.3031250000000000333, -0.05177669529663627562 ) ) ;
#1105 = ORIENTED_EDGE ( 'NONE', *, *, #2236, .F. ) ;
#1106 = CARTESIAN_POINT ( 'NONE',  ( -0.03804944542899062199, -0.1093750000000000278, -0.09185948719544587138 ) ) ;
#1107 = CARTESIAN_POINT ( 'NONE',  ( 0.08838834764831890456, 0.3125000000000000000, -0.08838834764831796087 ) ) ;
#1108 = CARTESIAN_POINT ( 'NONE',  ( 6.184628074832439858E-16, 0.06250000000000001388, -0.1250000000000000278 ) ) ;
#1109 = CARTESIAN_POINT ( 'NONE',  ( 6.184628074832439858E-16, 0.2937500000000000666, -0.09185948719544560770 ) ) ;
#1110 = CARTESIAN_POINT ( 'NONE',  ( 0.09185948719544557994, 0.08125000000000001665, 6.600460013358639369E-16 ) ) ;
#1111 = ORIENTED_EDGE ( 'NONE', *, *, #1345, .T. ) ;
#1112 = CARTESIAN_POINT ( 'NONE',  ( -0.06495446631221798994, 0.2437500000000000500, -0.06495446631221887812 ) ) ;
#1113 = CARTESIAN_POINT ( 'NONE',  ( 6.184628074832439858E-16, 0.2375000000000000167, -0.09185948719544560770 ) ) ;
#1114 = CARTESIAN_POINT ( 'NONE',  ( -0.06005560291203999868, 0.2620621602091758873, 0.06976799857295869212 ) ) ;
#1115 = CIRCLE ( 'NONE', #261, 0.2083333333333331761 ) ;
#1116 = DIRECTION ( 'NONE',  ( -1.000000000000000000, 0.000000000000000000, 0.000000000000000000 ) ) ;
#1117 = CARTESIAN_POINT ( 'NONE',  ( 0.08838834764831889068, 0.3062500000000000777, -0.08838834764831794699 ) ) ;
#1118 = CARTESIAN_POINT ( 'NONE',  ( 0.03804944542899192650, -0.01562499999999998612, -0.09185948719544533014 ) ) ;
#1119 = CARTESIAN_POINT ( 'NONE',  ( -0.1250000000000003053, 0.4343750000000001776, 0.05177669529663625481 ) ) ;
#1120 = CARTESIAN_POINT ( 'NONE',  ( 0.03804944542899192650, 0.09062500000000003886, -0.09185948719544533014 ) ) ;
#1121 = CARTESIAN_POINT ( 'NONE',  ( 0.09185948719544530239, 0.3281250000000000555, 0.03804944542899193344 ) ) ;
#1122 = CARTESIAN_POINT ( 'NONE',  ( -0.09185948719544588525, -0.09062499999999999722, 0.03804944542899058035 ) ) ;
#1123 = ORIENTED_EDGE ( 'NONE', *, *, #2172, .F. ) ;
#1124 = CARTESIAN_POINT ( 'NONE',  ( -0.01131652405872922429, 0.2620621602091758873, 0.09136083324883748080 ) ) ;
#1125 = DIRECTION ( 'NONE',  ( -1.224646799147352468E-16, 1.000000000000000000, -0.000000000000000000 ) ) ;
#1126 = CARTESIAN_POINT ( 'NONE',  ( 0.08838834764831889068, 0.3562500000000000666, -0.08838834764831794699 ) ) ;
#1127 = CARTESIAN_POINT ( 'NONE',  ( -0.06495446631221890588, 0.1062500000000000250, 0.06495446631221796219 ) ) ;
#1128 = CARTESIAN_POINT ( 'NONE',  ( 0.05177669529663758707, 0.4656250000000000111, -0.1249999999999997363 ) ) ;
#1129 = CARTESIAN_POINT ( 'NONE',  ( 0.05177669529663758707, 0.05937500000000003192, -0.1249999999999997363 ) ) ;
#1130 = CARTESIAN_POINT ( 'NONE',  ( 0.03804944542899054566, 0.1718750000000000278, 0.09185948719544588525 ) ) ;
#1131 = CARTESIAN_POINT ( 'NONE',  ( 0.09185948719544581587, 0.2343750000000000000, -0.03804944542899061505 ) ) ;
#1132 = ORIENTED_EDGE ( 'NONE', *, *, #2568, .F. ) ;
#1133 = CARTESIAN_POINT ( 'NONE',  ( 0.1249999999999996947, 0.05312500000000004718, 0.05177669529663760789 ) ) ;
#1134 = CARTESIAN_POINT ( 'NONE',  ( -0.03804944542899062199, -0.1093750000000000278, -0.09185948719544587138 ) ) ;
#1135 = CARTESIAN_POINT ( 'NONE',  ( -0.1250000000000002776, 0.2781250000000000666, 0.05177669529663624093 ) ) ;
#1136 = CARTESIAN_POINT ( 'NONE',  ( -0.03804944542899062199, 0.2406250000000000056, -0.09185948719544587138 ) ) ;
#1137 = CARTESIAN_POINT ( 'NONE',  ( 0.1249999999999996947, 0.4531250000000000555, 0.05177669529663759401 ) ) ;
#1138 = CARTESIAN_POINT ( 'NONE',  ( 0.1250000000000000000, 0.05000000000000003053, 6.661338147750940229E-16 ) ) ;
#1139 = CARTESIAN_POINT ( 'NONE',  ( -0.06495446631221890588, 0.5125000000000000666, 0.06495446631221796219 ) ) ;
#1140 = CARTESIAN_POINT ( 'NONE',  ( -0.06495446631221890588, 0.1125000000000000305, 0.06495446631221796219 ) ) ;
#1141 = CARTESIAN_POINT ( 'NONE',  ( 0.03804944542899192650, 0.3343750000000000333, -0.09185948719544533014 ) ) ;
#1142 = CARTESIAN_POINT ( 'NONE',  ( 6.184628074832439858E-16, 0.01250000000000001978, -0.1250000000000000278 ) ) ;
#1143 = EDGE_CURVE ( 'NONE', #244, #571, #1373, .T. ) ;
#1144 = CARTESIAN_POINT ( 'NONE',  ( -6.831886520882599770E-16, 0.04375000000000003192, 0.1250000000000000278 ) ) ;
#1145 = CARTESIAN_POINT ( 'NONE',  ( -0.08838834764831801638, 0.1750000000000000444, -0.08838834764831891844 ) ) ;
#1146 = CARTESIAN_POINT ( 'NONE',  ( -0.1250000000000000278, 0.2750000000000000222, -6.508257297857520307E-16 ) ) ;
#1147 = CARTESIAN_POINT ( 'NONE',  ( -0.03804944542899062199, 0.09062499999999999722, -0.09185948719544587138 ) ) ;
#1148 = AXIS2_PLACEMENT_3D ( 'NONE', #948, #140, #2591 ) ;
#1149 = CARTESIAN_POINT ( 'NONE',  ( -0.05177669529663757320, 0.3406250000000000111, 0.1249999999999997780 ) ) ;
#1150 = DIRECTION ( 'NONE',  ( 1.000000000000000000, 0.000000000000000000, 0.000000000000000000 ) ) ;
#1151 = AXIS2_PLACEMENT_3D ( 'NONE', #237, #2032, #1257 ) ;
#1152 = CARTESIAN_POINT ( 'NONE',  ( 0.09185948719544557994, 0.4312500000000000777, 6.600460013358639369E-16 ) ) ;
#1153 = CARTESIAN_POINT ( 'NONE',  ( 0.09185948719544530239, 0.2781250000000000666, 0.03804944542899193344 ) ) ;
#1154 = CARTESIAN_POINT ( 'NONE',  ( -0.03804944542899062199, 0.3406250000000000111, -0.09185948719544587138 ) ) ;
#1155 = CARTESIAN_POINT ( 'NONE',  ( 1.637257669886060263E-16, 0.08333333333333324544, 0.000000000000000000 ) ) ;
#1156 = AXIS2_PLACEMENT_3D ( 'NONE', #1619, #1163, #568 ) ;
#1157 = CARTESIAN_POINT ( 'NONE',  ( 0.1250000000000000000, 0.1000000000000000194, 6.661338147750940229E-16 ) ) ;
#1158 = ADVANCED_FACE ( 'NONE', ( #1694 ), #2512, .T. ) ;
#1159 = CARTESIAN_POINT ( 'NONE',  ( 0.06495446631221886424, 0.4812500000000000666, -0.06495446631221794831 ) ) ;
#1160 = CARTESIAN_POINT ( 'NONE',  ( -0.1249999999999997780, 0.1781250000000000333, -0.05177669529663754544 ) ) ;
#1161 = CARTESIAN_POINT ( 'NONE',  ( 0.1249999999999999861, 0.4000000000000000777, 6.661338147750940229E-16 ) ) ;
#1162 = CARTESIAN_POINT ( 'NONE',  ( -0.09185948719544562158, 0.1000000000000000194, -6.487964586393420021E-16 ) ) ;
#1163 = DIRECTION ( 'NONE',  ( 4.073082549640102053E-18, -1.000000000000000000, -0.000000000000000000 ) ) ;
#1164 = CARTESIAN_POINT ( 'NONE',  ( -0.09185948719544589913, 0.1593750000000000167, 0.03804944542899058035 ) ) ;
#1165 = CARTESIAN_POINT ( 'NONE',  ( -0.06495446631221890588, 0.3625000000000000444, 0.06495446631221796219 ) ) ;
#1166 = CARTESIAN_POINT ( 'NONE',  ( -0.03804944542899191262, 0.1656250000000000222, 0.09185948719544533014 ) ) ;
#1167 = CARTESIAN_POINT ( 'NONE',  ( -0.1249999999999997780, 0.02812500000000003886, -0.05177669529663754544 ) ) ;
#1168 = DIRECTION ( 'NONE',  ( 4.073082549640102053E-18, -1.000000000000000000, -0.000000000000000000 ) ) ;
#1169 =( BOUNDED_CURVE ( )  B_SPLINE_CURVE ( 2, ( #2379, #2131, #1737, #538, #526, #288, #1101, #1925, #1724 ),
 .UNSPECIFIED., .F., .T. ) 
 B_SPLINE_CURVE_WITH_KNOTS ( ( 3, 2, 2, 2, 3 ),
 ( 0.3653846153846153633, 0.3750000000000000000, 0.3846153846153846367, 0.3942307692307692180, 0.4038461538461538547 ),
 .UNSPECIFIED. ) 
 CURVE ( )  GEOMETRIC_REPRESENTATION_ITEM ( )  RATIONAL_B_SPLINE_CURVE ( ( 1.000000000000000000, 0.9238795325112867385, 1.000000000000000000, 0.9238795325112867385, 1.000000000000000000, 0.9238795325112867385, 1.000000000000000000, 0.9238795325112867385, 1.000000000000000000 ) ) 
 REPRESENTATION_ITEM ( '' )  );
#1170 = CARTESIAN_POINT ( 'NONE',  ( 0.09185948719544557994, 0.4750000000000001443, 6.600460013358639369E-16 ) ) ;
#1171 = CARTESIAN_POINT ( 'NONE',  ( -0.06857288984200690662, 0.2620621602091757762, 0.06112220681983122905 ) ) ;
#1172 = CARTESIAN_POINT ( 'NONE',  ( 0.08838834764831794699, 0.3937499999999999889, 0.08838834764831891844 ) ) ;
#1173 = CARTESIAN_POINT ( 'NONE',  ( 0.09185948719544530239, 0.3718750000000001221, 0.03804944542899193344 ) ) ;
#1174 = EDGE_CURVE ( 'NONE', #2549, #1061, #2023, .T. ) ;
#1175 = CARTESIAN_POINT ( 'NONE',  ( -0.1349999999999999811, 1.360425335390117555E-16, 1.653273178848926867E-17 ) ) ;
#1176 = CARTESIAN_POINT ( 'NONE',  ( 6.184628074832439858E-16, 0.1937500000000000056, -0.09185948719544560770 ) ) ;
#1177 = CARTESIAN_POINT ( 'NONE',  ( -0.09185948719544562158, 0.4062500000000000555, -6.487964586393420021E-16 ) ) ;
#1178 = CARTESIAN_POINT ( 'NONE',  ( -0.06495446631221798994, 0.1000000000000000194, -0.06495446631221887812 ) ) ;
#1179 = CARTESIAN_POINT ( 'NONE',  ( -6.831886520882599770E-16, -0.1062499999999999833, 0.1250000000000000278 ) ) ;
#1180 = CARTESIAN_POINT ( 'NONE',  ( 0.000000000000000000, 0.6250000000000000000, 0.000000000000000000 ) ) ;
#1181 = DIRECTION ( 'NONE',  ( -4.939539904345632987E-16, 1.000000000000000000, -0.000000000000000000 ) ) ;
#1182 = B_SPLINE_CURVE_WITH_KNOTS ( 'NONE', 3,
 ( #1555, #1352, #1987, #1794, #2583, #2617, #774, #576, #938, #2380 ),
 .UNSPECIFIED., .F., .F.,
 ( 4, 2, 2, 2, 4 ),
 ( 0.0002139698284174642901, 0.0008338446708743244441, 0.001453719513331184435, 0.002073594355788044644, 0.002693469198244904852 ),
 .UNSPECIFIED. ) ;
#1183 = CARTESIAN_POINT ( 'NONE',  ( -0.09185948719544588525, -0.04687499999999998612, 0.03804944542899058035 ) ) ;
#1184 = CARTESIAN_POINT ( 'NONE',  ( 6.184628074832439858E-16, 0.3625000000000000444, -0.1250000000000000000 ) ) ;
#1185 = CARTESIAN_POINT ( 'NONE',  ( -0.06495446631221890588, 0.2562500000000000888, 0.06495446631221796219 ) ) ;
#1186 = CARTESIAN_POINT ( 'NONE',  ( 0.2916666666666666297, 0.6250000000000000000, 3.571886497513112802E-17 ) ) ;
#1187 = CARTESIAN_POINT ( 'NONE',  ( 0.09185948719544582974, 0.1843750000000000389, -0.03804944542899061505 ) ) ;
#1188 = CARTESIAN_POINT ( 'NONE',  ( -0.09185948719544588525, 0.4593750000000000888, 0.03804944542899058035 ) ) ;
#1189 = ORIENTED_EDGE ( 'NONE', *, *, #2555, .T. ) ;
#1190 = CARTESIAN_POINT ( 'NONE',  ( 0.09185948719544530239, 0.3281250000000000555, 0.03804944542899193344 ) ) ;
#1191 = CARTESIAN_POINT ( 'NONE',  ( 6.184628074832439858E-16, -0.08124999999999998890, -0.1250000000000000278 ) ) ;
#1192 = DIRECTION ( 'NONE',  ( -4.939539904345632987E-16, 1.000000000000000000, -0.000000000000000000 ) ) ;
#1193 = CIRCLE ( 'NONE', #2619, 0.09185948719544560770 ) ;
#1194 = CARTESIAN_POINT ( 'NONE',  ( 0.07932169481107217979, 0.03199516147147199452, 0.06608443940824655638 ) ) ;
#1195 = DIRECTION ( 'NONE',  ( 1.000000000000000000, 0.000000000000000000, 0.000000000000000000 ) ) ;
#1196 = CARTESIAN_POINT ( 'NONE',  ( 0.06495446631221886424, 0.08125000000000001665, -0.06495446631221794831 ) ) ;
#1197 = CARTESIAN_POINT ( 'NONE',  ( -0.05177669529663627562, 0.3656250000000000333, -0.1250000000000002776 ) ) ;
#1198 = CARTESIAN_POINT ( 'NONE',  ( -0.03804944542899191262, 0.3093750000000000111, 0.09185948719544533014 ) ) ;
#1199 = FACE_OUTER_BOUND ( 'NONE', #214, .T. ) ;
#1200 = CARTESIAN_POINT ( 'NONE',  ( 0.09185948719544530239, 0.2281250000000000500, 0.03804944542899193344 ) ) ;
#1201 = DIRECTION ( 'NONE',  ( -1.224646799147352468E-16, 1.000000000000000000, 0.000000000000000000 ) ) ;
#1202 = CARTESIAN_POINT ( 'NONE',  ( 0.1250000000000002220, -0.04687499999999998612, -0.05177669529663627562 ) ) ;
#1203 = CARTESIAN_POINT ( 'NONE',  ( -0.06495446631221798994, 0.2999999999999999889, -0.06495446631221887812 ) ) ;
#1204 = CARTESIAN_POINT ( 'NONE',  ( -0.05177669529663627562, 0.07187500000000002220, -0.1250000000000002776 ) ) ;
#1205 = FACE_OUTER_BOUND ( 'NONE', #461, .T. ) ;
#1206 = EDGE_CURVE ( 'NONE', #270, #2342, #1029, .T. ) ;
#1207 = ORIENTED_EDGE ( 'NONE', *, *, #187, .F. ) ;
#1208 = CARTESIAN_POINT ( 'NONE',  ( -0.06495446631221890588, 0.5062500000000000888, 0.06495446631221796219 ) ) ;
#1209 = CARTESIAN_POINT ( 'NONE',  ( -0.09185948719544589913, 0.1031250000000000083, 0.03804944542899058035 ) ) ;
#1210 = CARTESIAN_POINT ( 'NONE',  ( -0.06495446631221890588, -0.04374999999999998335, 0.06495446631221796219 ) ) ;
#1211 = CARTESIAN_POINT ( 'NONE',  ( 0.1250000000000002220, 0.4531250000000002220, -0.05177669529663627562 ) ) ;
#1212 = CARTESIAN_POINT ( 'NONE',  ( 0.09185948719544557994, 0.3750000000000001110, 6.600460013358639369E-16 ) ) ;
#1213 = DIRECTION ( 'NONE',  ( -1.224646799147352468E-16, 1.000000000000000000, -0.000000000000000000 ) ) ;
#1214 = PERSON_AND_ORGANIZATION_ROLE ( 'creator' ) ;
#1215 = CARTESIAN_POINT ( 'NONE',  ( -0.2083333333333332038, 0.08333333333333328707, 0.000000000000000000 ) ) ;
#1216 = CARTESIAN_POINT ( 'NONE',  ( 0.2083333333333333148, 0.08333333333333334259, 2.551347498223651385E-17 ) ) ;
#1217 = VERTEX_POINT ( 'NONE', #619 ) ;
#1218 = CARTESIAN_POINT ( 'NONE',  ( 0.09185948719544530239, 0.4781250000000000777, 0.03804944542899193344 ) ) ;
#1219 = CARTESIAN_POINT ( 'NONE',  ( -0.08838834764831801638, 0.02500000000000002220, -0.08838834764831891844 ) ) ;
#1220 = CARTESIAN_POINT ( 'NONE',  ( 0.000000000000000000, 0.6250000000000000000, 0.000000000000000000 ) ) ;
#1221 = ADVANCED_FACE ( 'NONE', ( #1432 ), #524, .F. ) ;
#1222 = ORIENTED_EDGE ( 'NONE', *, *, #1816, .T. ) ;
#1223 = CARTESIAN_POINT ( 'NONE',  ( 0.007806319383705860419, 0.02791442403195654870, 0.1070320421142495482 ) ) ;
#1224 = CARTESIAN_POINT ( 'NONE',  ( -6.791301097954400183E-16, -0.08749999999999999445, 0.09185948719544560770 ) ) ;
#1225 = CARTESIAN_POINT ( 'NONE',  ( -0.03804944542899062199, 0.04687500000000001388, -0.09185948719544587138 ) ) ;
#1226 = CARTESIAN_POINT ( 'NONE',  ( -0.09185948719544562158, 0.4000000000000000777, -6.487964586393420021E-16 ) ) ;
#1227 = FACE_OUTER_BOUND ( 'NONE', #1703, .T. ) ;
#1228 = APPROVAL_DATE_TIME ( #2087, #422 ) ;
#1229 = CARTESIAN_POINT ( 'NONE',  ( 0.1250000000001813549, 0.2468750000000155542, 0.05177669529645594765 ) ) ;
#1230 = CARTESIAN_POINT ( 'NONE',  ( 6.184628074832439858E-16, 0.2125000000000000222, -0.1250000000000000278 ) ) ;
#1231 = EDGE_LOOP ( 'NONE', ( #2050, #14, #2387, #2262 ) ) ;
#1232 = CARTESIAN_POINT ( 'NONE',  ( -6.791301097954400183E-16, 0.4687500000000001110, 0.09185948719544560770 ) ) ;
#1233 = CARTESIAN_POINT ( 'NONE',  ( 0.05177669529663758707, 0.1156250000000000333, -0.1249999999999997363 ) ) ;
#1234 = CARTESIAN_POINT ( 'NONE',  ( 0.007300648368667294469, 0.04314051280455452608, -0.09156891350893768544 ) ) ;
#1235 = AXIS2_PLACEMENT_3D ( 'NONE', #1417, #1568, #751 ) ;
#1236 = CLOSED_SHELL ( 'NONE', ( #891, #1545, #286, #1102, #1746, #2186, #238, #1276, #95, #2303, #927, #1618, #1674, #2518, #1279, #2005, #1158, #347, #1221, #752, #200, #1639, #856, #1014 ) ) ;
#1237 = VERTEX_POINT ( 'NONE', #1489 ) ;
#1238 = CARTESIAN_POINT ( 'NONE',  ( -0.1154200659195512013, 0.01957993408044881450, -6.502391280053686031E-16 ) ) ;
#1239 = AXIS2_PLACEMENT_3D ( 'NONE', #2316, #2258, #634 ) ;
#1240 = CARTESIAN_POINT ( 'NONE',  ( -0.09185948719544534402, -0.003124999999999983694, -0.03804944542899188487 ) ) ;
#1241 = CARTESIAN_POINT ( 'NONE',  ( 0.03804944542899054566, 0.02187500000000002290, 0.09185948719544588525 ) ) ;
#1242 = CARTESIAN_POINT ( 'NONE',  ( -0.06495446631221890588, 0.4562500000000000999, 0.06495446631221796219 ) ) ;
#1243 = CARTESIAN_POINT ( 'NONE',  ( -0.2083333333333332316, 0.3454962792832755314, 0.000000000000000000 ) ) ;
#1244 = COORDINATED_UNIVERSAL_TIME_OFFSET ( 6, 0, .BEHIND. ) ;
#1245 = CARTESIAN_POINT ( 'NONE',  ( -0.2916666666666665741, 0.08333333333333320381, 0.000000000000000000 ) ) ;
#1246 = CARTESIAN_POINT ( 'NONE',  ( 0.1249999999999996669, 0.1468750000000000333, 0.05177669529663759401 ) ) ;
#1247 = ORIENTED_EDGE ( 'NONE', *, *, #913, .F. ) ;
#1248 = CARTESIAN_POINT ( 'NONE',  ( -6.791301097954400183E-16, 0.4187500000000000666, 0.09185948719544560770 ) ) ;
#1249 = CARTESIAN_POINT ( 'NONE',  ( 0.08838834764831796087, 0.1500000000000000500, 0.08838834764831893231 ) ) ;
#1250 = CARTESIAN_POINT ( 'NONE',  ( 0.2916666666666666852, 0.08333333333333327320, 3.571886497513112802E-17 ) ) ;
#1251 = ORIENTED_EDGE ( 'NONE', *, *, #2251, .T. ) ;
#1252 = CARTESIAN_POINT ( 'NONE',  ( -0.1141757994704080265, 0.02017891605182852224, 0.01402664872515128024 ) ) ;
#1253 = CARTESIAN_POINT ( 'NONE',  ( -0.09185948719544588525, 0.2531249999999999889, 0.03804944542899058035 ) ) ;
#1254 = CARTESIAN_POINT ( 'NONE',  ( 6.184628074832439858E-16, 0.09375000000000002776, -0.09185948719544560770 ) ) ;
#1255 = DIRECTION ( 'NONE',  ( -1.224646799147352468E-16, 1.000000000000000000, -0.000000000000000000 ) ) ;
#1256 = APPLICATION_PROTOCOL_DEFINITION ( 'international standard', 'config_control_design', 1994, #1658 ) ;
#1257 = DIRECTION ( 'NONE',  ( 1.000000000000000000, 0.000000000000000000, 0.000000000000000000 ) ) ;
#1258 = EDGE_CURVE ( 'NONE', #1317, #1631, #1349, .T. ) ;
#1259 = CARTESIAN_POINT ( 'NONE',  ( 6.184628074832439858E-16, 0.06250000000000001388, -0.1250000000000000000 ) ) ;
#1260 = ORIENTED_EDGE ( 'NONE', *, *, #128, .T. ) ;
#1261 = CARTESIAN_POINT ( 'NONE',  ( -0.09185948719544562158, 1.707404996040164512E-17, -6.487964586393420021E-16 ) ) ;
#1262 = CARTESIAN_POINT ( 'NONE',  ( 0.1249999999999996947, 0.1031250000000000222, 0.05177669529663759401 ) ) ;
#1263 = LINE ( 'NONE', #868, #1327 ) ;
#1264 = CARTESIAN_POINT ( 'NONE',  ( -0.09185948719544588525, -0.04062499999999998751, 0.03804944542899058035 ) ) ;
#1265 = ORIENTED_EDGE ( 'NONE', *, *, #2494, .T. ) ;
#1266 = CARTESIAN_POINT ( 'NONE',  ( 0.06495446631221793443, 0.1687500000000000389, 0.06495446631221887812 ) ) ;
#1267 = CARTESIAN_POINT ( 'NONE',  ( 0.06495446631221793443, 0.2687500000000000444, 0.06495446631221887812 ) ) ;
#1268 = CARTESIAN_POINT ( 'NONE',  ( -0.06495446631221798994, 0.05000000000000000971, -0.06495446631221887812 ) ) ;
#1269 = DIRECTION ( 'NONE',  ( 1.000000000000000000, 0.000000000000000000, 0.000000000000000000 ) ) ;
#1270 = CALENDAR_DATE ( 2026, 6, 1 ) ;
#1271 = CARTESIAN_POINT ( 'NONE',  ( 0.08838834764831889068, 0.006250000000000018562, -0.08838834764831794699 ) ) ;
#1272 = ORIENTED_EDGE ( 'NONE', *, *, #562, .T. ) ;
#1273 = CARTESIAN_POINT ( 'NONE',  ( -0.03804944542899191262, -0.09062499999999999722, 0.09185948719544533014 ) ) ;
#1274 = CARTESIAN_POINT ( 'NONE',  ( -0.1250000000000003053, 0.08437500000000004718, 0.05177669529663625481 ) ) ;
#1275 = CARTESIAN_POINT ( 'NONE',  ( 0.03077220766075639338, 0.04182946790184657176, -0.08814083595110493163 ) ) ;
#1276 = ADVANCED_FACE ( 'NONE', ( #1446 ), #819, .F. ) ;
#1277 = CARTESIAN_POINT ( 'NONE',  ( -0.09185948719544562158, 0.2062500000000000167, -6.487964586393420021E-16 ) ) ;
#1278 = CARTESIAN_POINT ( 'NONE',  ( 0.03804944542899192650, -0.05937499999999999029, -0.09185948719544533014 ) ) ;
#1279 = ADVANCED_FACE ( 'NONE', ( #1227 ), #1464, .T. ) ;
#1280 = ORIENTED_EDGE ( 'NONE', *, *, #1946, .T. ) ;
#1281 = VECTOR ( 'NONE', #1790, 39.37007874015748143 ) ;
#1282 = CARTESIAN_POINT ( 'NONE',  ( -0.09185948719544588525, 0.5031250000000001554, 0.03804944542899058035 ) ) ;
#1283 = DIRECTION ( 'NONE',  ( -4.939539904345632987E-16, 1.000000000000000000, -0.000000000000000000 ) ) ;
#1284 = AXIS2_PLACEMENT_3D ( 'NONE', #1006, #1841, #1825 ) ;
#1285 = CARTESIAN_POINT ( 'NONE',  ( -0.03804944542899191262, 0.1593750000000000167, 0.09185948719544533014 ) ) ;
#1286 = CARTESIAN_POINT ( 'NONE',  ( -0.06495446631221798994, 1.707404996040164512E-17, -0.06495446631221887812 ) ) ;
#1287 = CARTESIAN_POINT ( 'NONE',  ( 0.1250000000000000000, 0.1500000000000000500, 6.661338147750940229E-16 ) ) ;
#1288 = CARTESIAN_POINT ( 'NONE',  ( -0.004552185209332627880, 0.03090798445812369469, -0.1043163467161959956 ) ) ;
#1289 = CARTESIAN_POINT ( 'NONE',  ( -0.1250000000000002776, 0.02812500000000002498, 0.05177669529663624093 ) ) ;
#1290 = VERTEX_POINT ( 'NONE', #1034 ) ;
#1291 = CARTESIAN_POINT ( 'NONE',  ( -0.09185948719544534402, 0.04687500000000003469, -0.03804944542899188487 ) ) ;
#1292 = CARTESIAN_POINT ( 'NONE',  ( -0.08838834764831801638, 0.07500000000000003886, -0.08838834764831891844 ) ) ;
#1293 = CARTESIAN_POINT ( 'NONE',  ( 0.2083333333333332871, 0.6250000000000000000, 2.551347498223651693E-17 ) ) ;
#1294 = CARTESIAN_POINT ( 'NONE',  ( -0.09185948719544534402, 0.1531250000000000111, -0.03804944542899188487 ) ) ;
#1295 = CARTESIAN_POINT ( 'NONE',  ( -0.03804944542899062199, -0.05312499999999998473, -0.09185948719544587138 ) ) ;
#1296 = CC_DESIGN_PERSON_AND_ORGANIZATION_ASSIGNMENT ( #64, #1214, ( #1849 ) ) ;
#1297 = ORIENTED_EDGE ( 'NONE', *, *, #304, .F. ) ;
#1298 = EDGE_CURVE ( 'NONE', #67, #439, #2368, .T. ) ;
#1299 = CARTESIAN_POINT ( 'NONE',  ( 0.09185948719544530239, 0.4218749999999999445, 0.03804944542899193344 ) ) ;
#1300 = CARTESIAN_POINT ( 'NONE',  ( 0.09185948719544530239, 0.1718750000000000278, 0.03804944542899193344 ) ) ;
#1301 = CARTESIAN_POINT ( 'NONE',  ( -0.09185948719544562158, 0.1000000000000000194, -6.487964586393420021E-16 ) ) ;
#1302 = CARTESIAN_POINT ( 'NONE',  ( -0.06495446631221890588, 0.1125000000000000305, 0.06495446631221796219 ) ) ;
#1303 = CARTESIAN_POINT ( 'NONE',  ( 0.05177669529663758707, 0.1156250000000000333, -0.1249999999999997363 ) ) ;
#1304 = CARTESIAN_POINT ( 'NONE',  ( 0.05177669529663619236, 0.09062500000000003886, 0.1250000000000003053 ) ) ;
#1305 = ORIENTED_EDGE ( 'NONE', *, *, #1461, .T. ) ;
#1306 = CARTESIAN_POINT ( 'NONE',  ( -0.06495446631221798994, -0.1062499999999999972, -0.06495446631221887812 ) ) ;
#1307 = CARTESIAN_POINT ( 'NONE',  ( 6.184628074832439858E-16, 0.4187500000000000666, -0.1250000000000000278 ) ) ;
#1308 = CARTESIAN_POINT ( 'NONE',  ( 0.06495446631221793443, 0.07500000000000002498, 0.06495446631221887812 ) ) ;
#1309 = CARTESIAN_POINT ( 'NONE',  ( -0.03804944542899191262, 0.1656250000000000222, 0.09185948719544533014 ) ) ;
#1310 = CARTESIAN_POINT ( 'NONE',  ( -0.03804944542899062199, -0.1031249999999999944, -0.09185948719544587138 ) ) ;
#1311 = EDGE_LOOP ( 'NONE', ( #1247, #628, #1571, #278 ) ) ;
#1312 = DIRECTION ( 'NONE',  ( -1.000000000000000000, -6.556435184794232710E-16, 0.000000000000000000 ) ) ;
#1313 = CARTESIAN_POINT ( 'NONE',  ( 0.03804944542899054566, 0.2156250000000000111, 0.09185948719544588525 ) ) ;
#1314 = DIRECTION ( 'NONE',  ( 1.000000000000000000, 1.454561327741380216E-16, 0.000000000000000000 ) ) ;
#1315 = CARTESIAN_POINT ( 'NONE',  ( 0.1066229960006052080, 0.01124447053295100918, -0.06337029315238024152 ) ) ;
#1316 = CARTESIAN_POINT ( 'NONE',  ( -6.831886520882599770E-16, 0.3375000000000000222, 0.1250000000000000000 ) ) ;
#1317 = VERTEX_POINT ( 'NONE', #660 ) ;
#1318 = CARTESIAN_POINT ( 'NONE',  ( 0.06495446631221886424, -0.06874999999999999167, -0.06495446631221794831 ) ) ;
#1319 = CARTESIAN_POINT ( 'NONE',  ( 0.1250000000000002220, 0.4093750000000000444, -0.05177669529663629644 ) ) ;
#1320 = CARTESIAN_POINT ( 'NONE',  ( 0.09185948719544557994, 0.08125000000000001665, 6.600460013358639369E-16 ) ) ;
#1321 = CARTESIAN_POINT ( 'NONE',  ( -6.791301097954400183E-16, 0.3187500000000000333, 0.09185948719544560770 ) ) ;
#1322 = CARTESIAN_POINT ( 'NONE',  ( 0.06495446631221793443, -0.07499999999999998335, 0.06495446631221887812 ) ) ;
#1323 = VERTEX_POINT ( 'NONE', #1243 ) ;
#1324 = CARTESIAN_POINT ( 'NONE',  ( -0.09185948719544588525, 0.3031250000000000333, 0.03804944542899058035 ) ) ;
#1325 = CC_DESIGN_PERSON_AND_ORGANIZATION_ASSIGNMENT ( #1638, #2456, ( #809 ) ) ;
#1326 = CARTESIAN_POINT ( 'NONE',  ( -0.05177669529663757320, 0.04062500000000004302, 0.1249999999999997780 ) ) ;
#1327 = VECTOR ( 'NONE', #2280, 39.37007874015748143 ) ;
#1328 = CARTESIAN_POINT ( 'NONE',  ( 0.08838834764831890456, 0.1125000000000000444, -0.08838834764831796087 ) ) ;
#1329 = CC_DESIGN_SECURITY_CLASSIFICATION ( #809, ( #941 ) ) ;
#1330 = CARTESIAN_POINT ( 'NONE',  ( 6.184628074832439858E-16, 0.3125000000000000000, -0.1250000000000000000 ) ) ;
#1331 = CARTESIAN_POINT ( 'NONE',  ( -0.06495446631221798994, 0.1937500000000000056, -0.06495446631221887812 ) ) ;
#1332 = EDGE_CURVE ( 'NONE', #1905, #870, #105, .T. ) ;
#1333 = CARTESIAN_POINT ( 'NONE',  ( 0.08838834764831796087, 0.4500000000000000666, 0.08838834764831893231 ) ) ;
#1334 = CARTESIAN_POINT ( 'NONE',  ( 0.1249999999999996947, 0.04687500000000002776, 0.05177669529663760789 ) ) ;
#1335 = AXIS2_PLACEMENT_3D ( 'NONE', #2580, #322, #2528 ) ;
#1336 = CARTESIAN_POINT ( 'NONE',  ( -0.03804944542899062199, 0.1968750000000000222, -0.09185948719544587138 ) ) ;
#1337 = CARTESIAN_POINT ( 'NONE',  ( 0.06495446631221793443, 0.2250000000000000611, 0.06495446631221887812 ) ) ;
#1338 = ORIENTED_EDGE ( 'NONE', *, *, #2236, .T. ) ;
#1339 = DIRECTION ( 'NONE',  ( 4.073082549640102053E-18, -1.000000000000000000, -0.000000000000000000 ) ) ;
#1340 = CARTESIAN_POINT ( 'NONE',  ( -0.07283709121501050210, 0.2618709278922318195, 0.05712783137808732925 ) ) ;
#1341 = CARTESIAN_POINT ( 'NONE',  ( 0.08838834764831794699, 0.2437500000000000500, 0.08838834764831891844 ) ) ;
#1342 = CARTESIAN_POINT ( 'NONE',  ( 0.03804944542899192650, 0.1343750000000000222, -0.09185948719544533014 ) ) ;
#1343 = CARTESIAN_POINT ( 'NONE',  ( -0.08838834764831893231, 0.3875000000000000111, 0.08838834764831798863 ) ) ;
#1344 = CARTESIAN_POINT ( 'NONE',  ( -0.1250000000000000278, 0.02500000000000002220, -6.508257297857520307E-16 ) ) ;
#1345 = EDGE_CURVE ( 'NONE', #1410, #1323, #35, .T. ) ;
#1346 = CARTESIAN_POINT ( 'NONE',  ( -0.09185948719544534402, 0.5031250000000000444, -0.03804944542899188487 ) ) ;
#1347 = CARTESIAN_POINT ( 'NONE',  ( 0.09185948719544530239, 0.2281250000000000777, 0.03804944542899193344 ) ) ;
#1348 = CARTESIAN_POINT ( 'NONE',  ( -0.03804944542899191262, 0.4093750000000000444, 0.09185948719544533014 ) ) ;
#1349 =( BOUNDED_CURVE ( )  B_SPLINE_CURVE ( 2, ( #2288, #473, #415, #2469, #1475, #2300, #1894, #1911, #1287 ),
 .UNSPECIFIED., .F., .T. ) 
 B_SPLINE_CURVE_WITH_KNOTS ( ( 3, 2, 2, 2, 3 ),
 ( 0.3269230769230769273, 0.3365384615384615641, 0.3461538461538461453, 0.3557692307692307820, 0.3653846153846153633 ),
 .UNSPECIFIED. ) 
 CURVE ( )  GEOMETRIC_REPRESENTATION_ITEM ( )  RATIONAL_B_SPLINE_CURVE ( ( 1.000000000000000000, 0.9238795325112867385, 1.000000000000000000, 0.9238795325112867385, 1.000000000000000000, 0.9238795325112867385, 1.000000000000000000, 0.9238795325112867385, 1.000000000000000000 ) ) 
 REPRESENTATION_ITEM ( '' )  );
#1350 = CARTESIAN_POINT ( 'NONE',  ( -0.05177669529663627562, -0.08437499999999999167, -0.1250000000000002776 ) ) ;
#1351 = CARTESIAN_POINT ( 'NONE',  ( 0.05177669529663758707, 0.2156250000000000389, -0.1249999999999997363 ) ) ;
#1352 = CARTESIAN_POINT ( 'NONE',  ( 0.001995019506782836401, 0.2609336605870263837, 0.09523118985865501596 ) ) ;
#1353 = CARTESIAN_POINT ( 'NONE',  ( 0.1250000000000002220, 0.2031250000000000278, -0.05177669529663627562 ) ) ;
#1354 = CARTESIAN_POINT ( 'NONE',  ( -0.06495446631221798994, 0.1437500000000000444, -0.06495446631221887812 ) ) ;
#1355 = CARTESIAN_POINT ( 'NONE',  ( 0.1250000000000000000, 0.3562500000000000666, 6.661338147750940229E-16 ) ) ;
#1356 = CARTESIAN_POINT ( 'NONE',  ( -0.09185948719544562158, 0.05625000000000001527, -6.487964586393420021E-16 ) ) ;
#1357 = CARTESIAN_POINT ( 'NONE',  ( -0.06495446631221798994, 0.4000000000000000222, -0.06495446631221887812 ) ) ;
#1358 = ORIENTED_EDGE ( 'NONE', *, *, #1516, .F. ) ;
#1359 = CARTESIAN_POINT ( 'NONE',  ( 0.03804944542899192650, 0.1406250000000000278, -0.09185948719544533014 ) ) ;
#1360 = CARTESIAN_POINT ( 'NONE',  ( -0.03804944542899191262, 0.5093750000000000222, 0.09185948719544533014 ) ) ;
#1361 = CARTESIAN_POINT ( 'NONE',  ( -6.791301097954400183E-16, 0.2125000000000000222, 0.09185948719544560770 ) ) ;
#1362 = CARTESIAN_POINT ( 'NONE',  ( 0.08838834764831796087, 0.09375000000000002776, 0.08838834764831893231 ) ) ;
#1363 = CARTESIAN_POINT ( 'NONE',  ( -0.07672819944534864378, 0.2616749401208756654, 0.05273138925910033498 ) ) ;
#1364 = CARTESIAN_POINT ( 'NONE',  ( 6.184628074832439858E-16, 0.2625000000000000111, -0.1250000000000000000 ) ) ;
#1365 = CARTESIAN_POINT ( 'NONE',  ( -0.09185948719544534402, 0.1968750000000000222, -0.03804944542899188487 ) ) ;
#1366 = CARTESIAN_POINT ( 'NONE',  ( -0.02667608692312552904, 0.01268827471728086083, -0.1197392023222485502 ) ) ;
#1367 = CARTESIAN_POINT ( 'NONE',  ( 6.184628074832439858E-16, 0.01875000000000002359, -0.1250000000000000278 ) ) ;
#1368 = AXIS2_PLACEMENT_3D ( 'NONE', #2633, #1640, #2290 ) ;
#1369 = CARTESIAN_POINT ( 'NONE',  ( 0.09185948719544530239, 0.4281250000000000333, 0.03804944542899193344 ) ) ;
#1370 = CARTESIAN_POINT ( 'NONE',  ( -0.03804944542899062199, 0.2468750000000000666, -0.09185948719544587138 ) ) ;
#1371 = CARTESIAN_POINT ( 'NONE',  ( -0.03804944542899191262, 0.3593750000000001110, 0.09185948719544533014 ) ) ;
#1372 = CARTESIAN_POINT ( 'NONE',  ( 0.1249999999999996947, 0.1531250000000000111, 0.05177669529663760789 ) ) ;
#1373 = CIRCLE ( 'NONE', #1891, 0.2083333333333332871 ) ;
#1374 = EDGE_CURVE ( 'NONE', #67, #1061, #647, .T. ) ;
#1375 = CARTESIAN_POINT ( 'NONE',  ( -0.09185948719544534402, 0.4968750000000001221, -0.03804944542899188487 ) ) ;
#1376 = CARTESIAN_POINT ( 'NONE',  ( -0.06857288984200690662, 0.2620621602091757762, 0.06112220681983122905 ) ) ;
#1377 = CARTESIAN_POINT ( 'NONE',  ( -0.1250000000000002776, 0.5281250000000000666, 0.05177669529663624093 ) ) ;
#1378 = CARTESIAN_POINT ( 'NONE',  ( -0.09185948719544562158, 0.05000000000000000971, -6.487964586393420021E-16 ) ) ;
#1379 = FACE_OUTER_BOUND ( 'NONE', #836, .T. ) ;
#1380 = CARTESIAN_POINT ( 'NONE',  ( -0.09185948719544587138, 0.2591243041030646954, 0.03499701667708193104 ) ) ;
#1381 = CARTESIAN_POINT ( 'NONE',  ( -0.09185948719544534402, 0.4531250000000000555, -0.03804944542899188487 ) ) ;
#1382 = ORIENTED_EDGE ( 'NONE', *, *, #2197, .T. ) ;
#1383 = CARTESIAN_POINT ( 'NONE',  ( 0.06495446631221793443, 0.1750000000000000444, 0.06495446631221887812 ) ) ;
#1384 = CARTESIAN_POINT ( 'NONE',  ( -0.1250000000000003053, -0.1156249999999999639, 0.05177669529663625481 ) ) ;
#1385 = DIRECTION ( 'NONE',  ( -1.224646799147352468E-16, 1.000000000000000000, -0.000000000000000000 ) ) ;
#1386 = CARTESIAN_POINT ( 'NONE',  ( 3.422933369255118630E-17, 0.3454962792832758089, 0.000000000000000000 ) ) ;
#1387 = EDGE_CURVE ( 'NONE', #2034, #1237, #971, .T. ) ;
#1388 = CARTESIAN_POINT ( 'NONE',  ( -0.09185948719544562158, -0.09999999999999999167, -6.487964586393420021E-16 ) ) ;
#1389 = CARTESIAN_POINT ( 'NONE',  ( 6.184628074832439858E-16, -0.1062499999999999972, -0.09185948719544560770 ) ) ;
#1390 = CARTESIAN_POINT ( 'NONE',  ( 0.09185948719544557994, 0.2750000000000000222, 6.600460013358639369E-16 ) ) ;
#1391 = FACE_OUTER_BOUND ( 'NONE', #230, .T. ) ;
#1392 = CARTESIAN_POINT ( 'NONE',  ( 0.09185948719544530239, 0.3781250000000001554, 0.03804944542899193344 ) ) ;
#1393 = VERTEX_POINT ( 'NONE', #313 ) ;
#1394 = CARTESIAN_POINT ( 'NONE',  ( 0.06495446631221793443, 0.4250000000000000444, 0.06495446631221887812 ) ) ;
#1395 = CARTESIAN_POINT ( 'NONE',  ( -0.1249999999999997780, -0.02187499999999997780, -0.05177669529663754544 ) ) ;
#1396 = FACE_OUTER_BOUND ( 'NONE', #2083, .T. ) ;
#1397 = CARTESIAN_POINT ( 'NONE',  ( 0.09024290379743837853, 0.03304972794674563424, 0.04795223551172495685 ) ) ;
#1398 = CARTESIAN_POINT ( 'NONE',  ( -0.03804944542899191262, 0.009375000000000018735, 0.09185948719544533014 ) ) ;
#1399 = CARTESIAN_POINT ( 'NONE',  ( -6.831886520882599770E-16, 0.4375000000000000555, 0.1250000000000000000 ) ) ;
#1400 = CARTESIAN_POINT ( 'NONE',  ( 0.09185948719544557994, 0.4250000000000000999, 6.600460013358639369E-16 ) ) ;
#1401 = CARTESIAN_POINT ( 'NONE',  ( -0.1082664428744674057, 0.01751121447848357632, -0.04658741697856394470 ) ) ;
#1402 = CARTESIAN_POINT ( 'NONE',  ( -0.09185948719544537178, 0.2031250000000000278, -0.03804944542899188487 ) ) ;
#1403 = CARTESIAN_POINT ( 'NONE',  ( 0.1250000000000002498, 0.1031250000000000638, -0.05177669529663628950 ) ) ;
#1404 = CIRCLE ( 'NONE', #644, 0.2083333333333332871 ) ;
#1405 = LINE ( 'NONE', #1768, #478 ) ;
#1406 = CARTESIAN_POINT ( 'NONE',  ( 0.03804944542899054566, 0.4718750000000000444, 0.09185948719544588525 ) ) ;
#1407 = CARTESIAN_POINT ( 'NONE',  ( -0.08838834764831801638, -0.02499999999999997363, -0.08838834764831891844 ) ) ;
#1408 = CYLINDRICAL_SURFACE ( 'NONE', #2063, 0.2083333333333332871 ) ;
#1409 = LOCAL_TIME ( 8, 39, 29.00000000000000000, #1244 ) ;
#1410 = VERTEX_POINT ( 'NONE', #2143 ) ;
#1411 = CARTESIAN_POINT ( 'NONE',  ( 0.06487490258416341027, 0.03099769209421226329, 0.08159677675482641945 ) ) ;
#1412 = CARTESIAN_POINT ( 'NONE',  ( -0.09175376500206178232, 0.02273627309409068792, 0.06506627602659505183 ) ) ;
#1413 = CARTESIAN_POINT ( 'NONE',  ( -0.09185948719544562158, -0.04999999999999998890, -6.487964586393420021E-16 ) ) ;
#1414 = CARTESIAN_POINT ( 'NONE',  ( -0.05177669529663755932, 0.4843750000000000555, 0.1249999999999997502 ) ) ;
#1415 = CARTESIAN_POINT ( 'NONE',  ( 0.06495446631221793443, 0.3687499999999999667, 0.06495446631221887812 ) ) ;
#1416 = CARTESIAN_POINT ( 'NONE',  ( -0.1002120537567397357, 0.01668308061553611804, -0.06359900191504616607 ) ) ;
#1417 = CARTESIAN_POINT ( 'NONE',  ( 9.567553118338714264E-18, 0.5468749999999997780, 0.000000000000000000 ) ) ;
#1418 = DIRECTION ( 'NONE',  ( -1.000000000000000000, 0.000000000000000000, 0.000000000000000000 ) ) ;
#1419 = CARTESIAN_POINT ( 'NONE',  ( -0.1250000000000003053, 0.07812500000000005551, 0.05177669529663624787 ) ) ;
#1420 = ORIENTED_EDGE ( 'NONE', *, *, #2343, .T. ) ;
#1421 = CARTESIAN_POINT ( 'NONE',  ( 0.09185948719544557994, 0.3812500000000000888, 6.600460013358639369E-16 ) ) ;
#1422 = CARTESIAN_POINT ( 'NONE',  ( -0.1249999999999997780, -0.07187499999999996669, -0.05177669529663754544 ) ) ;
#1423 = CARTESIAN_POINT ( 'NONE',  ( 0.000000000000000000, -0.3140624999999942490, 0.000000000000000000 ) ) ;
#1424 = EDGE_CURVE ( 'NONE', #477, #405, #1717, .T. ) ;
#1425 = EDGE_LOOP ( 'NONE', ( #1280, #880 ) ) ;
#1426 = CARTESIAN_POINT ( 'NONE',  ( 0.09463699278428649997, 0.2520607464205032455, -0.07306822952095563817 ) ) ;
#1427 = CARTESIAN_POINT ( 'NONE',  ( 0.03804944542899054566, 0.1156250000000000194, 0.09185948719544589913 ) ) ;
#1428 =( BOUNDED_SURFACE ( )  B_SPLINE_SURFACE ( 1, 2, ( 
 ( #1564, #1134, #130, #349, #1388, #631, #2426, #1662, #1224, #1443, #2255, #785, #2269, #232, #204, #1863, #370, #1000, #1015, #1834, #1413, #1183, #1210, #1634, #2042, #5, #830, #2057, #2466, #1848, #2211, #1603, #1648, #427, #2640, #1240, #816, #1043, #1615, #1398, #20, #2452, #2012, #616, #33, #1429, #843, #2479, #399, #178, #2072, #988, #412, #1819, #798, #1806, #217, #1030, #2628, #587, #2225, #383, #1196, #2438, #2027, #190, #601, #2240, #1301, #2129, #287, #1736, #1924, #1723, #1892, #2526, #1100, #1086, #858, #2314, #2330, #92, #1677, #688, #2495, #2545, #704, #1285, #489, #645, #904, #108, #1520, #889, #1462, #1504, #2510, #658, #258, #2345, #502, #2285, #2099, #1070, #441, #1313, #2142, #299, #1056, #2298, #77, #2085, #1113, #1938, #918, #1473, #61, #1253, #246, #1876, #46, #455, #1267, #874, #1692, #672, #1487, #471, #2114, #273, #1707, #1909, #1533, #1324, #2357, #512, #2558, #718, #2556, #871, #2589, #1922, #271, #1141, #1083, #1154, #1981, #2543, #946, #1889, #2389, #1371, #547, #2171, #59, #1967, #1098, #2112, #1500, #148, #2183, #356, #686, #2328, #74, #487, #702, #1348, #558, #958, #1778, #1299, #1767, #1562, #330, #137, #756, #341, #2600, #670, #1573, #2397, #2195, #1906, #887, #90, #1704, #2524, #902, #1689, #2508, #2127, #1485, #2312, #284, #469, #744, #1282, #1721, #1360, #1518 ),
 ( #2377, #536, #2036, #573, #198, #1384, #595, #584, #1179, #781, #2052, #2008, #1438, #173, #1994, #163, #1191, #767, #1008, #1422, #610, #1644, #2447, #2461, #793, #1789, #2207, #981, #969, #2220, #1828, #367, #2648, #1801, #1407, #1395, #2625, #1599, #211, #2422, #2264, #378, #2611, #1587, #2021, #2411, #807, #2249, #407, #625, #1219, #1167, #185, #1626, #1023, #393, #995, #1814, #2234, #2636, #1844, #16, #826, #1610, #2433, #1204, #1292, #463, #1078, #1274, #2519, #2105, #1916, #1039, #242, #1262, #1900, #882, #2503, #1233, #1063, #2121, #2307, #480, #266, #2534, #851, #280, #1093, #696, #1249, #1512, #665, #1480, #85, #1670, #437, #2321, #681, #228, #420, #41, #69, #897, #2092, #1715, #640, #1453, #254, #1700, #1495, #2067, #1858, #654, #29, #1884, #2489, #838, #1469, #1656, #2475, #2279, #2294, #2081, #1052, #1872, #450, #54, #867, #1685, #750, #2159, #2167, #741, #293, #2337, #1763, #1751, #2586, #2383, #133, #953, #1107, #99, #1930, #2362, #2573, #2178, #942, #336, #1558, #1149, #732, #1977, #542, #144, #1355, #1774, #1954, #910, #710, #2351, #2136, #723, #532, #1729, #1343, #2551, #1548, #1741, #508, #1944, #2595, #1319, #496, #2148, #1307, #1526, #519, #305, #326, #1119, #113, #923, #2563, #1538, #1333, #1137, #1963, #2373, #316, #1128, #123, #932, #604, #2429, #2243, #2406, #169, #2030, #2441 ) ),
 .UNSPECIFIED., .F., .F., .T. ) 
 B_SPLINE_SURFACE_WITH_KNOTS ( ( 2, 2 ),
 ( 3, 2, 2, 2, 2, 2, 2, 2, 2, 2, 2, 2, 2, 2, 2, 2, 2, 2, 2, 2, 2, 2, 2, 2, 2, 2, 2, 2, 2, 2, 2, 2, 2, 2, 2, 2, 2, 2, 2, 2, 2, 2, 2, 2, 2, 2, 2, 2, 2, 2, 2, 2, 2, 2, 2, 2, 2, 2, 2, 2, 2, 2, 2, 2, 2, 2, 2, 2, 2, 2, 2, 2, 2, 2, 2, 2, 2, 2, 2, 2, 2, 2, 2, 2, 2, 2, 2, 2, 2, 2, 2, 2, 2, 2, 2, 2, 2, 2, 2, 2, 3 ),
 ( 0.000000000000000000, 1.000000000000000000 ),
 ( 0.000000000000000000, 0.009615384615384615918, 0.01923076923076923184, 0.02884615384615384776, 0.03846153846153846367, 0.04807692307692307959, 0.05769230769230769551, 0.06730769230769230449, 0.07692307692307692735, 0.08653846153846153633, 0.09615384615384615918, 0.1057692307692307682, 0.1153846153846153910, 0.1250000000000000000, 0.1346153846153846090, 0.1442307692307692180, 0.1538461538461538547, 0.1634615384615384637, 0.1730769230769230727, 0.1826923076923076816, 0.1923076923076923184, 0.2019230769230769273, 0.2115384615384615363, 0.2211538461538461453, 0.2307692307692307820, 0.2403846153846153910, 0.2500000000000000000, 0.2596153846153846367, 0.2692307692307692180, 0.2788461538461538547, 0.2884615384615384359, 0.2980769230769230727, 0.3076923076923077094, 0.3173076923076922906, 0.3269230769230769273, 0.3365384615384615641, 0.3461538461538461453, 0.3557692307692307820, 0.3653846153846153633, 0.3750000000000000000, 0.3846153846153846367, 0.3942307692307692180, 0.4038461538461538547, 0.4134615384615384359, 0.4230769230769230727, 0.4326923076923077094, 0.4423076923076922906, 0.4519230769230769273, 0.4615384615384615641, 0.4711538461538461453, 0.4807692307692307820, 0.4903846153846153633, 0.5000000000000000000, 0.5096153846153845812, 0.5192307692307692735, 0.5288461538461538547, 0.5384615384615384359, 0.5480769230769231282, 0.5576923076923077094, 0.5673076923076922906, 0.5769230769230768718, 0.5865384615384615641, 0.5961538461538461453, 0.6057692307692307265, 0.6153846153846154188, 0.6250000000000000000, 0.6346153846153845812, 0.6442307692307692735, 0.6538461538461538547, 0.6634615384615384359, 0.6730769230769231282, 0.6826923076923077094, 0.6923076923076922906, 0.7019230769230768718, 0.7115384615384615641, 0.7211538461538461453, 0.7307692307692307265, 0.7403846153846154188, 0.7500000000000000000, 0.7596153846153845812, 0.7692307692307692735, 0.7788461538461538547, 0.7884615384615384359, 0.7980769230769231282, 0.8076923076923077094, 0.8173076923076922906, 0.8269230769230768718, 0.8365384615384615641, 0.8461538461538461453, 0.8557692307692307265, 0.8653846153846154188, 0.8750000000000000000, 0.8846153846153845812, 0.8942307692307692735, 0.9038461538461538547, 0.9134615384615384359, 0.9230769230769231282, 0.9326923076923077094, 0.9423076923076922906, 0.9519230769230768718, 0.9615384615384615641 ),
 .UNSPECIFIED. ) 
 GEOMETRIC_REPRESENTATION_ITEM ( )  RATIONAL_B_SPLINE_SURFACE ( (
 ( 1.000000000000000000, 0.9238795325112867385, 1.000000000000000000, 0.9238795325112867385, 1.000000000000000000, 0.9238795325112867385, 1.000000000000000000, 0.9238795325112867385, 1.000000000000000000, 0.9238795325112867385, 1.000000000000000000, 0.9238795325112867385, 1.000000000000000000, 0.9238795325112867385, 1.000000000000000000, 0.9238795325112867385, 1.000000000000000000, 0.9238795325112867385, 1.000000000000000000, 0.9238795325112867385, 1.000000000000000000, 0.9238795325112867385, 1.000000000000000000, 0.9238795325112867385, 1.000000000000000000, 0.9238795325112867385, 1.000000000000000000, 0.9238795325112867385, 1.000000000000000000, 0.9238795325112867385, 1.000000000000000000, 0.9238795325112867385, 1.000000000000000000, 0.9238795325112867385, 1.000000000000000000, 0.9238795325112867385, 1.000000000000000000, 0.9238795325112867385, 1.000000000000000000, 0.9238795325112867385, 1.000000000000000000, 0.9238795325112867385, 1.000000000000000000, 0.9238795325112867385, 1.000000000000000000, 0.9238795325112867385, 1.000000000000000000, 0.9238795325112867385, 1.000000000000000000, 0.9238795325112867385, 1.000000000000000000, 0.9238795325112867385, 1.000000000000000000, 0.9238795325112867385, 1.000000000000000000, 0.9238795325112867385, 1.000000000000000000, 0.9238795325112867385, 1.000000000000000000, 0.9238795325112867385, 1.000000000000000000, 0.9238795325112867385, 1.000000000000000000, 0.9238795325112867385, 1.000000000000000000, 0.9238795325112867385, 1.000000000000000000, 0.9238795325112867385, 1.000000000000000000, 0.9238795325112867385, 1.000000000000000000, 0.9238795325112867385, 1.000000000000000000, 0.9238795325112867385, 1.000000000000000000, 0.9238795325112867385, 1.000000000000000000, 0.9238795325112867385, 1.000000000000000000, 0.9238795325112867385, 1.000000000000000000, 0.9238795325112867385, 1.000000000000000000, 0.9238795325112867385, 1.000000000000000000, 0.9238795325112867385, 1.000000000000000000, 0.9238795325112867385, 1.000000000000000000, 0.9238795325112867385, 1.000000000000000000, 0.9238795325112867385, 1.000000000000000000, 0.9238795325112867385, 1.000000000000000000, 0.9238795325112867385, 1.000000000000000000, 0.9238795325112867385, 1.000000000000000000, 0.9238795325112867385, 1.000000000000000000, 0.9238795325112867385, 1.000000000000000000, 0.9238795325112867385, 1.000000000000000000, 0.9238795325112867385, 1.000000000000000000, 0.9238795325112867385, 1.000000000000000000, 0.9238795325112867385, 1.000000000000000000, 0.9238795325112867385, 1.000000000000000000, 0.9238795325112867385, 1.000000000000000000, 0.9238795325112867385, 1.000000000000000000, 0.9238795325112867385, 1.000000000000000000, 0.9238795325112867385, 1.000000000000000000, 0.9238795325112867385, 1.000000000000000000, 0.9238795325112867385, 1.000000000000000000, 0.9238795325112867385, 1.000000000000000000, 0.9238795325112867385, 1.000000000000000000, 0.9238795325112867385, 1.000000000000000000, 0.9238795325112867385, 1.000000000000000000, 0.9238795325112867385, 1.000000000000000000, 0.9238795325112867385, 1.000000000000000000, 0.9238795325112867385, 1.000000000000000000, 0.9238795325112867385, 1.000000000000000000, 0.9238795325112867385, 1.000000000000000000, 0.9238795325112867385, 1.000000000000000000, 0.9238795325112867385, 1.000000000000000000, 0.9238795325112867385, 1.000000000000000000, 0.9238795325112867385, 1.000000000000000000, 0.9238795325112867385, 1.000000000000000000, 0.9238795325112867385, 1.000000000000000000, 0.9238795325112867385, 1.000000000000000000, 0.9238795325112867385, 1.000000000000000000, 0.9238795325112867385, 1.000000000000000000, 0.9238795325112867385, 1.000000000000000000, 0.9238795325112867385, 1.000000000000000000, 0.9238795325112867385, 1.000000000000000000, 0.9238795325112867385, 1.000000000000000000, 0.9238795325112867385, 1.000000000000000000, 0.9238795325112867385, 1.000000000000000000, 0.9238795325112867385, 1.000000000000000000, 0.9238795325112867385, 1.000000000000000000, 0.9238795325112867385, 1.000000000000000000, 0.9238795325112867385, 1.000000000000000000, 0.9238795325112867385, 1.000000000000000000, 0.9238795325112867385, 1.000000000000000000, 0.9238795325112867385, 1.000000000000000000, 0.9238795325112867385, 1.000000000000000000, 0.9238795325112867385, 1.000000000000000000, 0.9238795325112867385, 1.000000000000000000, 0.9238795325112867385, 1.000000000000000000, 0.9238795325112867385, 1.000000000000000000, 0.9238795325112867385, 1.000000000000000000, 0.9238795325112867385, 1.000000000000000000),
 ( 1.000000000000000000, 0.9238795325112867385, 1.000000000000000000, 0.9238795325112867385, 1.000000000000000000, 0.9238795325112867385, 1.000000000000000000, 0.9238795325112867385, 1.000000000000000000, 0.9238795325112867385, 1.000000000000000000, 0.9238795325112867385, 1.000000000000000000, 0.9238795325112867385, 1.000000000000000000, 0.9238795325112867385, 1.000000000000000000, 0.9238795325112867385, 1.000000000000000000, 0.9238795325112867385, 1.000000000000000000, 0.9238795325112867385, 1.000000000000000000, 0.9238795325112867385, 1.000000000000000000, 0.9238795325112867385, 1.000000000000000000, 0.9238795325112867385, 1.000000000000000000, 0.9238795325112867385, 1.000000000000000000, 0.9238795325112867385, 1.000000000000000000, 0.9238795325112867385, 1.000000000000000000, 0.9238795325112867385, 1.000000000000000000, 0.9238795325112867385, 1.000000000000000000, 0.9238795325112867385, 1.000000000000000000, 0.9238795325112867385, 1.000000000000000000, 0.9238795325112867385, 1.000000000000000000, 0.9238795325112867385, 1.000000000000000000, 0.9238795325112867385, 1.000000000000000000, 0.9238795325112867385, 1.000000000000000000, 0.9238795325112867385, 1.000000000000000000, 0.9238795325112867385, 1.000000000000000000, 0.9238795325112867385, 1.000000000000000000, 0.9238795325112867385, 1.000000000000000000, 0.9238795325112867385, 1.000000000000000000, 0.9238795325112867385, 1.000000000000000000, 0.9238795325112867385, 1.000000000000000000, 0.9238795325112867385, 1.000000000000000000, 0.9238795325112867385, 1.000000000000000000, 0.9238795325112867385, 1.000000000000000000, 0.9238795325112867385, 1.000000000000000000, 0.9238795325112867385, 1.000000000000000000, 0.9238795325112867385, 1.000000000000000000, 0.9238795325112867385, 1.000000000000000000, 0.9238795325112867385, 1.000000000000000000, 0.9238795325112867385, 1.000000000000000000, 0.9238795325112867385, 1.000000000000000000, 0.9238795325112867385, 1.000000000000000000, 0.9238795325112867385, 1.000000000000000000, 0.9238795325112867385, 1.000000000000000000, 0.9238795325112867385, 1.000000000000000000, 0.9238795325112867385, 1.000000000000000000, 0.9238795325112867385, 1.000000000000000000, 0.9238795325112867385, 1.000000000000000000, 0.9238795325112867385, 1.000000000000000000, 0.9238795325112867385, 1.000000000000000000, 0.9238795325112867385, 1.000000000000000000, 0.9238795325112867385, 1.000000000000000000, 0.9238795325112867385, 1.000000000000000000, 0.9238795325112867385, 1.000000000000000000, 0.9238795325112867385, 1.000000000000000000, 0.9238795325112867385, 1.000000000000000000, 0.9238795325112867385, 1.000000000000000000, 0.9238795325112867385, 1.000000000000000000, 0.9238795325112867385, 1.000000000000000000, 0.9238795325112867385, 1.000000000000000000, 0.9238795325112867385, 1.000000000000000000, 0.9238795325112867385, 1.000000000000000000, 0.9238795325112867385, 1.000000000000000000, 0.9238795325112867385, 1.000000000000000000, 0.9238795325112867385, 1.000000000000000000, 0.9238795325112867385, 1.000000000000000000, 0.9238795325112867385, 1.000000000000000000, 0.9238795325112867385, 1.000000000000000000, 0.9238795325112867385, 1.000000000000000000, 0.9238795325112867385, 1.000000000000000000, 0.9238795325112867385, 1.000000000000000000, 0.9238795325112867385, 1.000000000000000000, 0.9238795325112867385, 1.000000000000000000, 0.9238795325112867385, 1.000000000000000000, 0.9238795325112867385, 1.000000000000000000, 0.9238795325112867385, 1.000000000000000000, 0.9238795325112867385, 1.000000000000000000, 0.9238795325112867385, 1.000000000000000000, 0.9238795325112867385, 1.000000000000000000, 0.9238795325112867385, 1.000000000000000000, 0.9238795325112867385, 1.000000000000000000, 0.9238795325112867385, 1.000000000000000000, 0.9238795325112867385, 1.000000000000000000, 0.9238795325112867385, 1.000000000000000000, 0.9238795325112867385, 1.000000000000000000, 0.9238795325112867385, 1.000000000000000000, 0.9238795325112867385, 1.000000000000000000, 0.9238795325112867385, 1.000000000000000000, 0.9238795325112867385, 1.000000000000000000, 0.9238795325112867385, 1.000000000000000000, 0.9238795325112867385, 1.000000000000000000, 0.9238795325112867385, 1.000000000000000000, 0.9238795325112867385, 1.000000000000000000, 0.9238795325112867385, 1.000000000000000000, 0.9238795325112867385, 1.000000000000000000, 0.9238795325112867385, 1.000000000000000000, 0.9238795325112867385, 1.000000000000000000, 0.9238795325112867385, 1.000000000000000000, 0.9238795325112867385, 1.000000000000000000) ) ) 
 REPRESENTATION_ITEM ( '' )  SURFACE ( )  );
#1429 = CARTESIAN_POINT ( 'NONE',  ( 0.09185948719544581587, 0.02812500000000002498, -0.03804944542899061505 ) ) ;
#1430 = CARTESIAN_POINT ( 'NONE',  ( 0.06495446631221886424, 0.03750000000000002637, -0.06495446631221794831 ) ) ;
#1431 = CARTESIAN_POINT ( 'NONE',  ( 0.06495446631221793443, 0.3187499999999999778, 0.06495446631221887812 ) ) ;
#1432 = FACE_OUTER_BOUND ( 'NONE', #1311, .T. ) ;
#1433 = DIRECTION ( 'NONE',  ( 0.000000000000000000, 0.000000000000000000, 1.000000000000000000 ) ) ;
#1434 = DIRECTION ( 'NONE',  ( 4.073082549640102053E-18, -1.000000000000000000, -0.000000000000000000 ) ) ;
#1435 = CARTESIAN_POINT ( 'NONE',  ( -0.05177669529663627562, 0.01562500000000002429, -0.1250000000000002776 ) ) ;
#1436 = VERTEX_POINT ( 'NONE', #1554 ) ;
#1437 = CARTESIAN_POINT ( 'NONE',  ( 0.09185948719544581587, 0.3843750000000000222, -0.03804944542899061505 ) ) ;
#1438 = CARTESIAN_POINT ( 'NONE',  ( 0.1250000000000000000, -0.09374999999999998612, 6.661338147750940229E-16 ) ) ;
#1439 = DIRECTION ( 'NONE',  ( 4.073082549640102053E-18, -1.000000000000000000, -0.000000000000000000 ) ) ;
#1440 = ORIENTED_EDGE ( 'NONE', *, *, #783, .F. ) ;
#1441 = ADVANCED_FACE ( 'NONE', ( #93 ), #1709, .T. ) ;
#1442 = CARTESIAN_POINT ( 'NONE',  ( 0.03804944542899192650, 0.08437500000000003331, -0.09185948719544533014 ) ) ;
#1443 = CARTESIAN_POINT ( 'NONE',  ( 0.03804944542899054566, -0.08437499999999999167, 0.09185948719544588525 ) ) ;
#1444 = CARTESIAN_POINT ( 'NONE',  ( 6.184628074832439858E-16, 0.04375000000000001110, -0.09185948719544560770 ) ) ;
#1445 = CARTESIAN_POINT ( 'NONE',  ( -0.09185948719544534402, 0.2968750000000000000, -0.03804944542899188487 ) ) ;
#1446 = FACE_OUTER_BOUND ( 'NONE', #283, .T. ) ;
#1447 = PERSON_AND_ORGANIZATION ( #152, #731 ) ;
#1448 =( BOUNDED_CURVE ( )  B_SPLINE_CURVE ( 2, ( #1094, #2504, #827, #2462, #2265, #421, #852 ),
 .UNSPECIFIED., .F., .T. ) 
 B_SPLINE_CURVE_WITH_KNOTS ( ( 3, 2, 2, 3 ),
 ( 0.5576923076923077094, 0.5673076923076970646, 0.5769230769230864198, 0.5865384615384758860 ),
 .UNSPECIFIED. ) 
 CURVE ( )  GEOMETRIC_REPRESENTATION_ITEM ( )  RATIONAL_B_SPLINE_CURVE ( ( 1.000000000000000000, 0.9238795325112867385, 1.000000000000000000, 0.9238795325112867385, 1.000000000000000000, 0.9238795325111733847, 1.000000000000113465 ) ) 
 REPRESENTATION_ITEM ( '' )  );
#1449 = CARTESIAN_POINT ( 'NONE',  ( -0.1250000000000000278, 0.1812500000000000222, -6.508257297857520307E-16 ) ) ;
#1450 = CARTESIAN_POINT ( 'NONE',  ( -0.08838834764831891844, 0.1312500000000000333, 0.08838834764831796087 ) ) ;
#1451 = EDGE_LOOP ( 'NONE', ( #679, #1037, #2477, #1713 ) ) ;
#1452 = CARTESIAN_POINT ( 'NONE',  ( 0.06495446631221793443, 0.3250000000000000111, 0.06495446631221887812 ) ) ;
#1453 = CARTESIAN_POINT ( 'NONE',  ( 0.1249999999999996947, 0.2031250000000000278, 0.05177669529663759401 ) ) ;
#1454 = CARTESIAN_POINT ( 'NONE',  ( -6.831886520882599770E-16, 0.09375000000000004163, 0.1250000000000000278 ) ) ;
#1455 = AXIS2_PLACEMENT_3D ( 'NONE', #2391, #323, #973 ) ;
#1456 = VECTOR ( 'NONE', #2448, 39.37007874015748143 ) ;
#1457 = AXIS2_PLACEMENT_3D ( 'NONE', #636, #2514, #1116 ) ;
#1458 = EDGE_LOOP ( 'NONE', ( #2134, #916, #1467, #2039, #494, #1882, #2532, #901, #27, #486, #2267, #2054, #291 ) ) ;
#1459 = CARTESIAN_POINT ( 'NONE',  ( 0.0006802172850531429784, 0.02759697621451305538, 0.1076292835595089037 ) ) ;
#1460 = CIRCLE ( 'NONE', #1335, 0.2083333333333331761 ) ;
#1461 = EDGE_CURVE ( 'NONE', #2445, #1082, #1193, .T. ) ;
#1462 = CARTESIAN_POINT ( 'NONE',  ( 0.06495446631221886424, 0.1812500000000000500, -0.06495446631221794831 ) ) ;
#1463 = CARTESIAN_POINT ( 'NONE',  ( -0.03804944542899191262, 0.01562500000000002429, 0.09185948719544533014 ) ) ;
#1464 = CYLINDRICAL_SURFACE ( 'NONE', #563, 0.2083333333333332038 ) ;
#1465 = CARTESIAN_POINT ( 'NONE',  ( 0.3749999999999991673, 4.592425496802560044E-17, 4.592425496802563742E-17 ) ) ;
#1466 = CARTESIAN_POINT ( 'NONE',  ( -0.1249999999999997780, 0.02187500000000002290, -0.05177669529663754544 ) ) ;
#1467 = ORIENTED_EDGE ( 'NONE', *, *, #1759, .T. ) ;
#1468 = CARTESIAN_POINT ( 'NONE',  ( -0.06495446631221890588, -0.04374999999999998335, 0.06495446631221796219 ) ) ;
#1469 = CARTESIAN_POINT ( 'NONE',  ( -0.08838834764831893231, 0.2375000000000000722, 0.08838834764831798863 ) ) ;
#1470 = CARTESIAN_POINT ( 'NONE',  ( 0.03650399496332114302, 0.04149359870183275123, -0.08629263948778548299 ) ) ;
#1471 = ORIENTED_EDGE ( 'NONE', *, *, #1298, .F. ) ;
#1472 = CARTESIAN_POINT ( 'NONE',  ( -0.09185948719544537178, 0.1968750000000000222, -0.03804944542899188487 ) ) ;
#1473 = CARTESIAN_POINT ( 'NONE',  ( -0.09185948719544534402, 0.2468750000000000944, -0.03804944542899188487 ) ) ;
#1474 = CARTESIAN_POINT ( 'NONE',  ( 0.03804944542899054566, -0.07812499999999998612, 0.09185948719544588525 ) ) ;
#1475 = CARTESIAN_POINT ( 'NONE',  ( -6.831886520882599770E-16, 0.1375000000000000389, 0.1250000000000000278 ) ) ;
#1476 = LINE ( 'NONE', #878, #1506 ) ;
#1477 = CARTESIAN_POINT ( 'NONE',  ( 0.1250000000000002220, 0.1531250000000000111, -0.05177669529663627562 ) ) ;
#1478 = ORIENTED_EDGE ( 'NONE', *, *, #1711, .F. ) ;
#1479 = CARTESIAN_POINT ( 'NONE',  ( 0.06495446631221793443, 0.01875000000000002359, 0.06495446631221887812 ) ) ;
#1480 = CARTESIAN_POINT ( 'NONE',  ( 0.1250000000000002220, 0.1593750000000000444, -0.05177669529663629644 ) ) ;
#1481 = DIRECTION ( 'NONE',  ( -1.224646799147352468E-16, 1.000000000000000000, -0.000000000000000000 ) ) ;
#1482 = CARTESIAN_POINT ( 'NONE',  ( -0.09185948719544562158, 0.2562500000000000333, -6.487964586393420021E-16 ) ) ;
#1483 = CARTESIAN_POINT ( 'NONE',  ( 0.09185948719544581587, -0.06562499999999998890, -0.03804944542899061505 ) ) ;
#1484 = ORIENTED_EDGE ( 'NONE', *, *, #1711, .T. ) ;
#1485 = CARTESIAN_POINT ( 'NONE',  ( 6.184628074832439858E-16, 0.4875000000000000444, -0.09185948719544560770 ) ) ;
#1486 = CARTESIAN_POINT ( 'NONE',  ( 0.09185948719544557994, 0.2250000000000000333, 6.600460013358639369E-16 ) ) ;
#1487 = CARTESIAN_POINT ( 'NONE',  ( 0.06495446631221886424, 0.2812500000000000555, -0.06495446631221794831 ) ) ;
#1488 = CARTESIAN_POINT ( 'NONE',  ( -0.03804944542899191262, -0.03437499999999998890, 0.09185948719544533014 ) ) ;
#1489 = CARTESIAN_POINT ( 'NONE',  ( 0.1250000000000000000, 0.05625000000000002914, 6.661338147750940229E-16 ) ) ;
#1490 =( NAMED_UNIT ( * ) SI_UNIT ( $, .STERADIAN. ) SOLID_ANGLE_UNIT ( ) );
#1491 = CARTESIAN_POINT ( 'NONE',  ( 0.04498917865381418107, 0.02259950118171723255, -0.1033272093724996038 ) ) ;
#1492 = CARTESIAN_POINT ( 'NONE',  ( 0.1249999999999996669, -0.003124999999999983694, 0.05177669529663759401 ) ) ;
#1493 = EDGE_LOOP ( 'NONE', ( #89, #1440 ) ) ;
#1494 = CARTESIAN_POINT ( 'NONE',  ( -0.03804944542899062199, 0.04062500000000000833, -0.09185948719544587138 ) ) ;
#1495 = CARTESIAN_POINT ( 'NONE',  ( 0.08838834764831890456, 0.2125000000000000500, -0.08838834764831796087 ) ) ;
#1496 = CARTESIAN_POINT ( 'NONE',  ( 0.1249999999999996947, 0.1031250000000000222, 0.05177669529663760789 ) ) ;
#1497 = CARTESIAN_POINT ( 'NONE',  ( 0.09185948719544530239, 0.2281250000000000777, 0.03804944542899193344 ) ) ;
#1498 = CARTESIAN_POINT ( 'NONE',  ( 0.06495446631221886424, -0.01249999999999998682, -0.06495446631221794831 ) ) ;
#1499 = ORIENTED_EDGE ( 'NONE', *, *, #677, .T. ) ;
#1500 = CARTESIAN_POINT ( 'NONE',  ( 0.06495446631221886424, 0.3812500000000000888, -0.06495446631221794831 ) ) ;
#1501 = CARTESIAN_POINT ( 'NONE',  ( 0.03804944542899054566, 0.1656250000000000222, 0.09185948719544589913 ) ) ;
#1502 = LOCAL_TIME ( 8, 39, 29.00000000000000000, #648 ) ;
#1503 = AXIS2_PLACEMENT_3D ( 'NONE', #621, #1608, #195 ) ;
#1504 = CARTESIAN_POINT ( 'NONE',  ( 0.03804944542899192650, 0.1843750000000000389, -0.09185948719544533014 ) ) ;
#1505 = CARTESIAN_POINT ( 'NONE',  ( 0.03804944542899054566, 0.1218750000000000111, 0.09185948719544588525 ) ) ;
#1506 = VECTOR ( 'NONE', #1696, 39.37007874015748143 ) ;
#1507 = CARTESIAN_POINT ( 'NONE',  ( 0.1250000000000000000, 0.05625000000000002914, 6.661338147750940229E-16 ) ) ;
#1508 = CARTESIAN_POINT ( 'NONE',  ( -0.09156203886179224705, 0.2607041871140268197, 0.02805660044433531952 ) ) ;
#1509 = CARTESIAN_POINT ( 'NONE',  ( -0.05177669529663755932, 0.08437500000000004718, 0.1249999999999997502 ) ) ;
#1510 = ORIENTED_EDGE ( 'NONE', *, *, #2555, .F. ) ;
#1511 = CARTESIAN_POINT ( 'NONE',  ( 6.184628074832439858E-16, -0.06249999999999999306, -0.09185948719544560770 ) ) ;
#1512 = CARTESIAN_POINT ( 'NONE',  ( 0.1249999999999996947, 0.1531250000000000111, 0.05177669529663759401 ) ) ;
#1513 = CARTESIAN_POINT ( 'NONE',  ( -0.09185948719544537178, 0.1031250000000000083, -0.03804944542899188487 ) ) ;
#1514 = CARTESIAN_POINT ( 'NONE',  ( 0.09185948719544581587, 0.2343750000000000000, -0.03804944542899061505 ) ) ;
#1515 = CARTESIAN_POINT ( 'NONE',  ( -0.09185948719544562158, -0.09374999999999998612, -6.487964586393420021E-16 ) ) ;
#1516 = EDGE_CURVE ( 'NONE', #1410, #52, #1460, .T. ) ;
#1517 = ORIENTED_EDGE ( 'NONE', *, *, #2568, .T. ) ;
#1518 = CARTESIAN_POINT ( 'NONE',  ( -6.791301097954400183E-16, 0.5125000000000000666, 0.09185948719544560770 ) ) ;
#1519 = DIRECTION ( 'NONE',  ( -0.9396926207859070956, -0.3420201433256723766, 1.150791560227848790E-16 ) ) ;
#1520 = CARTESIAN_POINT ( 'NONE',  ( 0.09185948719544557994, 0.1750000000000000444, 6.600460013358639369E-16 ) ) ;
#1521 = CARTESIAN_POINT ( 'NONE',  ( -0.08838834764831801638, 0.2250000000000000611, -0.08838834764831891844 ) ) ;
#1522 = CARTESIAN_POINT ( 'NONE',  ( -0.02782737959991602589, 0.03523602385227884298, -0.09614690498246881989 ) ) ;
#1523 = CARTESIAN_POINT ( 'NONE',  ( -0.08838834764831891844, 0.3312500000000000444, 0.08838834764831796087 ) ) ;
#1524 = ORIENTED_EDGE ( 'NONE', *, *, #43, .T. ) ;
#1525 = CARTESIAN_POINT ( 'NONE',  ( -0.09185948719544534402, 0.5031250000000000444, -0.03804944542899188487 ) ) ;
#1526 = CARTESIAN_POINT ( 'NONE',  ( -0.05177669529663627562, 0.4218750000000000555, -0.1250000000000002776 ) ) ;
#1527 = CARTESIAN_POINT ( 'NONE',  ( -0.05177669529663757320, 0.03437500000000002359, 0.1249999999999997780 ) ) ;
#1528 =( BOUNDED_CURVE ( )  B_SPLINE_CURVE ( 2, ( #19, #829, #814, #999, #1633, #630, #1676, #245, #615, #2478, #1055, #2451, #1818, #2026, #45, #1442, #657, #424, #2071, #643, #2639, #1209, #32, #797, #2493, #1427, #1613, #2041, #203, #842, #1661, #1532, #959, #149, #257, #687, #285, #1982, #454, #1084, #1099, #1501, #1266, #1300, #1722, #2128, #1923, #917, #2141, #2557, #1936, #1472, #1690, #1735, #716, #75, #1361, #91, #342, #1705, #1486, #1779, #107, #2601, #2098, #298, #1112, #703, #1890, #470, #903, #1069, #548 ),
 .UNSPECIFIED., .F., .T. ) 
 B_SPLINE_CURVE_WITH_KNOTS ( ( 3, 2, 2, 2, 2, 2, 2, 2, 2, 2, 2, 2, 2, 2, 2, 2, 2, 2, 2, 2, 2, 2, 2, 2, 2, 2, 2, 2, 2, 2, 2, 2, 2, 2, 2, 2, 3 ),
 ( 0.2393924202039713345, 0.2403846153846153910, 0.2500000000000000000, 0.2596153846153846367, 0.2692307692307692180, 0.2788461538461538547, 0.2884615384615384359, 0.2980769230769230727, 0.3076923076923077094, 0.3173076923076922906, 0.3269230769230769273, 0.3365384615384615641, 0.3461538461538461453, 0.3557692307692307820, 0.3653846153846153633, 0.3750000000000000000, 0.3846153846153846367, 0.3942307692307692180, 0.4038461538461538547, 0.4134615384615384359, 0.4230769230769230727, 0.4326923076923077094, 0.4423076923076922906, 0.4519230769230769273, 0.4615384615384615641, 0.4711538461538461453, 0.4807692307692307820, 0.4903846153846153633, 0.5000000000000000000, 0.5096153846153845812, 0.5192307692307692735, 0.5288461538461538547, 0.5384615384615384359, 0.5480769230769231282, 0.5576923076923077094, 0.5673076923076922906, 0.5762060435010573078 ),
 .UNSPECIFIED. ) 
 CURVE ( )  GEOMETRIC_REPRESENTATION_ITEM ( )  RATIONAL_B_SPLINE_CURVE ( ( 0.9859115517484131619, 0.9921452584569698807, 1.000000000000000000, 0.9238795325112867385, 1.000000000000000000, 0.9238795325112867385, 1.000000000000000000, 0.9238795325112867385, 1.000000000000000000, 0.9238795325112867385, 1.000000000000000000, 0.9238795325112867385, 1.000000000000000000, 0.9238795325112867385, 1.000000000000000000, 0.9238795325112867385, 1.000000000000000000, 0.9238795325112867385, 1.000000000000000000, 0.9238795325112867385, 1.000000000000000000, 0.9238795325112867385, 1.000000000000000000, 0.9238795325112867385, 1.000000000000000000, 0.9238795325112867385, 1.000000000000000000, 0.9238795325112867385, 1.000000000000000000, 0.9238795325112867385, 1.000000000000000000, 0.9238795325112867385, 1.000000000000000000, 0.9238795325112867385, 1.000000000000000000, 0.9238795325112867385, 1.000000000000000000, 0.9238795325112867385, 1.000000000000000000, 0.9238795325112867385, 1.000000000000000000, 0.9238795325112867385, 1.000000000000000000, 0.9238795325112867385, 1.000000000000000000, 0.9238795325112867385, 1.000000000000000000, 0.9238795325112867385, 1.000000000000000000, 0.9238795325112867385, 1.000000000000000000, 0.9238795325112867385, 1.000000000000000000, 0.9238795325112867385, 1.000000000000000000, 0.9238795325112867385, 1.000000000000000000, 0.9238795325112867385, 1.000000000000000000, 0.9238795325112867385, 1.000000000000000000, 0.9238795325112867385, 1.000000000000000000, 0.9238795325112867385, 1.000000000000000000, 0.9238795325112867385, 1.000000000000000000, 0.9238795325112867385, 1.000000000000000000, 0.9238795325112867385, 1.000000000000000000, 0.9295559481173595318, 0.9894937661668745665 ) ) 
 REPRESENTATION_ITEM ( '' )  );
#1529 = CARTESIAN_POINT ( 'NONE',  ( 0.09185948719544581587, 0.1843750000000000389, -0.03804944542899061505 ) ) ;
#1530 = CARTESIAN_POINT ( 'NONE',  ( 0.1250000000000000000, 0.1500000000000000500, 6.661338147750940229E-16 ) ) ;
#1531 = ORIENTED_EDGE ( 'NONE', *, *, #1174, .F. ) ;
#1532 = CARTESIAN_POINT ( 'NONE',  ( 0.03804944542899192650, 0.1343750000000000222, -0.09185948719544533014 ) ) ;
#1533 = CARTESIAN_POINT ( 'NONE',  ( -0.09185948719544562158, 0.3000000000000000444, -6.487964586393420021E-16 ) ) ;
#1534 = CARTESIAN_POINT ( 'NONE',  ( -0.03456302152541917971, 0.2620621602091757762, 0.08532000566514277851 ) ) ;
#1535 = CARTESIAN_POINT ( 'NONE',  ( -0.05958666171951113033, 0.04314051280455452608, -0.06991133765659747479 ) ) ;
#1536 = CARTESIAN_POINT ( 'NONE',  ( -0.1249999999999997780, 0.2218750000000000444, -0.05177669529663754544 ) ) ;
#1537 = CARTESIAN_POINT ( 'NONE',  ( 0.09185948719544581587, 0.1781250000000000333, -0.03804944542899061505 ) ) ;
#1538 = CARTESIAN_POINT ( 'NONE',  ( 0.05177669529663619236, 0.4468750000000000777, 0.1250000000000003331 ) ) ;
#1539 = CARTESIAN_POINT ( 'NONE',  ( -0.06495446631221890588, 0.1125000000000000305, 0.06495446631221796219 ) ) ;
#1540 = CARTESIAN_POINT ( 'NONE',  ( 6.184628074832439858E-16, 0.1437500000000000444, -0.09185948719544560770 ) ) ;
#1541 = CARTESIAN_POINT ( 'NONE',  ( -6.791301097954400183E-16, 0.1687500000000000389, 0.09185948719544560770 ) ) ;
#1542 = ORIENTED_EDGE ( 'NONE', *, *, #2024, .T. ) ;
#1543 = AXIS2_PLACEMENT_3D ( 'NONE', #1423, #2022, #1845 ) ;
#1544 = DIRECTION ( 'NONE',  ( 0.000000000000000000, 0.000000000000000000, -1.000000000000000000 ) ) ;
#1545 = ADVANCED_FACE ( 'NONE', ( #332 ), #905, .F. ) ;
#1546 = CARTESIAN_POINT ( 'NONE',  ( 0.08838834764831794699, 0.1937500000000000611, 0.08838834764831891844 ) ) ;
#1547 = CARTESIAN_POINT ( 'NONE',  ( 6.184628074832439858E-16, 0.08750000000000002220, -0.09185948719544560770 ) ) ;
#1548 = CARTESIAN_POINT ( 'NONE',  ( -6.831886520882599770E-16, 0.3937500000000000444, 0.1250000000000000278 ) ) ;
#1549 = CARTESIAN_POINT ( 'NONE',  ( -6.791301097954400183E-16, 0.1187500000000000361, 0.09185948719544560770 ) ) ;
#1550 = AXIS2_PLACEMENT_3D ( 'NONE', #2332, #491, #109 ) ;
#1551 = CARTESIAN_POINT ( 'NONE',  ( 0.06495446631221886424, 0.4875000000000000444, -0.06495446631221794831 ) ) ;
#1552 = CARTESIAN_POINT ( 'NONE',  ( 0.06495446631221886424, 0.1375000000000000389, -0.06495446631221794831 ) ) ;
#1553 = DIRECTION ( 'NONE',  ( 4.073082549640102053E-18, -1.000000000000000000, -0.000000000000000000 ) ) ;
#1554 = CARTESIAN_POINT ( 'NONE',  ( 0.2916666666666666852, 7.477514193534373380E-18, 3.571886497513112186E-17 ) ) ;
#1555 = CARTESIAN_POINT ( 'NONE',  ( -0.005268428489232412741, 0.2620621602091942060, 0.09170828233624310488 ) ) ;
#1556 = CARTESIAN_POINT ( 'NONE',  ( 0.05177669529663619236, 0.2406250000000000056, 0.1250000000000003053 ) ) ;
#1557 = CARTESIAN_POINT ( 'NONE',  ( 0.06495446631221886424, 0.1812500000000000500, -0.06495446631221794831 ) ) ;
#1558 = CARTESIAN_POINT ( 'NONE',  ( -0.08838834764831893231, 0.3375000000000000222, 0.08838834764831798863 ) ) ;
#1559 = CARTESIAN_POINT ( 'NONE',  ( -0.08838834764831801638, 0.06875000000000001943, -0.08838834764831891844 ) ) ;
#1560 = CARTESIAN_POINT ( 'NONE',  ( -0.03804944542899062199, 0.4968750000000001221, -0.09185948719544587138 ) ) ;
#1561 = CARTESIAN_POINT ( 'NONE',  ( 0.06495446631221793443, 0.2750000000000000777, 0.06495446631221887812 ) ) ;
#1562 = CARTESIAN_POINT ( 'NONE',  ( 0.09185948719544581587, 0.4281250000000000888, -0.03804944542899061505 ) ) ;
#1563 = CARTESIAN_POINT ( 'NONE',  ( -0.08838834764831801638, 0.2187500000000000278, -0.08838834764831891844 ) ) ;
#1564 = CARTESIAN_POINT ( 'NONE',  ( 6.184628074832439858E-16, -0.1124999999999999889, -0.09185948719544560770 ) ) ;
#1565 = CARTESIAN_POINT ( 'NONE',  ( 0.1250000000000002220, 0.2531249999999999889, -0.05177669529663627562 ) ) ;
#1566 = CARTESIAN_POINT ( 'NONE',  ( 0.03804944542899054566, 0.1156250000000000194, 0.09185948719544588525 ) ) ;
#1567 = CARTESIAN_POINT ( 'NONE',  ( 0.08838834764831796087, 0.2500000000000000555, 0.08838834764831893231 ) ) ;
#1568 = DIRECTION ( 'NONE',  ( -1.224646799147352468E-16, 1.000000000000000000, -0.000000000000000000 ) ) ;
#1569 = CC_DESIGN_PERSON_AND_ORGANIZATION_ASSIGNMENT ( #1680, #675, ( #941 ) ) ;
#1570 = CARTESIAN_POINT ( 'NONE',  ( -0.03804944542899062199, 0.3468750000000000444, -0.09185948719544587138 ) ) ;
#1571 = ORIENTED_EDGE ( 'NONE', *, *, #2110, .T. ) ;
#1572 = CARTESIAN_POINT ( 'NONE',  ( -0.09185948719544534402, 0.2031250000000000278, -0.03804944542899188487 ) ) ;
#1573 = CARTESIAN_POINT ( 'NONE',  ( -0.09185948719544562158, 0.4500000000000001221, -6.487964586393420021E-16 ) ) ;
#1574 = CARTESIAN_POINT ( 'NONE',  ( 0.1250000000000000000, -0.05000000000000000971, 0.000000000000000000 ) ) ;
#1575 = EDGE_CURVE ( 'NONE', #1631, #1217, #1169, .T. ) ;
#1576 = DIRECTION ( 'NONE',  ( -1.000000000000000000, -1.224646799147352468E-16, 0.000000000000000000 ) ) ;
#1577 = CARTESIAN_POINT ( 'NONE',  ( -0.08642934292560497389, 0.2579631162591918270, -0.05671901455635554312 ) ) ;
#1578 = CARTESIAN_POINT ( 'NONE',  ( -0.1250000000000003053, 0.1843749999999999556, 0.05177669529663624787 ) ) ;
#1579 = CARTESIAN_POINT ( 'NONE',  ( -0.1250000000000000278, 0.5250000000000000222, -6.508257297857520307E-16 ) ) ;
#1580 = CARTESIAN_POINT ( 'NONE',  ( -0.06495446631221798994, 0.09375000000000002776, -0.06495446631221887812 ) ) ;
#1581 = VECTOR ( 'NONE', #1519, 39.37007874015748143 ) ;
#1582 = DIRECTION ( 'NONE',  ( -0.7071067811865474617, -0.7071067811865475727, 8.659560562354931626E-17 ) ) ;
#1583 = CARTESIAN_POINT ( 'NONE',  ( 6.184628074832439858E-16, 0.1437500000000000444, -0.09185948719544560770 ) ) ;
#1584 = AXIS2_PLACEMENT_3D ( 'NONE', #2064, #225, #1576 ) ;
#1585 = CARTESIAN_POINT ( 'NONE',  ( 6.184628074832439858E-16, 0.4937500000000000222, -0.09185948719544560770 ) ) ;
#1586 = CARTESIAN_POINT ( 'NONE',  ( 0.09185948719544557994, 0.1312500000000000333, 6.600460013358639369E-16 ) ) ;
#1587 = CARTESIAN_POINT ( 'NONE',  ( 0.1249999999999996947, 0.003125000000000034868, 0.05177669529663759401 ) ) ;
#1588 = CARTESIAN_POINT ( 'NONE',  ( -0.1250000000000000278, 0.02500000000000002220, -6.508257297857520307E-16 ) ) ;
#1589 = AXIS2_PLACEMENT_3D ( 'NONE', #235, #1046, #1866 ) ;
#1590 = ADVANCED_FACE ( 'NONE', ( #2346 ), #705, .T. ) ;
#1591 = CARTESIAN_POINT ( 'NONE',  ( 6.184628074832439858E-16, 0.4875000000000000444, -0.09185948719544560770 ) ) ;
#1592 = DIRECTION ( 'NONE',  ( -1.000000000000000000, -1.170791997284684483E-16, 0.000000000000000000 ) ) ;
#1593 = CARTESIAN_POINT ( 'NONE',  ( -0.1250000000000000278, 0.3750000000000001110, -6.508257297857520307E-16 ) ) ;
#1594 = CARTESIAN_POINT ( 'NONE',  ( -0.09185948719544534402, 0.3968749999999999778, -0.03804944542899188487 ) ) ;
#1595 = CARTESIAN_POINT ( 'NONE',  ( 0.02967703527971720517, 0.01039636983224232446, -0.1213924308336529756 ) ) ;
#1596 = CARTESIAN_POINT ( 'NONE',  ( 0.000000000000000000, -0.3140624999999942490, 0.000000000000000000 ) ) ;
#1597 = CARTESIAN_POINT ( 'NONE',  ( 6.184628074832439858E-16, 0.3437500000000000555, -0.09185948719544560770 ) ) ;
#1598 = CARTESIAN_POINT ( 'NONE',  ( -0.09185948719544562158, 0.4062500000000000555, -6.487964586393420021E-16 ) ) ;
#1599 = CARTESIAN_POINT ( 'NONE',  ( -0.1250000000000003053, -0.01562499999999997224, 0.05177669529663625481 ) ) ;
#1600 = DIRECTION ( 'NONE',  ( 4.073082549640102053E-18, -1.000000000000000000, -0.000000000000000000 ) ) ;
#1601 = CARTESIAN_POINT ( 'NONE',  ( 0.09979293820618431732, 0.03520706179381632300, 0.007006033331503332649 ) ) ;
#1602 = EDGE_CURVE ( 'NONE', #652, #2065, #1706, .T. ) ;
#1603 = CARTESIAN_POINT ( 'NONE',  ( 0.03804944542899192650, -0.01562499999999998612, -0.09185948719544533014 ) ) ;
#1604 = CARTESIAN_POINT ( 'NONE',  ( -0.1249999999999997780, 0.3718750000000001221, -0.05177669529663754544 ) ) ;
#1605 = CARTESIAN_POINT ( 'NONE',  ( 0.03804944542899192650, 0.3843750000000000222, -0.09185948719544533014 ) ) ;
#1606 = CARTESIAN_POINT ( 'NONE',  ( -0.2916666666666664631, 0.3454962792832756424, 0.000000000000000000 ) ) ;
#1607 = CARTESIAN_POINT ( 'NONE',  ( 0.06495446631221793443, 0.2250000000000000611, 0.06495446631221887812 ) ) ;
#1608 = DIRECTION ( 'NONE',  ( -4.939539904345632987E-16, 1.000000000000000000, 0.000000000000000000 ) ) ;
#1609 = CARTESIAN_POINT ( 'NONE',  ( -0.06495446631221890588, 0.3125000000000000000, 0.06495446631221796219 ) ) ;
#1610 = CARTESIAN_POINT ( 'NONE',  ( 0.05177669529663758707, 0.06562500000000005829, -0.1249999999999997363 ) ) ;
#1611 = DIRECTION ( 'NONE',  ( -1.000000000000000000, 0.000000000000000000, 0.000000000000000000 ) ) ;
#1612 = CARTESIAN_POINT ( 'NONE',  ( -0.09871585246703694361, 0.2595666473350587422, -0.007314959386084041691 ) ) ;
#1613 = CARTESIAN_POINT ( 'NONE',  ( 0.06495446631221793443, 0.1187500000000000361, 0.06495446631221887812 ) ) ;
#1614 =( BOUNDED_CURVE ( )  B_SPLINE_CURVE ( 2, ( #1064, #243, #42, #464, #655, #1686, #1901, #70, #883 ),
 .UNSPECIFIED., .F., .T. ) 
 B_SPLINE_CURVE_WITH_KNOTS ( ( 3, 2, 2, 2, 3 ),
 ( 0.2884615384615384359, 0.2980769230769230727, 0.3076923076923077094, 0.3173076923076922906, 0.3269230769230769273 ),
 .UNSPECIFIED. ) 
 CURVE ( )  GEOMETRIC_REPRESENTATION_ITEM ( )  RATIONAL_B_SPLINE_CURVE ( ( 1.000000000000000000, 0.9238795325112867385, 1.000000000000000000, 0.9238795325112867385, 1.000000000000000000, 0.9238795325112867385, 1.000000000000000000, 0.9238795325112867385, 1.000000000000000000 ) ) 
 REPRESENTATION_ITEM ( '' )  );
#1615 = CARTESIAN_POINT ( 'NONE',  ( -0.06495446631221890588, 0.006250000000000018562, 0.06495446631221796219 ) ) ;
#1616 = CARTESIAN_POINT ( 'NONE',  ( -0.05177669529663627562, 0.4156250000000001332, -0.1250000000000002776 ) ) ;
#1617 = CARTESIAN_POINT ( 'NONE',  ( -0.06495446631221798994, 0.4437500000000000333, -0.06495446631221887812 ) ) ;
#1618 = ADVANCED_FACE ( 'NONE', ( #1769 ), #1970, .T. ) ;
#1619 = CARTESIAN_POINT ( 'NONE',  ( 1.061658279762632713E-18, 1.365923996832131609E-16, 0.000000000000000000 ) ) ;
#1620 = CARTESIAN_POINT ( 'NONE',  ( -0.06857288984200690662, 0.2620621602091757762, 0.06112220681983122905 ) ) ;
#1621 = CARTESIAN_POINT ( 'NONE',  ( 0.05177669529663758707, 0.1093750000000000416, -0.1249999999999997363 ) ) ;
#1622 = LOCAL_TIME ( 8, 39, 29.00000000000000000, #1072 ) ;
#1623 = CARTESIAN_POINT ( 'NONE',  ( 0.08838834764831889068, -0.04374999999999998335, -0.08838834764831794699 ) ) ;
#1624 = ORIENTED_EDGE ( 'NONE', *, *, #80, .T. ) ;
#1625 = CARTESIAN_POINT ( 'NONE',  ( -6.791301097954400183E-16, 0.3687500000000000777, 0.09185948719544560770 ) ) ;
#1626 = CARTESIAN_POINT ( 'NONE',  ( -0.1250000000000003053, 0.03437500000000004441, 0.05177669529663625481 ) ) ;
#1627 = CARTESIAN_POINT ( 'NONE',  ( -6.831886520882599770E-16, 0.1437500000000000444, 0.1250000000000000278 ) ) ;
#1628 = AXIS2_PLACEMENT_3D ( 'NONE', #2597, #13, #1418 ) ;
#1629 = AXIS2_PLACEMENT_3D ( 'NONE', #275, #1852, #1088 ) ;
#1630 = MANIFOLD_SOLID_BREP ( 'Revolve1', #810 ) ;
#1631 = VERTEX_POINT ( 'NONE', #1530 ) ;
#1632 = CARTESIAN_POINT ( 'NONE',  ( -6.791301097954400183E-16, 0.5125000000000000666, 0.09185948719544560770 ) ) ;
#1633 = CARTESIAN_POINT ( 'NONE',  ( -0.09185948719544562158, 0.05000000000000000971, -6.487964586393420021E-16 ) ) ;
#1634 = CARTESIAN_POINT ( 'NONE',  ( -0.03804944542899191262, -0.04062499999999998751, 0.09185948719544533014 ) ) ;
#1635 = CARTESIAN_POINT ( 'NONE',  ( 0.08838834764831889068, 0.5062500000000000888, -0.08838834764831794699 ) ) ;
#1636 = CARTESIAN_POINT ( 'NONE',  ( -0.03804944542899191262, 0.3593750000000001110, 0.09185948719544533014 ) ) ;
#1637 = DIRECTION ( 'NONE',  ( -1.000000000000000000, -1.224646799147352468E-16, 0.000000000000000000 ) ) ;
#1638 = PERSON_AND_ORGANIZATION ( #152, #731 ) ;
#1639 = ADVANCED_FACE ( 'NONE', ( #2253 ), #985, .F. ) ;
#1640 = DIRECTION ( 'NONE',  ( -4.939539904345632987E-16, 1.000000000000000000, -0.000000000000000000 ) ) ;
#1641 = CARTESIAN_POINT ( 'NONE',  ( 0.1250000000000000000, 0.2000000000000000389, 6.661338147750940229E-16 ) ) ;
#1642 = EDGE_LOOP ( 'NONE', ( #1842, #1727, #2367, #2237, #297, #791, #1067, #2079, #2473, #2598, #2449, #2153, #1260, #936, #2019, #2006 ) ) ;
#1643 = CARTESIAN_POINT ( 'NONE',  ( -0.06495446631221798994, 0.3500000000000000333, -0.06495446631221887812 ) ) ;
#1644 = CARTESIAN_POINT ( 'NONE',  ( -0.1250000000000003053, -0.06562499999999997502, 0.05177669529663625481 ) ) ;
#1645 = LINE ( 'NONE', #1293, #2400 ) ;
#1646 = ORIENTED_EDGE ( 'NONE', *, *, #465, .T. ) ;
#1647 = CARTESIAN_POINT ( 'NONE',  ( -0.1030923148878030021, 0.02177261235477168100, 0.04734997621880882024 ) ) ;
#1648 = CARTESIAN_POINT ( 'NONE',  ( 6.184628074832439858E-16, -0.01249999999999998682, -0.09185948719544560770 ) ) ;
#1649 = CARTESIAN_POINT ( 'NONE',  ( 0.06495446631221793443, 0.07500000000000002498, 0.06495446631221887812 ) ) ;
#1650 = CARTESIAN_POINT ( 'NONE',  ( 0.09185948719544557994, 0.3250000000000000666, 6.600460013358639369E-16 ) ) ;
#1651 = DIRECTION ( 'NONE',  ( -4.939539904345632987E-16, 1.000000000000000000, -0.000000000000000000 ) ) ;
#1652 = DIRECTION ( 'NONE',  ( -1.000000000000000000, -1.224646799147352468E-16, 0.000000000000000000 ) ) ;
#1653 = CARTESIAN_POINT ( 'NONE',  ( -0.1249999999999997780, 0.1218750000000000111, -0.05177669529663754544 ) ) ;
#1654 = ORIENTED_EDGE ( 'NONE', *, *, #1345, .F. ) ;
#1655 = CARTESIAN_POINT ( 'NONE',  ( 0.09185948719544581587, 0.2843750000000000444, -0.03804944542899061505 ) ) ;
#1656 = CARTESIAN_POINT ( 'NONE',  ( -0.05177669529663757320, 0.2406250000000000333, 0.1249999999999997780 ) ) ;
#1657 = CARTESIAN_POINT ( 'NONE',  ( 0.08598320287830632513, 0.03801991334553674745, -0.04524919416119060206 ) ) ;
#1658 = APPLICATION_CONTEXT ( 'configuration controlled 3d designs of mechanical parts and assemblies' ) ;
#1659 = EDGE_CURVE ( 'NONE', #1905, #127, #961, .T. ) ;
#1660 = EDGE_LOOP ( 'NONE', ( #1132, #44, #1870, #1531 ) ) ;
#1661 = CARTESIAN_POINT ( 'NONE',  ( 0.06495446631221886424, 0.1312500000000000333, -0.06495446631221794831 ) ) ;
#1662 = CARTESIAN_POINT ( 'NONE',  ( -0.03804944542899191262, -0.09062499999999999722, 0.09185948719544533014 ) ) ;
#1663 = CARTESIAN_POINT ( 'NONE',  ( 0.09185948719544581587, 0.03437500000000002359, -0.03804944542899061505 ) ) ;
#1664 = CARTESIAN_POINT ( 'NONE',  ( -0.2083333333333331761, 0.3454962792832756424, 0.000000000000000000 ) ) ;
#1665 = APPROVAL_ROLE ( '' ) ;
#1666 = LINE ( 'NONE', #650, #220 ) ;
#1667 = CARTESIAN_POINT ( 'NONE',  ( 0.05177669529663758013, 0.1093750000000000416, -0.1249999999999996947 ) ) ;
#1668 = EDGE_LOOP ( 'NONE', ( #2119, #1914, #841, #1484 ) ) ;
#1669 = CARTESIAN_POINT ( 'NONE',  ( 0.03804944542899192650, -0.06562499999999998890, -0.09185948719544533014 ) ) ;
#1670 = CARTESIAN_POINT ( 'NONE',  ( 0.05177669529663758707, 0.1656250000000000222, -0.1249999999999997363 ) ) ;
#1671 = DIRECTION ( 'NONE',  ( 4.073082549640102053E-18, -1.000000000000000000, -0.000000000000000000 ) ) ;
#1672 = AXIS2_PLACEMENT_3D ( 'NONE', #2075, #1651, #63 ) ;
#1673 = VECTOR ( 'NONE', #2203, 39.37007874015748143 ) ;
#1674 = ADVANCED_FACE ( 'NONE', ( #2615 ), #598, .T. ) ;
#1675 = ORIENTED_EDGE ( 'NONE', *, *, #913, .T. ) ;
#1676 = CARTESIAN_POINT ( 'NONE',  ( -0.06495446631221890588, 0.05625000000000001527, 0.06495446631221796219 ) ) ;
#1677 = CARTESIAN_POINT ( 'NONE',  ( -0.06495446631221798994, 0.1437500000000000444, -0.06495446631221887812 ) ) ;
#1678 = CARTESIAN_POINT ( 'NONE',  ( -0.03804944542899191262, -0.08437499999999999167, 0.09185948719544533014 ) ) ;
#1679 = DIRECTION ( 'NONE',  ( -1.224646799147352468E-16, 1.000000000000000000, -0.000000000000000000 ) ) ;
#1680 = PERSON_AND_ORGANIZATION ( #152, #731 ) ;
#1681 = CARTESIAN_POINT ( 'NONE',  ( -6.831886520882599770E-16, 0.1875000000000000555, 0.1250000000000000278 ) ) ;
#1682 = CARTESIAN_POINT ( 'NONE',  ( -6.831886520882599770E-16, -0.01249999999999998682, 0.1250000000000000000 ) ) ;
#1683 = ORIENTED_EDGE ( 'NONE', *, *, #2110, .F. ) ;
#1684 = CARTESIAN_POINT ( 'NONE',  ( -0.09185948719544562158, -0.04999999999999998890, -6.487964586393420021E-16 ) ) ;
#1685 = CARTESIAN_POINT ( 'NONE',  ( -0.05177669529663627562, 0.2718750000000000333, -0.1250000000000002776 ) ) ;
#1686 = CARTESIAN_POINT ( 'NONE',  ( -0.05177669529663627562, 0.07187500000000002220, -0.1250000000000002776 ) ) ;
#1687 = CARTESIAN_POINT ( 'NONE',  ( 0.03804944542899192650, 0.04062500000000002220, -0.09185948719544533014 ) ) ;
#1688 = EDGE_LOOP ( 'NONE', ( #1734, #240, #448, #2126 ) ) ;
#1689 = CARTESIAN_POINT ( 'NONE',  ( 0.09185948719544581587, 0.4781250000000000777, -0.03804944542899061505 ) ) ;
#1690 = CARTESIAN_POINT ( 'NONE',  ( -0.09185948719544562158, 0.2000000000000000111, -6.487964586393420021E-16 ) ) ;
#1691 = PRODUCT_RELATED_PRODUCT_CATEGORY ( 'detail', '', ( #389 ) ) ;
#1692 = CARTESIAN_POINT ( 'NONE',  ( 0.09185948719544557994, 0.2750000000000000222, 6.600460013358639369E-16 ) ) ;
#1693 = CARTESIAN_POINT ( 'NONE',  ( 0.06495446631221886424, -0.06249999999999999306, -0.06495446631221794831 ) ) ;
#1694 = FACE_OUTER_BOUND ( 'NONE', #1898, .T. ) ;
#1695 = EDGE_CURVE ( 'NONE', #1097, #321, #116, .T. ) ;
#1696 = DIRECTION ( 'NONE',  ( 4.073082549640102053E-18, -1.000000000000000000, -0.000000000000000000 ) ) ;
#1697 = CARTESIAN_POINT ( 'NONE',  ( -0.1250000000000000278, 0.07500000000000002498, -6.508257297857520307E-16 ) ) ;
#1698 = VERTEX_POINT ( 'NONE', #2465 ) ;
#1699 = CARTESIAN_POINT ( 'NONE',  ( 6.184628074832439858E-16, 0.03750000000000001249, -0.09185948719544560770 ) ) ;
#1700 = CARTESIAN_POINT ( 'NONE',  ( 0.1250000000000002220, 0.2093750000000000611, -0.05177669529663629644 ) ) ;
#1701 = CARTESIAN_POINT ( 'NONE',  ( 0.03804944542899054566, 0.2218750000000000167, 0.09185948719544588525 ) ) ;
#1702 = CARTESIAN_POINT ( 'NONE',  ( -0.09185948719544534402, 0.05312500000000002637, -0.03804944542899188487 ) ) ;
#1703 = EDGE_LOOP ( 'NONE', ( #1105, #1222, #1111, #2523 ) ) ;
#1704 = CARTESIAN_POINT ( 'NONE',  ( 0.06495446631221793443, 0.4687500000000000000, 0.06495446631221887812 ) ) ;
#1705 = CARTESIAN_POINT ( 'NONE',  ( 0.09185948719544530239, 0.2218750000000000444, 0.03804944542899193344 ) ) ;
#1706 = B_SPLINE_CURVE_WITH_KNOTS ( 'NONE', 3,
 ( #2546, #300, #1114, #1940, #719, #1534, #2358, #513, #1124, #746 ),
 .UNSPECIFIED., .F., .F.,
 ( 4, 2, 2, 2, 4 ),
 ( 2.054842015375794547E-17, 0.0004605500022598779403, 0.0009211000045197353893, 0.001381650006779592838, 0.001842200009039450179 ),
 .UNSPECIFIED. ) ;
#1707 = CARTESIAN_POINT ( 'NONE',  ( -0.06495446631221798994, 0.2937500000000000111, -0.06495446631221887812 ) ) ;
#1708 = CARTESIAN_POINT ( 'NONE',  ( 0.09185948719544557994, 0.03125000000000002776, 6.600460013358639369E-16 ) ) ;
#1709 = SPHERICAL_SURFACE ( 'NONE', #2282, 0.9390624999999942490 ) ;
#1710 = CARTESIAN_POINT ( 'NONE',  ( -0.09663601762402890261, 0.2601398792587091835, 0.01143420266765841561 ) ) ;
#1711 = EDGE_CURVE ( 'NONE', #597, #623, #474, .T. ) ;
#1712 = CARTESIAN_POINT ( 'NONE',  ( 0.05177669529663758013, 0.05937500000000003192, -0.1249999999999996947 ) ) ;
#1713 = ORIENTED_EDGE ( 'NONE', *, *, #2214, .F. ) ;
#1714 = CARTESIAN_POINT ( 'NONE',  ( 6.184628074832439858E-16, -0.01249999999999998682, -0.09185948719544560770 ) ) ;
#1715 = CARTESIAN_POINT ( 'NONE',  ( 0.05177669529663619236, 0.1968749999999999944, 0.1250000000000003331 ) ) ;
#1716 = CARTESIAN_POINT ( 'NONE',  ( 0.06495446631221886424, 0.08750000000000002220, -0.06495446631221794831 ) ) ;
#1717 =( BOUNDED_CURVE ( )  B_SPLINE_CURVE ( 2, ( #1950, #2174, #2155, #1351, #129, #1757, #1521, #1747, #2369 ),
 .UNSPECIFIED., .F., .T. ) 
 B_SPLINE_CURVE_WITH_KNOTS ( ( 3, 2, 2, 2, 3 ),
 ( 0.5192307692307692735, 0.5288461538461538547, 0.5384615384615384359, 0.5480769230769231282, 0.5576923076923077094 ),
 .UNSPECIFIED. ) 
 CURVE ( )  GEOMETRIC_REPRESENTATION_ITEM ( )  RATIONAL_B_SPLINE_CURVE ( ( 1.000000000000000000, 0.9238795325112867385, 1.000000000000000000, 0.9238795325112867385, 1.000000000000000000, 0.9238795325112867385, 1.000000000000000000, 0.9238795325112867385, 1.000000000000000000 ) ) 
 REPRESENTATION_ITEM ( '' )  );
#1718 = CARTESIAN_POINT ( 'NONE',  ( 0.09185948719544557994, 0.1312500000000000333, 6.600460013358639369E-16 ) ) ;
#1719 = CARTESIAN_POINT ( 'NONE',  ( -0.09185948719544588525, 0.05937500000000003192, 0.03804944542899058035 ) ) ;
#1720 = ORIENTED_EDGE ( 'NONE', *, *, #1759, .F. ) ;
#1721 = CARTESIAN_POINT ( 'NONE',  ( -0.06495446631221890588, 0.5062500000000000888, 0.06495446631221796219 ) ) ;
#1722 = CARTESIAN_POINT ( 'NONE',  ( 0.09185948719544557994, 0.1750000000000000444, 6.600460013358639369E-16 ) ) ;
#1723 = CARTESIAN_POINT ( 'NONE',  ( 0.03804944542899054566, 0.1156250000000000194, 0.09185948719544588525 ) ) ;
#1724 = CARTESIAN_POINT ( 'NONE',  ( -0.1250000000000000278, 0.1750000000000000444, -6.508257297857520307E-16 ) ) ;
#1725 = PLANE ( 'NONE',  #2404 ) ;
#1726 = CARTESIAN_POINT ( 'NONE',  ( -0.08838834764831800250, 0.3187499999999999778, -0.08838834764831890456 ) ) ;
#1727 = ORIENTED_EDGE ( 'NONE', *, *, #2413, .T. ) ;
#1728 = CARTESIAN_POINT ( 'NONE',  ( -0.03804944542899191262, -0.04062499999999998751, 0.09185948719544533014 ) ) ;
#1729 = CARTESIAN_POINT ( 'NONE',  ( -0.1250000000000003053, 0.3843750000000000222, 0.05177669529663625481 ) ) ;
#1730 = CARTESIAN_POINT ( 'NONE',  ( 0.09185948719544530239, 0.1281250000000000444, 0.03804944542899193344 ) ) ;
#1731 = CARTESIAN_POINT ( 'NONE',  ( 6.184628074832439858E-16, 0.1937500000000000056, -0.09185948719544560770 ) ) ;
#1732 = CARTESIAN_POINT ( 'NONE',  ( 0.09185948719544530239, 0.02812500000000002498, 0.03804944542899193344 ) ) ;
#1733 =( BOUNDED_CURVE ( )  B_SPLINE_CURVE ( 2, ( #1344, #2384, #520, #1527, #2352, #2374, #2564, #1334, #1138 ),
 .UNSPECIFIED., .F., .F. ) 
 B_SPLINE_CURVE_WITH_KNOTS ( ( 3, 2, 2, 2, 3 ),
 ( 0.1730769230769230727, 0.1826923076923076816, 0.1923076923076923184, 0.2019230769230769273, 0.2115384615384615363 ),
 .UNSPECIFIED. ) 
 CURVE ( )  GEOMETRIC_REPRESENTATION_ITEM ( )  RATIONAL_B_SPLINE_CURVE ( ( 1.000000000000000000, 0.9238795325112867385, 1.000000000000000000, 0.9238795325112867385, 1.000000000000000000, 0.9238795325112867385, 1.000000000000000000, 0.9238795325112867385, 1.000000000000000000 ) ) 
 REPRESENTATION_ITEM ( '' )  );
#1734 = ORIENTED_EDGE ( 'NONE', *, *, #318, .T. ) ;
#1735 = CARTESIAN_POINT ( 'NONE',  ( -0.09185948719544589913, 0.2031250000000000000, 0.03804944542899058035 ) ) ;
#1736 = CARTESIAN_POINT ( 'NONE',  ( -0.03804944542899191262, 0.1093750000000000278, 0.09185948719544533014 ) ) ;
#1737 = CARTESIAN_POINT ( 'NONE',  ( 0.08838834764831890456, 0.1562500000000000278, -0.08838834764831796087 ) ) ;
#1738 = CARTESIAN_POINT ( 'NONE',  ( 0.01196270340242483986, 0.02816378796107916679, -0.1064816642101086286 ) ) ;
#1739 = CARTESIAN_POINT ( 'NONE',  ( 0.1250000000000002220, 0.3531250000000000777, -0.05177669529663627562 ) ) ;
#1740 = CARTESIAN_POINT ( 'NONE',  ( 0.06495446631221886424, 0.08125000000000001665, -0.06495446631221794831 ) ) ;
#1741 = CARTESIAN_POINT ( 'NONE',  ( 0.05177669529663619236, 0.3968750000000001443, 0.1250000000000003331 ) ) ;
#1742 = CARTESIAN_POINT ( 'NONE',  ( -0.1250000000000000278, 0.07500000000000002498, -6.508257297857520307E-16 ) ) ;
#1743 = CARTESIAN_POINT ( 'NONE',  ( -0.09185948719544588525, 0.2093750000000000611, 0.03804944542899058035 ) ) ;
#1744 = CARTESIAN_POINT ( 'NONE',  ( 0.09185948719544530239, -0.02187499999999998820, 0.03804944542899193344 ) ) ;
#1745 = VERTEX_POINT ( 'NONE', #231 ) ;
#1746 = ADVANCED_FACE ( 'NONE', ( #2268 ), #3, .F. ) ;
#1747 = CARTESIAN_POINT ( 'NONE',  ( -0.1249999999999997780, 0.2281250000000000500, -0.05177669529663754544 ) ) ;
#1748 = CARTESIAN_POINT ( 'NONE',  ( 0.1250000000000000000, 0.2000000000000000389, 6.661338147750940229E-16 ) ) ;
#1749 = CARTESIAN_POINT ( 'NONE',  ( 0.05177669529663758013, 0.1593750000000000167, -0.1249999999999996947 ) ) ;
#1750 = CARTESIAN_POINT ( 'NONE',  ( 0.09185948719544530239, 0.2218750000000000444, 0.03804944542899193344 ) ) ;
#1751 = CARTESIAN_POINT ( 'NONE',  ( 0.05177669529663619236, 0.2968750000000000000, 0.1250000000000003331 ) ) ;
#1752 = CARTESIAN_POINT ( 'NONE',  ( -0.03804944542899191262, 0.06562500000000003053, 0.09185948719544533014 ) ) ;
#1753 = CARTESIAN_POINT ( 'NONE',  ( -0.09185948719544562158, 0.4562500000000000999, -6.487964586393420021E-16 ) ) ;
#1754 = CARTESIAN_POINT ( 'NONE',  ( -0.06495446631221798994, 0.2500000000000000555, -0.06495446631221887812 ) ) ;
#1755 = FACE_OUTER_BOUND ( 'NONE', #1642, .T. ) ;
#1756 = CC_DESIGN_APPROVAL ( #422, ( #1849 ) ) ;
#1757 = CARTESIAN_POINT ( 'NONE',  ( -0.05177669529663627562, 0.2218750000000000167, -0.1250000000000002776 ) ) ;
#1758 = CC_DESIGN_APPROVAL ( #1887, ( #809 ) ) ;
#1759 = EDGE_CURVE ( 'NONE', #2445, #2065, #1528, .T. ) ;
#1760 = CARTESIAN_POINT ( 'NONE',  ( -5.750099424121514734E-17, 0.6250000000000000000, 0.000000000000000000 ) ) ;
#1761 = CARTESIAN_POINT ( 'NONE',  ( 0.05177669529663758013, 0.3093750000000000111, -0.1249999999999996947 ) ) ;
#1762 = CARTESIAN_POINT ( 'NONE',  ( 0.09185948719544581587, 0.1281250000000000444, -0.03804944542899061505 ) ) ;
#1763 = CARTESIAN_POINT ( 'NONE',  ( -6.831886520882599770E-16, 0.2937500000000000666, 0.1250000000000000278 ) ) ;
#1764 = DIRECTION ( 'NONE',  ( 1.000000000000000000, 4.939539904345632987E-16, 0.000000000000000000 ) ) ;
#1765 = CARTESIAN_POINT ( 'NONE',  ( -0.09185948719544562158, 0.3562500000000000666, -6.487964586393420021E-16 ) ) ;
#1766 = CARTESIAN_POINT ( 'NONE',  ( 0.09185948719544557994, 0.2312500000000000389, 6.600460013358639369E-16 ) ) ;
#1767 = CARTESIAN_POINT ( 'NONE',  ( 0.09185948719544557994, 0.4250000000000000999, 6.600460013358639369E-16 ) ) ;
#1768 = CARTESIAN_POINT ( 'NONE',  ( 0.1250000000000000000, 0.2499999999999999722, 0.000000000000000000 ) ) ;
#1769 = FACE_OUTER_BOUND ( 'NONE', #1688, .T. ) ;
#1770 = DIRECTION ( 'NONE',  ( -1.224646799147352468E-16, 1.000000000000000000, -0.000000000000000000 ) ) ;
#1771 = CARTESIAN_POINT ( 'NONE',  ( -0.08838834764831891844, 0.2312500000000000666, 0.08838834764831796087 ) ) ;
#1772 = CARTESIAN_POINT ( 'NONE',  ( 0.03804944542899192650, 0.1843750000000000389, -0.09185948719544533014 ) ) ;
#1773 = ADVANCED_FACE ( 'NONE', ( #60 ), #2356, .F. ) ;
#1774 = CARTESIAN_POINT ( 'NONE',  ( 0.1250000000000002220, 0.3593750000000001110, -0.05177669529663629644 ) ) ;
#1775 = CARTESIAN_POINT ( 'NONE',  ( 6.184628074832439858E-16, 0.2437500000000000222, -0.09185948719544560770 ) ) ;
#1776 = CYLINDRICAL_SURFACE ( 'NONE', #1628, 0.2916666666666666297 ) ;
#1777 = CARTESIAN_POINT ( 'NONE',  ( 0.06495446631221886424, 0.08750000000000002220, -0.06495446631221794831 ) ) ;
#1778 = CARTESIAN_POINT ( 'NONE',  ( 0.06495446631221793443, 0.4187500000000000111, 0.06495446631221887812 ) ) ;
#1779 = CARTESIAN_POINT ( 'NONE',  ( 0.09185948719544582974, 0.2281250000000000500, -0.03804944542899061505 ) ) ;
#1780 = DIRECTION ( 'NONE',  ( 0.9396926207859070956, -0.3420201433256723766, 0.000000000000000000 ) ) ;
#1781 = CARTESIAN_POINT ( 'NONE',  ( 0.06001042800448109366, 0.2531946106038552857, -0.09979853802230304050 ) ) ;
#1782 = DIRECTION ( 'NONE',  ( -1.224646799147352468E-16, 1.000000000000000000, -0.000000000000000000 ) ) ;
#1783 = CARTESIAN_POINT ( 'NONE',  ( 0.08838834764831889068, 0.4062500000000000555, -0.08838834764831794699 ) ) ;
#1784 = CARTESIAN_POINT ( 'NONE',  ( -0.09185948719544562158, 0.1500000000000000500, -6.487964586393420021E-16 ) ) ;
#1785 = CARTESIAN_POINT ( 'NONE',  ( 1.637257669886060510E-16, 0.08333333333333320381, 0.000000000000000000 ) ) ;
#1786 = CARTESIAN_POINT ( 'NONE',  ( 0.03804944542899192650, 0.1906250000000000444, -0.09185948719544533014 ) ) ;
#1787 = CARTESIAN_POINT ( 'NONE',  ( 0.06495446631221793443, 0.4750000000000000333, 0.06495446631221887812 ) ) ;
#1788 = CARTESIAN_POINT ( 'NONE',  ( 0.06495446631221886424, 0.1875000000000000555, -0.06495446631221794831 ) ) ;
#1789 = CARTESIAN_POINT ( 'NONE',  ( 0.05177669529663619236, -0.05312499999999997780, 0.1250000000000003331 ) ) ;
#1790 = DIRECTION ( 'NONE',  ( -4.939539904345632987E-16, 1.000000000000000000, -0.000000000000000000 ) ) ;
#1791 =( BOUNDED_CURVE ( )  B_SPLINE_CURVE ( 2, ( #2574, #1945, #294, #1129, #1108, #1964, #1559, #114, #1742 ),
 .UNSPECIFIED., .F., .T. ) 
 B_SPLINE_CURVE_WITH_KNOTS ( ( 3, 2, 2, 2, 3 ),
 ( 0.2115384615384615363, 0.2211538461538461453, 0.2307692307692307820, 0.2403846153846153910, 0.2500000000000000000 ),
 .UNSPECIFIED. ) 
 CURVE ( )  GEOMETRIC_REPRESENTATION_ITEM ( )  RATIONAL_B_SPLINE_CURVE ( ( 1.000000000000000000, 0.9238795325112867385, 1.000000000000000000, 0.9238795325112867385, 1.000000000000000000, 0.9238795325112867385, 1.000000000000000000, 0.9238795325112867385, 1.000000000000000000 ) ) 
 REPRESENTATION_ITEM ( '' )  );
#1792 = CARTESIAN_POINT ( 'NONE',  ( -0.09476219309318439921, 0.2586453220898116134, -0.03639758638690047954 ) ) ;
#1793 = CIRCLE ( 'NONE', #57, 0.1349999999999999811 ) ;
#1794 = CARTESIAN_POINT ( 'NONE',  ( 0.02569899045255685105, 0.2577130749492971273, 0.1008606580322552182 ) ) ;
#1795 = CARTESIAN_POINT ( 'NONE',  ( -0.08838834764831891844, 0.3812500000000000888, 0.08838834764831796087 ) ) ;
#1796 = CARTESIAN_POINT ( 'NONE',  ( -0.09185948719544562158, 0.2500000000000000555, -6.487964586393420021E-16 ) ) ;
#1797 = DIRECTION ( 'NONE',  ( 4.073082549640102053E-18, -1.000000000000000000, -0.000000000000000000 ) ) ;
#1798 = CARTESIAN_POINT ( 'NONE',  ( 0.09185948719544530239, 0.1781250000000000333, 0.03804944542899193344 ) ) ;
#1799 = CARTESIAN_POINT ( 'NONE',  ( -0.03804944542899191262, 0.4156250000000001332, 0.09185948719544533014 ) ) ;
#1800 = CARTESIAN_POINT ( 'NONE',  ( -0.06495446631221798994, 0.2000000000000000111, -0.06495446631221887812 ) ) ;
#1801 = CARTESIAN_POINT ( 'NONE',  ( -0.05177669529663627562, -0.02812499999999996947, -0.1250000000000002776 ) ) ;
#1802 = LINE ( 'NONE', #2037, #138 ) ;
#1803 = VECTOR ( 'NONE', #1582, 39.37007874015748143 ) ;
#1804 = CARTESIAN_POINT ( 'NONE',  ( 0.02529997610243741799, 0.2542055438655960176, -0.1108286716896733359 ) ) ;
#1805 =( BOUNDED_CURVE ( )  B_SPLINE_CURVE ( 2, ( #2520, #1053, #267, #682, #1454, #626, #17, #1496, #2093 ),
 .UNSPECIFIED., .F., .T. ) 
 B_SPLINE_CURVE_WITH_KNOTS ( ( 3, 2, 2, 2, 3 ),
 ( 0.3269230769230769273, 0.3365384615384615641, 0.3461538461538461453, 0.3557692307692307820, 0.3653846153846153633 ),
 .UNSPECIFIED. ) 
 CURVE ( )  GEOMETRIC_REPRESENTATION_ITEM ( )  RATIONAL_B_SPLINE_CURVE ( ( 1.000000000000000000, 0.9238795325112867385, 1.000000000000000000, 0.9238795325112867385, 1.000000000000000000, 0.9238795325112867385, 1.000000000000000000, 0.9238795325112867385, 1.000000000000000000 ) ) 
 REPRESENTATION_ITEM ( '' )  );
#1806 = CARTESIAN_POINT ( 'NONE',  ( -0.03804944542899191262, 0.05937500000000003192, 0.09185948719544533014 ) ) ;
#1807 = CARTESIAN_POINT ( 'NONE',  ( -0.09185948719544534402, -0.09687499999999998890, -0.03804944542899188487 ) ) ;
#1808 = CARTESIAN_POINT ( 'NONE',  ( -0.03804944542899062199, 0.3406250000000000111, -0.09185948719544587138 ) ) ;
#1809 = CARTESIAN_POINT ( 'NONE',  ( 0.02027214200681457315, 0.01078824974738651181, -0.1229140796424809529 ) ) ;
#1810 = CARTESIAN_POINT ( 'NONE',  ( -0.09185948719544562158, 0.2062500000000000167, -6.487964586393420021E-16 ) ) ;
#1811 = CARTESIAN_POINT ( 'NONE',  ( -6.831886520882599770E-16, 0.2375000000000000167, 0.1250000000000000278 ) ) ;
#1812 = VERTEX_POINT ( 'NONE', #2544 ) ;
#1813 = CARTESIAN_POINT ( 'NONE',  ( 0.06495446631221886424, 0.3375000000000000222, -0.06495446631221794831 ) ) ;
#1814 = CARTESIAN_POINT ( 'NONE',  ( 0.05177669529663619236, 0.04687500000000004163, 0.1250000000000003331 ) ) ;
#1815 = LINE ( 'NONE', #1574, #983 ) ;
#1816 = EDGE_CURVE ( 'NONE', #52, #1410, #1115, .T. ) ;
#1817 = CARTESIAN_POINT ( 'NONE',  ( -0.09654754814963771581, 0.2588786794129791513, -0.02920603300725194140 ) ) ;
#1818 = CARTESIAN_POINT ( 'NONE',  ( 0.09185948719544557994, 0.07500000000000002498, 6.600460013358639369E-16 ) ) ;
#1819 = CARTESIAN_POINT ( 'NONE',  ( -0.09185948719544588525, 0.05312500000000002637, 0.03804944542899058035 ) ) ;
#1820 = CARTESIAN_POINT ( 'NONE',  ( -0.1250000000000002776, 0.4781250000000000777, 0.05177669529663624093 ) ) ;
#1821 = CARTESIAN_POINT ( 'NONE',  ( 6.184628074832439858E-16, 0.4375000000000000555, -0.09185948719544560770 ) ) ;
#1822 = CYLINDRICAL_SURFACE ( 'NONE', #2540, 0.1250000000000000000 ) ;
#1823 = CARTESIAN_POINT ( 'NONE',  ( -0.06495446631221890588, 0.2125000000000000500, 0.06495446631221796219 ) ) ;
#1824 = DIRECTION ( 'NONE',  ( 4.073082549640102053E-18, -1.000000000000000000, -0.000000000000000000 ) ) ;
#1825 = DIRECTION ( 'NONE',  ( 1.000000000000000000, 0.000000000000000000, 0.000000000000000000 ) ) ;
#1826 = ORIENTED_EDGE ( 'NONE', *, *, #2038, .F. ) ;
#1827 = CARTESIAN_POINT ( 'NONE',  ( -0.06495446631221798994, 0.4000000000000000222, -0.06495446631221887812 ) ) ;
#1828 = CARTESIAN_POINT ( 'NONE',  ( 0.08838834764831890456, -0.03749999999999997780, -0.08838834764831796087 ) ) ;
#1829 = DIRECTION ( 'NONE',  ( -1.224646799147352468E-16, 1.000000000000000000, -0.000000000000000000 ) ) ;
#1830 = ORIENTED_EDGE ( 'NONE', *, *, #803, .F. ) ;
#1831 = CARTESIAN_POINT ( 'NONE',  ( 0.01790256922805256307, 0.2544111510389063247, -0.1116891156710361627 ) ) ;
#1832 = DIRECTION ( 'NONE',  ( 4.073082549640102053E-18, -1.000000000000000000, -0.000000000000000000 ) ) ;
#1833 = EDGE_CURVE ( 'NONE', #1393, #127, #2509, .T. ) ;
#1834 = CARTESIAN_POINT ( 'NONE',  ( -0.09185948719544534402, -0.05312499999999998473, -0.03804944542899188487 ) ) ;
#1835 = CARTESIAN_POINT ( 'NONE',  ( 0.1250000000000002220, 0.5031250000000001554, -0.05177669529663627562 ) ) ;
#1836 = CARTESIAN_POINT ( 'NONE',  ( 0.09185948719544581587, 0.3281250000000000555, -0.03804944542899061505 ) ) ;
#1837 = CARTESIAN_POINT ( 'NONE',  ( -0.1113084290278367472, 0.01793885265219764824, -0.03745106746322358210 ) ) ;
#1838 = CALENDAR_DATE ( 2026, 6, 1 ) ;
#1839 = CARTESIAN_POINT ( 'NONE',  ( -0.1250000000000003053, 0.2281250000000000500, 0.05177669529663624787 ) ) ;
#1840 = AXIS2_PLACEMENT_3D ( 'NONE', #1180, #1385, #782 ) ;
#1841 = DIRECTION ( 'NONE',  ( 4.073082549640102053E-18, -1.000000000000000000, -0.000000000000000000 ) ) ;
#1842 = ORIENTED_EDGE ( 'NONE', *, *, #2537, .F. ) ;
#1843 = CARTESIAN_POINT ( 'NONE',  ( 0.03804944542899054566, 0.3218750000000000222, 0.09185948719544588525 ) ) ;
#1844 = CARTESIAN_POINT ( 'NONE',  ( 0.1250000000000000000, 0.05625000000000002914, 6.661338147750940229E-16 ) ) ;
#1845 = DIRECTION ( 'NONE',  ( -1.000000000000000000, 0.000000000000000000, -1.224646799147353207E-16 ) ) ;
#1846 = AXIS2_PLACEMENT_3D ( 'NONE', #1973, #1125, #1951 ) ;
#1847 = EDGE_LOOP ( 'NONE', ( #468, #1624, #1934, #83, #2283, #979 ) ) ;
#1848 = CARTESIAN_POINT ( 'NONE',  ( 0.09185948719544581587, -0.02187499999999998820, -0.03804944542899061505 ) ) ;
#1849 = PRODUCT_DEFINITION ( 'UNKNOWN', '', #941, #1919 ) ;
#1850 = CARTESIAN_POINT ( 'NONE',  ( -0.03804944542899191262, 0.06562500000000004441, 0.09185948719544533014 ) ) ;
#1851 = CARTESIAN_POINT ( 'NONE',  ( 0.09185948719544530239, 0.4218749999999999445, 0.03804944542899193344 ) ) ;
#1852 = DIRECTION ( 'NONE',  ( 4.073082549640102053E-18, -1.000000000000000000, -0.000000000000000000 ) ) ;
#1853 = CARTESIAN_POINT ( 'NONE',  ( 0.05177669529663619929, 0.2406250000000000056, 0.1250000000000003331 ) ) ;
#1854 = EDGE_CURVE ( 'NONE', #264, #1323, #1404, .T. ) ;
#1855 = CARTESIAN_POINT ( 'NONE',  ( 0.08838834764831794699, 0.09375000000000002776, 0.08838834764831891844 ) ) ;
#1856 = ORIENTED_EDGE ( 'NONE', *, *, #562, .F. ) ;
#1857 = CARTESIAN_POINT ( 'NONE',  ( -0.03804944542899062199, 0.4468750000000000777, -0.09185948719544587138 ) ) ;
#1858 = CARTESIAN_POINT ( 'NONE',  ( 6.184628074832439858E-16, 0.2187500000000000278, -0.1250000000000000278 ) ) ;
#1859 = CARTESIAN_POINT ( 'NONE',  ( -0.1250000000000000278, 0.1312500000000000611, -6.508257297857520307E-16 ) ) ;
#1860 = EDGE_LOOP ( 'NONE', ( #708, #1251, #608, #1123 ) ) ;
#1861 = CARTESIAN_POINT ( 'NONE',  ( -0.06012345088855768072, 0.02462052203861131786, 0.09283582684247387862 ) ) ;
#1862 = B_SPLINE_CURVE_WITH_KNOTS ( 'NONE', 3,
 ( #2547, #692, #1710, #2530, #1508, #760, #527, #1363, #1340, #1376 ),
 .UNSPECIFIED., .F., .F.,
 ( 4, 2, 2, 2, 4 ),
 ( 0.008882569349775671849, 0.009320545048013422623, 0.009758520746251175132, 0.01019649644448892764, 0.01063447214272667841 ),
 .UNSPECIFIED. ) ;
#1863 = CARTESIAN_POINT ( 'NONE',  ( 0.03804944542899192650, -0.06562499999999998890, -0.09185948719544533014 ) ) ;
#1864 = CARTESIAN_POINT ( 'NONE',  ( -0.03804944542899062199, -0.05312499999999998473, -0.09185948719544587138 ) ) ;
#1865 = CARTESIAN_POINT ( 'NONE',  ( -0.09185948719544588525, 0.4531250000000002220, 0.03804944542899058035 ) ) ;
#1866 = DIRECTION ( 'NONE',  ( 1.000000000000000000, 0.000000000000000000, 0.000000000000000000 ) ) ;
#1867 = DATE_TIME_ROLE ( 'classification_date' ) ;
#1868 = CARTESIAN_POINT ( 'NONE',  ( 0.08838834764831890456, 0.1062500000000000250, -0.08838834764831796087 ) ) ;
#1869 = CARTESIAN_POINT ( 'NONE',  ( 0.05177669529663758013, -0.04062499999999998751, -0.1249999999999996947 ) ) ;
#1870 = ORIENTED_EDGE ( 'NONE', *, *, #1374, .T. ) ;
#1871 = CARTESIAN_POINT ( 'NONE',  ( -0.03804944542899191262, 0.3156250000000000444, 0.09185948719544533014 ) ) ;
#1872 = CARTESIAN_POINT ( 'NONE',  ( 0.1250000000000002220, 0.2593749999999999667, -0.05177669529663629644 ) ) ;
#1873 = DIRECTION ( 'NONE',  ( 1.000000000000000000, 0.000000000000000000, 0.000000000000000000 ) ) ;
#1874 = ORIENTED_EDGE ( 'NONE', *, *, #80, .F. ) ;
#1875 = CARTESIAN_POINT ( 'NONE',  ( 0.02164789341877700751, 0.02857959349737554389, 0.1044325031384981395 ) ) ;
#1876 = CARTESIAN_POINT ( 'NONE',  ( -0.03804944542899191262, 0.2593750000000000222, 0.09185948719544533014 ) ) ;
#1877 = CARTESIAN_POINT ( 'NONE',  ( 0.09185948719544557994, 0.08125000000000001665, 6.600460013358639369E-16 ) ) ;
#1878 = DIRECTION ( 'NONE',  ( -1.224646799147352468E-16, 1.000000000000000000, -0.000000000000000000 ) ) ;
#1879 = CALENDAR_DATE ( 2026, 6, 1 ) ;
#1880 = CARTESIAN_POINT ( 'NONE',  ( 0.2916666666666666852, -5.102694996447246225E-18, 0.000000000000000000 ) ) ;
#1881 = CARTESIAN_POINT ( 'NONE',  ( -0.05177669529663755932, 0.1343750000000000222, 0.1249999999999997502 ) ) ;
#1882 = ORIENTED_EDGE ( 'NONE', *, *, #1424, .F. ) ;
#1883 = CARTESIAN_POINT ( 'NONE',  ( -6.791301097954400183E-16, 0.01250000000000001978, 0.09185948719544560770 ) ) ;
#1884 = CARTESIAN_POINT ( 'NONE',  ( -0.1249999999999997780, 0.2281250000000000777, -0.05177669529663754544 ) ) ;
#1885 = FACE_OUTER_BOUND ( 'NONE', #201, .T. ) ;
#1886 = CARTESIAN_POINT ( 'NONE',  ( 0.09185948719544581587, -0.01562499999999998612, -0.03804944542899061505 ) ) ;
#1887 = APPROVAL ( #1047, 'UNSPECIFIED' ) ;
#1888 = ORIENTED_EDGE ( 'NONE', *, *, #997, .F. ) ;
#1889 = CARTESIAN_POINT ( 'NONE',  ( -0.09185948719544588525, 0.3531250000000000777, 0.03804944542899058035 ) ) ;
#1890 = CARTESIAN_POINT ( 'NONE',  ( -0.09185948719544562158, 0.2500000000000000555, -6.487964586393420021E-16 ) ) ;
#1891 = AXIS2_PLACEMENT_3D ( 'NONE', #2101, #1878, #2455 ) ;
#1892 = CARTESIAN_POINT ( 'NONE',  ( 0.06495446631221793443, 0.1187500000000000361, 0.06495446631221887812 ) ) ;
#1893 = CARTESIAN_POINT ( 'NONE',  ( -0.06495446631221890588, -0.08749999999999999445, 0.06495446631221796219 ) ) ;
#1894 = CARTESIAN_POINT ( 'NONE',  ( 0.08838834764831796087, 0.1437500000000000444, 0.08838834764831893231 ) ) ;
#1895 = CALENDAR_DATE ( 2026, 6, 1 ) ;
#1896 = CARTESIAN_POINT ( 'NONE',  ( -0.1250000000000003053, 0.1781250000000000333, 0.05177669529663624787 ) ) ;
#1897 = CARTESIAN_POINT ( 'NONE',  ( -0.1249999999999997780, 0.07187500000000003608, -0.05177669529663754544 ) ) ;
#1898 = EDGE_LOOP ( 'NONE', ( #1826, #1382, #663, #1888 ) ) ;
#1899 = CARTESIAN_POINT ( 'NONE',  ( 0.03804944542899192650, 0.03437500000000002359, -0.09185948719544533014 ) ) ;
#1900 = CARTESIAN_POINT ( 'NONE',  ( 0.1250000000000000000, 0.1062500000000000389, 6.661338147750940229E-16 ) ) ;
#1901 = CARTESIAN_POINT ( 'NONE',  ( -0.08838834764831801638, 0.07500000000000003886, -0.08838834764831891844 ) ) ;
#1902 =( BOUNDED_CURVE ( )  B_SPLINE_CURVE ( 2, ( #363, #555, #2430, #2632, #1367, #992, #789, #2003, #2192 ),
 .UNSPECIFIED., .F., .T. ) 
 B_SPLINE_CURVE_WITH_KNOTS ( ( 3, 2, 2, 2, 3 ),
 ( 0.2172724544573708949, 0.2211538461538461453, 0.2307692307692307820, 0.2403846153846153910, 0.2500000000000000000 ),
 .UNSPECIFIED. ) 
 CURVE ( )  GEOMETRIC_REPRESENTATION_ITEM ( )  RATIONAL_B_SPLINE_CURVE ( ( 0.9633526356655861544, 0.9692728515539793532, 1.000000000000000000, 0.9238795325112867385, 1.000000000000000000, 0.9238795325112867385, 1.000000000000000000, 0.9238795325112867385, 1.000000000000000000 ) ) 
 REPRESENTATION_ITEM ( '' )  );
#1903 = CARTESIAN_POINT ( 'NONE',  ( -6.791301097954400183E-16, 0.2687500000000000444, 0.09185948719544560770 ) ) ;
#1904 = CARTESIAN_POINT ( 'NONE',  ( -0.06495446631221798994, 1.707404996040164512E-17, -0.06495446631221887812 ) ) ;
#1905 = VERTEX_POINT ( 'NONE', #2113 ) ;
#1906 = CARTESIAN_POINT ( 'NONE',  ( -0.03804944542899191262, 0.4593750000000000888, 0.09185948719544533014 ) ) ;
#1907 = CARTESIAN_POINT ( 'NONE',  ( 3.422933369255124177E-17, 0.3454962792832756424, 0.000000000000000000 ) ) ;
#1908 = EDGE_CURVE ( 'NONE', #714, #1290, #488, .T. ) ;
#1909 = CARTESIAN_POINT ( 'NONE',  ( -0.09185948719544534402, 0.2968750000000000000, -0.03804944542899188487 ) ) ;
#1910 = CARTESIAN_POINT ( 'NONE',  ( -0.09185948719544534402, 0.003125000000000017954, -0.03804944542899188487 ) ) ;
#1911 = CARTESIAN_POINT ( 'NONE',  ( 0.1249999999999996947, 0.1468750000000000333, 0.05177669529663760789 ) ) ;
#1912 = FACE_BOUND ( 'NONE', #2218, .T. ) ;
#1913 = CARTESIAN_POINT ( 'NONE',  ( 0.05177669529663758013, 0.009375000000000018735, -0.1249999999999996947 ) ) ;
#1914 = ORIENTED_EDGE ( 'NONE', *, *, #426, .T. ) ;
#1915 = CARTESIAN_POINT ( 'NONE',  ( -0.06495446631221798994, -0.05624999999999998751, -0.06495446631221887812 ) ) ;
#1916 = CARTESIAN_POINT ( 'NONE',  ( -6.831886520882599770E-16, 0.09375000000000004163, 0.1250000000000000278 ) ) ;
#1917 = CARTESIAN_POINT ( 'NONE',  ( 6.184628074832439858E-16, 0.04375000000000001110, -0.09185948719544560770 ) ) ;
#1918 = CARTESIAN_POINT ( 'NONE',  ( 0.09185948719544557994, 0.1812500000000000500, 6.600460013358639369E-16 ) ) ;
#1919 = DESIGN_CONTEXT ( 'detailed design', #1658, 'design' ) ;
#1920 = CARTESIAN_POINT ( 'NONE',  ( -0.09185948719544534402, 0.003125000000000017954, -0.03804944542899188487 ) ) ;
#1921 = EDGE_LOOP ( 'NONE', ( #2507, #418, #1011, #1076 ) ) ;
#1922 = CARTESIAN_POINT ( 'NONE',  ( 0.09185948719544581587, 0.3281250000000000555, -0.03804944542899061505 ) ) ;
#1923 = CARTESIAN_POINT ( 'NONE',  ( 0.06495446631221886424, 0.1812500000000000500, -0.06495446631221794831 ) ) ;
#1924 = CARTESIAN_POINT ( 'NONE',  ( -6.791301097954400183E-16, 0.1125000000000000305, 0.09185948719544560770 ) ) ;
#1925 = CARTESIAN_POINT ( 'NONE',  ( -0.1249999999999997780, 0.1718750000000000278, -0.05177669529663754544 ) ) ;
#1926 = CARTESIAN_POINT ( 'NONE',  ( 0.2083333333333333426, 0.08333333333333332871, 2.551347498223651693E-17 ) ) ;
#1927 = CARTESIAN_POINT ( 'NONE',  ( -0.05177669529663627562, 0.1656250000000000222, -0.1250000000000002776 ) ) ;
#1928 = ORIENTED_EDGE ( 'NONE', *, *, #43, .F. ) ;
#1929 = CARTESIAN_POINT ( 'NONE',  ( -0.09185948719544588525, -0.09687499999999998890, 0.03804944542899058035 ) ) ;
#1930 = CARTESIAN_POINT ( 'NONE',  ( 6.184628074832439858E-16, 0.3187500000000000333, -0.1250000000000000278 ) ) ;
#1931 = FACE_OUTER_BOUND ( 'NONE', #1425, .T. ) ;
#1932 = CARTESIAN_POINT ( 'NONE',  ( -6.791301097954400183E-16, 0.1687500000000000389, 0.09185948719544560770 ) ) ;
#1933 = CARTESIAN_POINT ( 'NONE',  ( -0.06495446631221798994, -0.09999999999999999167, -0.06495446631221887812 ) ) ;
#1934 = ORIENTED_EDGE ( 'NONE', *, *, #1332, .T. ) ;
#1935 = VECTOR ( 'NONE', #1439, 39.37007874015748143 ) ;
#1936 = CARTESIAN_POINT ( 'NONE',  ( -0.06495446631221798994, 0.1937500000000000056, -0.06495446631221887812 ) ) ;
#1937 = AXIS2_PLACEMENT_3D ( 'NONE', #2471, #1201, #1652 ) ;
#1938 = CARTESIAN_POINT ( 'NONE',  ( -0.03804944542899062199, 0.2406250000000000056, -0.09185948719544587138 ) ) ;
#1939 = VECTOR ( 'NONE', #1255, 39.37007874015748143 ) ;
#1940 = CARTESIAN_POINT ( 'NONE',  ( -0.05045833799243626405, 0.2620621602091757762, 0.07699483874290569130 ) ) ;
#1941 = DIRECTION ( 'NONE',  ( -1.000000000000000000, -1.224646799147352468E-16, 0.000000000000000000 ) ) ;
#1942 = CARTESIAN_POINT ( 'NONE',  ( -0.1250000000000000278, 0.3250000000000000666, -6.508257297857520307E-16 ) ) ;
#1943 = CARTESIAN_POINT ( 'NONE',  ( -0.09185948719544534402, 0.1468750000000000333, -0.03804944542899188487 ) ) ;
#1944 = CARTESIAN_POINT ( 'NONE',  ( 0.1249999999999996947, 0.4031250000000000111, 0.05177669529663759401 ) ) ;
#1945 = CARTESIAN_POINT ( 'NONE',  ( 0.1250000000000002498, 0.05312500000000003331, -0.05177669529663628950 ) ) ;
#1946 = EDGE_CURVE ( 'NONE', #1323, #264, #216, .T. ) ;
#1947 = CARTESIAN_POINT ( 'NONE',  ( -0.03804944542899191262, 0.3156250000000000444, 0.09185948719544533014 ) ) ;
#1948 = CARTESIAN_POINT ( 'NONE',  ( -0.09185948719544534402, -0.04687499999999998612, -0.03804944542899188487 ) ) ;
#1949 = EDGE_LOOP ( 'NONE', ( #613, #956, #1189 ) ) ;
#1950 = CARTESIAN_POINT ( 'NONE',  ( 0.1250000000000000000, 0.2062500000000000167, 6.661338147750940229E-16 ) ) ;
#1951 = DIRECTION ( 'NONE',  ( -1.000000000000000000, 0.000000000000000000, 0.000000000000000000 ) ) ;
#1952 = CARTESIAN_POINT ( 'NONE',  ( -0.05177669529663627562, 0.2656250000000000000, -0.1250000000000002776 ) ) ;
#1953 = CARTESIAN_POINT ( 'NONE',  ( 0.03804944542899054566, 0.2156250000000000111, 0.09185948719544588525 ) ) ;
#1954 = CARTESIAN_POINT ( 'NONE',  ( 0.08838834764831890456, 0.3625000000000000444, -0.08838834764831796087 ) ) ;
#1955 = CARTESIAN_POINT ( 'NONE',  ( -0.06495446631221798994, 0.05000000000000000971, -0.06495446631221887812 ) ) ;
#1956 = CARTESIAN_POINT ( 'NONE',  ( 0.03804944542899192650, 0.2406250000000000333, -0.09185948719544533014 ) ) ;
#1957 = CARTESIAN_POINT ( 'NONE',  ( -0.09185948719544562158, 0.2062500000000000167, -6.487964586393420021E-16 ) ) ;
#1958 = EDGE_CURVE ( 'NONE', #405, #161, #996, .T. ) ;
#1959 = ORIENTED_EDGE ( 'NONE', *, *, #840, .F. ) ;
#1960 = CARTESIAN_POINT ( 'NONE',  ( -0.2916666666666663521, 0.08333333333333306503, 0.000000000000000000 ) ) ;
#1961 = CARTESIAN_POINT ( 'NONE',  ( 0.05177669529663619236, 0.2906250000000000222, 0.1250000000000003053 ) ) ;
#1962 = CARTESIAN_POINT ( 'NONE',  ( 0.09185948719544557994, 0.2250000000000000333, 6.600460013358639369E-16 ) ) ;
#1963 = CARTESIAN_POINT ( 'NONE',  ( 0.1250000000000000000, 0.4562500000000000999, 6.661338147750940229E-16 ) ) ;
#1964 = CARTESIAN_POINT ( 'NONE',  ( -0.05177669529663627562, 0.06562500000000001665, -0.1250000000000002776 ) ) ;
#1965 = CARTESIAN_POINT ( 'NONE',  ( 0.09185948719544557994, 0.3312500000000000444, 6.600460013358639369E-16 ) ) ;
#1966 = CARTESIAN_POINT ( 'NONE',  ( -0.03804944542899191262, 0.1156250000000000194, 0.09185948719544533014 ) ) ;
#1967 = CARTESIAN_POINT ( 'NONE',  ( 0.09185948719544530239, 0.3718750000000001221, 0.03804944542899193344 ) ) ;
#1968 = CARTESIAN_POINT ( 'NONE',  ( -0.09811084927219719531, 0.2597868504896176933, -4.920242722571245380E-14 ) ) ;
#1969 = AXIS2_PLACEMENT_3D ( 'NONE', #394, #1829, #2053 ) ;
#1970 = CYLINDRICAL_SURFACE ( 'NONE', #1148, 0.2916666666666665186 ) ;
#1971 = CC_DESIGN_APPROVAL ( #853, ( #941 ) ) ;
#1972 = AXIS2_PLACEMENT_3D ( 'NONE', #404, #1824, #606 ) ;
#1973 = CARTESIAN_POINT ( 'NONE',  ( 3.422933369255119246E-17, 0.3454962792832758089, 0.000000000000000000 ) ) ;
#1974 = CARTESIAN_POINT ( 'NONE',  ( -6.831886520882599770E-16, 0.2875000000000000333, 0.1250000000000000000 ) ) ;
#1975 = CIRCLE ( 'NONE', #2326, 0.2083333333333332871 ) ;
#1976 = CARTESIAN_POINT ( 'NONE',  ( -0.09185948719544562158, 0.2000000000000000111, -6.487964586393420021E-16 ) ) ;
#1977 = CARTESIAN_POINT ( 'NONE',  ( 0.05177669529663619236, 0.3468750000000000444, 0.1250000000000003331 ) ) ;
#1978 = CARTESIAN_POINT ( 'NONE',  ( -0.03804944542899191262, 0.1656250000000000222, 0.09185948719544533014 ) ) ;
#1979 = CARTESIAN_POINT ( 'NONE',  ( -0.09185948719544534402, 0.3531250000000000777, -0.03804944542899188487 ) ) ;
#1980 = CARTESIAN_POINT ( 'NONE',  ( 0.09185948719544557994, 0.2812500000000000555, 6.600460013358639369E-16 ) ) ;
#1981 = CARTESIAN_POINT ( 'NONE',  ( -0.06495446631221798994, 0.3437500000000000000, -0.06495446631221887812 ) ) ;
#1982 = CARTESIAN_POINT ( 'NONE',  ( -0.09185948719544589913, 0.1531250000000000111, 0.03804944542899058035 ) ) ;
#1983 = CARTESIAN_POINT ( 'NONE',  ( -0.05177669529663757320, 0.08437500000000003331, 0.1249999999999997780 ) ) ;
#1984 =( BOUNDED_CURVE ( )  B_SPLINE_CURVE ( 2, ( #2602, #2033, #1142, #1435, #960, #2261, #417 ),
 .UNSPECIFIED., .F., .T. ) 
 B_SPLINE_CURVE_WITH_KNOTS ( ( 3, 2, 2, 3 ),
 ( 0.1499647621496849603, 0.1538461538461538547, 0.1634615384615384637, 0.1730769230769230727 ),
 .UNSPECIFIED. ) 
 CURVE ( )  GEOMETRIC_REPRESENTATION_ITEM ( )  RATIONAL_B_SPLINE_CURVE ( ( 0.9633526356656054723, 0.9692728515540297574, 1.000000000000000000, 0.9238795325112867385, 1.000000000000000000, 0.9238795325112867385, 1.000000000000000000 ) ) 
 REPRESENTATION_ITEM ( '' )  );
#1985 = CARTESIAN_POINT ( 'NONE',  ( 0.1233832375763455752, 0.2503530261636441323, -0.01458881124489405656 ) ) ;
#1986 = EDGE_CURVE ( 'NONE', #1061, #727, #2011, .T. ) ;
#1987 = CARTESIAN_POINT ( 'NONE',  ( 0.009779010232436694330, 0.2598691213812872047, 0.09768783431626108793 ) ) ;
#1988 = CARTESIAN_POINT ( 'NONE',  ( -0.1250000000000002776, 0.4281250000000000888, 0.05177669529663624093 ) ) ;
#1989 = CARTESIAN_POINT ( 'NONE',  ( -0.09185948719544588525, 0.2031250000000000000, 0.03804944542899058035 ) ) ;
#1990 = CARTESIAN_POINT ( 'NONE',  ( -0.07635752428000022740, 0.01511330463846658097, -0.09290831145768133070 ) ) ;
#1991 = CARTESIAN_POINT ( 'NONE',  ( 0.06495446631221886424, 0.1875000000000000555, -0.06495446631221794831 ) ) ;
#1992 = CARTESIAN_POINT ( 'NONE',  ( 0.06495446631221793443, 0.3750000000000000555, 0.06495446631221887812 ) ) ;
#1993 = CARTESIAN_POINT ( 'NONE',  ( -0.09185948719544534402, 0.1031250000000000083, -0.03804944542899188487 ) ) ;
#1994 = CARTESIAN_POINT ( 'NONE',  ( 0.08838834764831890456, -0.08749999999999999445, -0.08838834764831796087 ) ) ;
#1995 = FACE_OUTER_BOUND ( 'NONE', #2181, .T. ) ;
#1996 = CARTESIAN_POINT ( 'NONE',  ( 0.09185948719544530239, 0.4718749999999999889, 0.03804944542899193344 ) ) ;
#1997 =( BOUNDED_CURVE ( )  B_SPLINE_CURVE ( 2, ( #276, #1896, #863, #2347, #1681, #2499, #676, #94, #65 ),
 .UNSPECIFIED., .F., .T. ) 
 B_SPLINE_CURVE_WITH_KNOTS ( ( 3, 2, 2, 2, 3 ),
 ( 0.4038461538461538547, 0.4134615384615384359, 0.4230769230769230727, 0.4326923076923077094, 0.4423076923076922906 ),
 .UNSPECIFIED. ) 
 CURVE ( )  GEOMETRIC_REPRESENTATION_ITEM ( )  RATIONAL_B_SPLINE_CURVE ( ( 1.000000000000000000, 0.9238795325112867385, 1.000000000000000000, 0.9238795325112867385, 1.000000000000000000, 0.9238795325112867385, 1.000000000000000000, 0.9238795325112867385, 1.000000000000000000 ) ) 
 REPRESENTATION_ITEM ( '' )  );
#1998 = CARTESIAN_POINT ( 'NONE',  ( 0.1250000000000000000, 0.1562500000000000833, 6.661338147750940229E-16 ) ) ;
#1999 = CC_DESIGN_DATE_AND_TIME_ASSIGNMENT ( #820, #846, ( #1849 ) ) ;
#2000 = CARTESIAN_POINT ( 'NONE',  ( 0.08838834764831794699, 0.4437500000000000333, 0.08838834764831891844 ) ) ;
#2001 = CARTESIAN_POINT ( 'NONE',  ( -0.09185948719544588525, 0.3031250000000000333, 0.03804944542899058035 ) ) ;
#2002 = CARTESIAN_POINT ( 'NONE',  ( -0.008115960935019173386, 0.01191161397028800070, -0.1231820360205327092 ) ) ;
#2003 = CARTESIAN_POINT ( 'NONE',  ( -0.1249999999999997780, 0.02812500000000003886, -0.05177669529663754544 ) ) ;
#2004 = CARTESIAN_POINT ( 'NONE',  ( 0.09185948719544581587, 0.3343750000000000333, -0.03804944542899061505 ) ) ;
#2005 = ADVANCED_FACE ( 'NONE', ( #596, #1205 ), #611, .F. ) ;
#2006 = ORIENTED_EDGE ( 'NONE', *, *, #627, .T. ) ;
#2007 = CARTESIAN_POINT ( 'NONE',  ( 0.09185948719544581587, 0.1843750000000000389, -0.03804944542899061505 ) ) ;
#2008 = CARTESIAN_POINT ( 'NONE',  ( 0.1249999999999996947, -0.09687499999999996114, 0.05177669529663759401 ) ) ;
#2009 = CARTESIAN_POINT ( 'NONE',  ( -0.1250000000000000278, 0.03125000000000002776, -6.508257297857520307E-16 ) ) ;
#2010 = CARTESIAN_POINT ( 'NONE',  ( 0.09185948719544581587, 0.4781250000000000777, -0.03804944542899061505 ) ) ;
#2011 = CIRCLE ( 'NONE', #1543, 0.9390624999999942490 ) ;
#2012 = CARTESIAN_POINT ( 'NONE',  ( 0.06495446631221793443, 0.01875000000000002359, 0.06495446631221887812 ) ) ;
#2013 = CARTESIAN_POINT ( 'NONE',  ( -0.06495446631221798994, -0.09999999999999999167, -0.06495446631221887812 ) ) ;
#2014 = CARTESIAN_POINT ( 'NONE',  ( 0.03804944542899192650, 0.2843750000000000999, -0.09185948719544533014 ) ) ;
#2015 = CIRCLE ( 'NONE', #1235, 0.3749999999999991673 ) ;
#2016 = CARTESIAN_POINT ( 'NONE',  ( -0.05306042279816525903, 0.01390161800214063589, -0.1092601000874416084 ) ) ;
#2017 = CARTESIAN_POINT ( 'NONE',  ( 0.06495446631221793443, 0.1750000000000000444, 0.06495446631221887812 ) ) ;
#2018 = CARTESIAN_POINT ( 'NONE',  ( -0.06495446631221890588, 0.4625000000000000777, 0.06495446631221796219 ) ) ;
#2019 = ORIENTED_EDGE ( 'NONE', *, *, #1659, .T. ) ;
#2020 = CARTESIAN_POINT ( 'NONE',  ( 0.06495446631221886424, 0.4375000000000000555, -0.06495446631221794831 ) ) ;
#2021 = CARTESIAN_POINT ( 'NONE',  ( 0.1250000000000000000, 0.006250000000000035909, 6.661338147750940229E-16 ) ) ;
#2022 = DIRECTION ( 'NONE',  ( 1.224646799147353207E-16, 1.499759782661856787E-32, -1.000000000000000000 ) ) ;
#2023 = CIRCLE ( 'NONE', #2483, 0.3749999999999991673 ) ;
#2024 = EDGE_CURVE ( 'NONE', #2335, #2163, #2094, .T. ) ;
#2025 = CARTESIAN_POINT ( 'NONE',  ( 0.07489975188874986589, 0.03166877860731388827, 0.07153792975659430120 ) ) ;
#2026 = CARTESIAN_POINT ( 'NONE',  ( 0.09185948719544582974, 0.07812500000000005551, -0.03804944542899061505 ) ) ;
#2027 = CARTESIAN_POINT ( 'NONE',  ( 6.184628074832439858E-16, 0.08750000000000002220, -0.09185948719544560770 ) ) ;
#2028 = CARTESIAN_POINT ( 'NONE',  ( 0.08838834764831889068, 0.4562500000000000999, -0.08838834764831794699 ) ) ;
#2029 = CARTESIAN_POINT ( 'NONE',  ( 0.06495446631221886424, 0.3312500000000000444, -0.06495446631221794831 ) ) ;
#2030 = CARTESIAN_POINT ( 'NONE',  ( -0.05177669529663757320, 0.4906250000000000333, 0.1249999999999997780 ) ) ;
#2031 = CARTESIAN_POINT ( 'NONE',  ( -6.791301097954400183E-16, 0.1687500000000000389, 0.09185948719544560770 ) ) ;
#2032 = DIRECTION ( 'NONE',  ( 4.073082549640102053E-18, -1.000000000000000000, -0.000000000000000000 ) ) ;
#2033 = CARTESIAN_POINT ( 'NONE',  ( 0.01992161012959022676, 0.01129762446602091026, -0.1249999999999999029 ) ) ;
#2034 = VERTEX_POINT ( 'NONE', #2009 ) ;
#2035 = CARTESIAN_POINT ( 'NONE',  ( 0.09185948719544581587, 0.3343750000000000333, -0.03804944542899061505 ) ) ;
#2036 = CARTESIAN_POINT ( 'NONE',  ( -0.08838834764831801638, -0.1249999999999999861, -0.08838834764831891844 ) ) ;
#2037 = CARTESIAN_POINT ( 'NONE',  ( 0.1349999999999999811, 1.371422658274145664E-16, 0.000000000000000000 ) ) ;
#2038 = EDGE_CURVE ( 'NONE', #1436, #31, #379, .T. ) ;
#2039 = ORIENTED_EDGE ( 'NONE', *, *, #771, .T. ) ;
#2040 = CARTESIAN_POINT ( 'NONE',  ( 0.1198420998703143975, 0.2507203434253134633, -0.02871941911643624210 ) ) ;
#2041 = CARTESIAN_POINT ( 'NONE',  ( 0.09185948719544530239, 0.1218750000000000111, 0.03804944542899193344 ) ) ;
#2042 = CARTESIAN_POINT ( 'NONE',  ( -6.791301097954400183E-16, -0.03749999999999999167, 0.09185948719544560770 ) ) ;
#2043 = CARTESIAN_POINT ( 'NONE',  ( -0.1249999999999997780, 0.4718749999999999889, -0.05177669529663754544 ) ) ;
#2044 = CARTESIAN_POINT ( 'NONE',  ( 0.03804944542899054566, 0.2656250000000000000, 0.09185948719544588525 ) ) ;
#2045 = CARTESIAN_POINT ( 'NONE',  ( -0.03585953041880592107, 0.01309478186632321434, -0.1168902737720311502 ) ) ;
#2046 = PERSON_AND_ORGANIZATION ( #152, #731 ) ;
#2047 = PRODUCT_DEFINITION_SHAPE ( 'NONE', 'NONE',  #1849 ) ;
#2048 = DIRECTION ( 'NONE',  ( -1.224646799147352468E-16, 1.000000000000000000, -0.000000000000000000 ) ) ;
#2049 = CARTESIAN_POINT ( 'NONE',  ( 0.05177669529663758707, 0.2093750000000000611, -0.1249999999999997363 ) ) ;
#2050 = ORIENTED_EDGE ( 'NONE', *, *, #549, .T. ) ;
#2051 = CARTESIAN_POINT ( 'NONE',  ( 0.09185948719544581587, 0.4343750000000001776, -0.03804944542899061505 ) ) ;
#2052 = CARTESIAN_POINT ( 'NONE',  ( 0.08838834764831796087, -0.09999999999999997780, 0.08838834764831893231 ) ) ;
#2053 = DIRECTION ( 'NONE',  ( -1.000000000000000000, 0.000000000000000000, 0.000000000000000000 ) ) ;
#2054 = ORIENTED_EDGE ( 'NONE', *, *, #2343, .F. ) ;
#2055 = CARTESIAN_POINT ( 'NONE',  ( 0.02837000129141849583, 0.02891883369564124742, 0.1024587801363351092 ) ) ;
#2056 = ADVANCED_FACE ( 'NONE', ( #186 ), #1408, .F. ) ;
#2057 = CARTESIAN_POINT ( 'NONE',  ( 0.09185948719544530239, -0.02812499999999998682, 0.03804944542899193344 ) ) ;
#2058 = CARTESIAN_POINT ( 'NONE',  ( -0.09185948719544534402, 0.05312500000000002637, -0.03804944542899188487 ) ) ;
#2059 = CARTESIAN_POINT ( 'NONE',  ( -0.03804944542899062199, 0.2906250000000000222, -0.09185948719544587138 ) ) ;
#2060 = CARTESIAN_POINT ( 'NONE',  ( 3.422933369255118630E-17, 0.3454962792832758089, 0.000000000000000000 ) ) ;
#2061 = CARTESIAN_POINT ( 'NONE',  ( 0.000000000000000000, 0.000000000000000000, 0.000000000000000000 ) ) ;
#2062 = CARTESIAN_POINT ( 'NONE',  ( 0.1250000000000000000, 0.2500000000000000555, 6.661338147750940229E-16 ) ) ;
#2063 = AXIS2_PLACEMENT_3D ( 'NONE', #768, #174, #1611 ) ;
#2064 = CARTESIAN_POINT ( 'NONE',  ( 7.654042494670952923E-17, 0.000000000000000000, 0.000000000000000000 ) ) ;
#2065 = VERTEX_POINT ( 'NONE', #212 ) ;
#2066 = CARTESIAN_POINT ( 'NONE',  ( 0.09185948719544557994, 0.4812500000000000666, 6.600460013358639369E-16 ) ) ;
#2067 = CARTESIAN_POINT ( 'NONE',  ( 0.05177669529663758707, 0.2156250000000000389, -0.1249999999999997363 ) ) ;
#2068 = CARTESIAN_POINT ( 'NONE',  ( 0.01920106693015903587, 0.04248922762191265773, -0.09068930317163710619 ) ) ;
#2069 = AXIS2_PLACEMENT_3D ( 'NONE', #1785, #763, #2621 ) ;
#2070 = VERTEX_POINT ( 'NONE', #1588 ) ;
#2071 = CARTESIAN_POINT ( 'NONE',  ( -0.06495446631221798994, 0.09375000000000002776, -0.06495446631221887812 ) ) ;
#2072 = CARTESIAN_POINT ( 'NONE',  ( -0.06495446631221798994, 0.04375000000000001110, -0.06495446631221887812 ) ) ;
#2073 = CARTESIAN_POINT ( 'NONE',  ( 0.03804944542899192650, 0.09062500000000003886, -0.09185948719544533014 ) ) ;
#2074 = CARTESIAN_POINT ( 'NONE',  ( -0.03804944542899191262, 0.4593750000000000888, 0.09185948719544533014 ) ) ;
#2075 = CARTESIAN_POINT ( 'NONE',  ( 3.422933369255118630E-17, 0.3454962792832758089, 0.000000000000000000 ) ) ;
#2076 = LINE ( 'NONE', #1005, #139 ) ;
#2077 =( BOUNDED_CURVE ( )  B_SPLINE_CURVE ( 2, ( #86, #911, #1917, #2363, #1955, #924, #1356, #124, #933, #1752, #2179, #337, #1308, #898, #1320, #733, #1716, #1120, #2149, #2535, #697, #1513, #2338, #497, #1539, #2137, #1549, #533, #306, #1730, #2168, #327, #2552, #711, #1583, #2442, #2216, #802, #764, #1164, #592, #1978, #2031, #194, #2017, #1798, #954, #1187, #1991, #1786, #1176, #2608, #1004, #1402, #1810, #145, #1823, #388, #182, #2229, #1607, #1200, #2419, #2644, #2622, #2244, #1775, #353, #2407, #159, #569, #1380, #1620 ),
 .UNSPECIFIED., .F., .T. ) 
 B_SPLINE_CURVE_WITH_KNOTS ( ( 3, 2, 2, 2, 2, 2, 2, 2, 2, 2, 2, 2, 2, 2, 2, 2, 2, 2, 2, 2, 2, 2, 2, 2, 2, 2, 2, 2, 2, 2, 2, 2, 2, 2, 2, 2, 3 ),
 ( 0.2297770355885866977, 0.2307692307692307820, 0.2403846153846153910, 0.2500000000000000000, 0.2596153846153846367, 0.2692307692307692180, 0.2788461538461538547, 0.2884615384615384359, 0.2980769230769230727, 0.3076923076923077094, 0.3173076923076922906, 0.3269230769230769273, 0.3365384615384615641, 0.3461538461538461453, 0.3557692307692307820, 0.3653846153846153633, 0.3750000000000000000, 0.3846153846153846367, 0.3942307692307692180, 0.4038461538461538547, 0.4134615384615384359, 0.4230769230769230727, 0.4326923076923077094, 0.4423076923076922906, 0.4519230769230769273, 0.4615384615384615641, 0.4711538461538461453, 0.4807692307692307820, 0.4903846153846153633, 0.5000000000000000000, 0.5096153846153845812, 0.5192307692307692735, 0.5288461538461538547, 0.5384615384615384359, 0.5480769230769231282, 0.5576923076923077094, 0.5665906588856463033 ),
 .UNSPECIFIED. ) 
 CURVE ( )  GEOMETRIC_REPRESENTATION_ITEM ( )  RATIONAL_B_SPLINE_CURVE ( ( 0.9859115517484128288, 0.9921452584569696587, 1.000000000000000000, 0.9238795325112867385, 1.000000000000000000, 0.9238795325112867385, 1.000000000000000000, 0.9238795325112867385, 1.000000000000000000, 0.9238795325112867385, 1.000000000000000000, 0.9238795325112867385, 1.000000000000000000, 0.9238795325112867385, 1.000000000000000000, 0.9238795325112867385, 1.000000000000000000, 0.9238795325112867385, 1.000000000000000000, 0.9238795325112867385, 1.000000000000000000, 0.9238795325112867385, 1.000000000000000000, 0.9238795325112867385, 1.000000000000000000, 0.9238795325112867385, 1.000000000000000000, 0.9238795325112867385, 1.000000000000000000, 0.9238795325112867385, 1.000000000000000000, 0.9238795325112867385, 1.000000000000000000, 0.9238795325112867385, 1.000000000000000000, 0.9238795325112867385, 1.000000000000000000, 0.9238795325112867385, 1.000000000000000000, 0.9238795325112867385, 1.000000000000000000, 0.9238795325112867385, 1.000000000000000000, 0.9238795325112867385, 1.000000000000000000, 0.9238795325112867385, 1.000000000000000000, 0.9238795325112867385, 1.000000000000000000, 0.9238795325112867385, 1.000000000000000000, 0.9238795325112867385, 1.000000000000000000, 0.9238795325112867385, 1.000000000000000000, 0.9238795325112867385, 1.000000000000000000, 0.9238795325112867385, 1.000000000000000000, 0.9238795325112867385, 1.000000000000000000, 0.9238795325112867385, 1.000000000000000000, 0.9238795325112867385, 1.000000000000000000, 0.9238795325112867385, 1.000000000000000000, 0.9238795325112867385, 1.000000000000000000, 0.9238795325112867385, 1.000000000000000000, 0.9295559481175686978, 0.9894937661665186290 ) ) 
 REPRESENTATION_ITEM ( '' )  );
#2078 = CARTESIAN_POINT ( 'NONE',  ( -0.1249999999999997780, -0.02812499999999997988, -0.05177669529663754544 ) ) ;
#2079 = ORIENTED_EDGE ( 'NONE', *, *, #8, .T. ) ;
#2080 = CARTESIAN_POINT ( 'NONE',  ( 0.09185948719544557994, 0.4312500000000000777, 6.600460013358639369E-16 ) ) ;
#2081 = CARTESIAN_POINT ( 'NONE',  ( 0.1249999999999996947, 0.2531250000000000444, 0.05177669529663759401 ) ) ;
#2082 = LINE ( 'NONE', #666, #2614 ) ;
#2083 = EDGE_LOOP ( 'NONE', ( #1959, #2541, #2409, #1297 ) ) ;
#2084 = DIRECTION ( 'NONE',  ( 1.000000000000000000, 0.000000000000000000, 0.000000000000000000 ) ) ;
#2085 = CARTESIAN_POINT ( 'NONE',  ( 0.03804944542899192650, 0.2343750000000000278, -0.09185948719544533014 ) ) ;
#2086 = CARTESIAN_POINT ( 'NONE',  ( -0.06495446631221798994, 0.1000000000000000194, -0.06495446631221887812 ) ) ;
#2087 = DATE_AND_TIME ( #1270, #2577 ) ;
#2088 = CARTESIAN_POINT ( 'NONE',  ( -0.1250000000000000278, 0.2250000000000000333, -6.508257297857520307E-16 ) ) ;
#2089 = CARTESIAN_POINT ( 'NONE',  ( 6.184628074832439858E-16, 0.1125000000000000305, -0.1250000000000000000 ) ) ;
#2090 = EDGE_LOOP ( 'NONE', ( #118, #73, #1524, #865 ) ) ;
#2091 = CARTESIAN_POINT ( 'NONE',  ( -0.03804944542899191262, 0.009375000000000018735, 0.09185948719544533014 ) ) ;
#2092 = CARTESIAN_POINT ( 'NONE',  ( -6.831886520882599770E-16, 0.1937500000000000056, 0.1250000000000000278 ) ) ;
#2093 = CARTESIAN_POINT ( 'NONE',  ( 0.1250000000000000000, 0.1062500000000000389, 6.661338147750940229E-16 ) ) ;
#2094 =( BOUNDED_CURVE ( )  B_SPLINE_CURVE ( 2, ( #794, #2626, #970, #368, #1627, #1009, #757, #1372, #2649 ),
 .UNSPECIFIED., .F., .T. ) 
 B_SPLINE_CURVE_WITH_KNOTS ( ( 3, 2, 2, 2, 3 ),
 ( 0.4038461538461538547, 0.4134615384615384359, 0.4230769230769230727, 0.4326923076923077094, 0.4423076923076922906 ),
 .UNSPECIFIED. ) 
 CURVE ( )  GEOMETRIC_REPRESENTATION_ITEM ( )  RATIONAL_B_SPLINE_CURVE ( ( 1.000000000000000000, 0.9238795325112867385, 1.000000000000000000, 0.9238795325112867385, 1.000000000000000000, 0.9238795325112867385, 1.000000000000000000, 0.9238795325112867385, 1.000000000000000000 ) ) 
 REPRESENTATION_ITEM ( '' )  );
#2095 = ADVANCED_FACE ( 'NONE', ( #2196 ), #408, .T. ) ;
#2096 = CARTESIAN_POINT ( 'NONE',  ( 6.184628074832439858E-16, -0.006249999999999984734, -0.09185948719544560770 ) ) ;
#2097 = ORIENTED_EDGE ( 'NONE', *, *, #1958, .F. ) ;
#2098 = CARTESIAN_POINT ( 'NONE',  ( 6.184628074832439858E-16, 0.2375000000000000167, -0.09185948719544560770 ) ) ;
#2099 = CARTESIAN_POINT ( 'NONE',  ( -0.06495446631221890588, 0.2062500000000000444, 0.06495446631221796219 ) ) ;
#2100 = CARTESIAN_POINT ( 'NONE',  ( -0.09185948719544562158, 0.05625000000000001527, -6.487964586393420021E-16 ) ) ;
#2101 = CARTESIAN_POINT ( 'NONE',  ( 6.633503495381493355E-17, 0.08333333333333331483, 0.000000000000000000 ) ) ;
#2102 = CARTESIAN_POINT ( 'NONE',  ( -0.05177669529663627562, 0.01562500000000002429, -0.1250000000000002776 ) ) ;
#2103 = ORIENTED_EDGE ( 'NONE', *, *, #376, .T. ) ;
#2104 = CARTESIAN_POINT ( 'NONE',  ( 0.09185948719544530239, -0.02812499999999998682, 0.03804944542899193344 ) ) ;
#2105 = CARTESIAN_POINT ( 'NONE',  ( -0.05177669529663757320, 0.09062500000000002498, 0.1249999999999997780 ) ) ;
#2106 = CARTESIAN_POINT ( 'NONE',  ( 0.09945350911880281031, 0.03554649088119726102, -7.248547391663127337E-15 ) ) ;
#2107 = LOCAL_TIME ( 8, 39, 29.00000000000000000, #2289 ) ;
#2108 = CARTESIAN_POINT ( 'NONE',  ( 0.06495446631221793443, 0.2750000000000000777, 0.06495446631221887812 ) ) ;
#2109 = CARTESIAN_POINT ( 'NONE',  ( -0.06495446631221798994, 0.05000000000000000971, -0.06495446631221887812 ) ) ;
#2110 = EDGE_CURVE ( 'NONE', #1097, #2349, #1802, .T. ) ;
#2111 = EDGE_LOOP ( 'NONE', ( #1420, #2305, #2277, #1928 ) ) ;
#2112 = CARTESIAN_POINT ( 'NONE',  ( 0.09185948719544581587, 0.3781250000000001554, -0.03804944542899061505 ) ) ;
#2113 = CARTESIAN_POINT ( 'NONE',  ( 0.1250000000000000000, 0.2500000000000000555, 6.661338147750940229E-16 ) ) ;
#2114 = CARTESIAN_POINT ( 'NONE',  ( 6.184628074832439858E-16, 0.2875000000000000333, -0.09185948719544560770 ) ) ;
#2115 = CARTESIAN_POINT ( 'NONE',  ( 6.184628074832439858E-16, -0.006249999999999984734, -0.09185948719544560770 ) ) ;
#2116 = CARTESIAN_POINT ( 'NONE',  ( 0.09945350911880281031, 0.03554649088119726102, -7.248547391663127337E-15 ) ) ;
#2117 = CARTESIAN_POINT ( 'NONE',  ( 1.061658279762632713E-18, 1.365923996832131609E-16, 0.000000000000000000 ) ) ;
#2118 = CARTESIAN_POINT ( 'NONE',  ( -0.08838834764831891844, 0.08125000000000001665, 0.08838834764831796087 ) ) ;
#2119 = ORIENTED_EDGE ( 'NONE', *, *, #2613, .T. ) ;
#2120 = CARTESIAN_POINT ( 'NONE',  ( -0.09185948719544588525, -0.04687499999999998612, 0.03804944542899058035 ) ) ;
#2121 = CARTESIAN_POINT ( 'NONE',  ( -0.05177669529663627562, 0.1218750000000000250, -0.1250000000000002776 ) ) ;
#2122 = LINE ( 'NONE', #2322, #1935 ) ;
#2123 = CARTESIAN_POINT ( 'NONE',  ( 0.03804944542899192650, 0.1406250000000000278, -0.09185948719544533014 ) ) ;
#2124 = CARTESIAN_POINT ( 'NONE',  ( -0.03804944542899191262, 0.01562500000000002429, 0.09185948719544533014 ) ) ;
#2125 = ADVANCED_FACE ( 'NONE', ( #574 ), #199, .T. ) ;
#2126 = ORIENTED_EDGE ( 'NONE', *, *, #1066, .F. ) ;
#2127 = CARTESIAN_POINT ( 'NONE',  ( 0.03804944542899192650, 0.4843750000000000555, -0.09185948719544533014 ) ) ;
#2128 = CARTESIAN_POINT ( 'NONE',  ( 0.09185948719544582974, 0.1781250000000000333, -0.03804944542899061505 ) ) ;
#2129 = CARTESIAN_POINT ( 'NONE',  ( -0.09185948719544588525, 0.1031250000000000083, 0.03804944542899058035 ) ) ;
#2130 = CARTESIAN_POINT ( 'NONE',  ( -0.03804944542899191262, 0.1156250000000000194, 0.09185948719544533014 ) ) ;
#2131 = CARTESIAN_POINT ( 'NONE',  ( 0.1250000000000002498, 0.1531250000000000111, -0.05177669529663628950 ) ) ;
#2132 = FACE_OUTER_BOUND ( 'NONE', #453, .T. ) ;
#2133 = CARTESIAN_POINT ( 'NONE',  ( -0.08838834764831891844, 0.03125000000000002776, 0.08838834764831796087 ) ) ;
#2134 = ORIENTED_EDGE ( 'NONE', *, *, #2613, .F. ) ;
#2135 = CARTESIAN_POINT ( 'NONE',  ( 0.09185948719544581587, -0.07187500000000000833, -0.03804944542899061505 ) ) ;
#2136 = CARTESIAN_POINT ( 'NONE',  ( -0.08838834764831801638, 0.3750000000000000555, -0.08838834764831891844 ) ) ;
#2137 = CARTESIAN_POINT ( 'NONE',  ( -0.03804944542899191262, 0.1156250000000000194, 0.09185948719544533014 ) ) ;
#2138 = CARTESIAN_POINT ( 'NONE',  ( 0.09185948719544530239, 0.2781250000000000666, 0.03804944542899193344 ) ) ;
#2139 = CARTESIAN_POINT ( 'NONE',  ( 0.03804944542899054566, -0.02812499999999998682, 0.09185948719544588525 ) ) ;
#2140 = EDGE_LOOP ( 'NONE', ( #106, #582, #1510 ) ) ;
#2141 = CARTESIAN_POINT ( 'NONE',  ( 6.184628074832439858E-16, 0.1875000000000000278, -0.09185948719544560770 ) ) ;
#2142 = CARTESIAN_POINT ( 'NONE',  ( 0.06495446631221793443, 0.2187500000000000555, 0.06495446631221887812 ) ) ;
#2143 = CARTESIAN_POINT ( 'NONE',  ( -0.2083333333333330095, 0.08333333333333313442, 0.000000000000000000 ) ) ;
#2144 = ADVANCED_FACE ( 'NONE', ( #1396 ), #559, .F. ) ;
#2145 = CARTESIAN_POINT ( 'NONE',  ( 0.1250000000000000000, 0.2062500000000000167, 6.661338147750940229E-16 ) ) ;
#2146 = CARTESIAN_POINT ( 'NONE',  ( 0.05177669529663619236, 0.3406250000000000111, 0.1250000000000003053 ) ) ;
#2147 = CARTESIAN_POINT ( 'NONE',  ( 0.03804944542899054566, -0.03437499999999999584, 0.09185948719544588525 ) ) ;
#2148 = CARTESIAN_POINT ( 'NONE',  ( 0.05177669529663758707, 0.4156250000000001332, -0.1249999999999997363 ) ) ;
#2149 = CARTESIAN_POINT ( 'NONE',  ( 6.184628074832439858E-16, 0.09375000000000002776, -0.09185948719544560770 ) ) ;
#2150 = CARTESIAN_POINT ( 'NONE',  ( 0.06495446631221886424, 0.1875000000000000555, -0.06495446631221794831 ) ) ;
#2151 = CARTESIAN_POINT ( 'NONE',  ( 0.09185948719544530239, -0.07187500000000000833, 0.03804944542899193344 ) ) ;
#2152 = AXIS2_PLACEMENT_3D ( 'NONE', #2418, #579, #387 ) ;
#2153 = ORIENTED_EDGE ( 'NONE', *, *, #590, .T. ) ;
#2154 = VECTOR ( 'NONE', #591, 39.37007874015748143 ) ;
#2155 = CARTESIAN_POINT ( 'NONE',  ( 0.08838834764831890456, 0.2125000000000000500, -0.08838834764831796087 ) ) ;
#2156 = CARTESIAN_POINT ( 'NONE',  ( 0.05177669529663619929, 0.1968749999999999944, 0.1250000000000003331 ) ) ;
#2157 = CARTESIAN_POINT ( 'NONE',  ( 0.1249999999999996669, 0.3468750000000000999, 0.05177669529663759401 ) ) ;
#2158 = CARTESIAN_POINT ( 'NONE',  ( -0.09185948719544588525, 0.1031250000000000083, 0.03804944542899058035 ) ) ;
#2159 = CARTESIAN_POINT ( 'NONE',  ( -0.1249999999999997780, 0.2781250000000000666, -0.05177669529663754544 ) ) ;
#2160 = CARTESIAN_POINT ( 'NONE',  ( 0.1250000000000000000, -0.05000000000000000971, 0.000000000000000000 ) ) ;
#2161 = CARTESIAN_POINT ( 'NONE',  ( -0.06495446631221890588, 0.2125000000000000500, 0.06495446631221796219 ) ) ;
#2162 = CARTESIAN_POINT ( 'NONE',  ( -0.09185948719544534402, 0.1531250000000000111, -0.03804944542899188487 ) ) ;
#2163 = VERTEX_POINT ( 'NONE', #357 ) ;
#2164 = CARTESIAN_POINT ( 'NONE',  ( -0.05177669529663627562, 0.1718750000000000555, -0.1250000000000002776 ) ) ;
#2165 = CARTESIAN_POINT ( 'NONE',  ( 0.1249999999999999861, 0.2500000000000000555, 6.661338147750940229E-16 ) ) ;
#2166 = CARTESIAN_POINT ( 'NONE',  ( -0.03804944542899062199, 0.1406250000000000278, -0.09185948719544587138 ) ) ;
#2167 = CARTESIAN_POINT ( 'NONE',  ( -0.1250000000000000278, 0.2812500000000000555, -6.508257297857520307E-16 ) ) ;
#2168 = CARTESIAN_POINT ( 'NONE',  ( 0.09185948719544557994, 0.1312500000000000333, 6.600460013358639369E-16 ) ) ;
#2169 = CARTESIAN_POINT ( 'NONE',  ( -0.09185948719544562158, 0.5062499999999999778, -6.487964586393420021E-16 ) ) ;
#2170 = CARTESIAN_POINT ( 'NONE',  ( -0.09185948719544588525, 0.2593749999999999667, 0.03804944542899058035 ) ) ;
#2171 = CARTESIAN_POINT ( 'NONE',  ( 0.03804944542899054566, 0.3656250000000000333, 0.09185948719544588525 ) ) ;
#2172 = EDGE_CURVE ( 'NONE', #2163, #1631, #1815, .T. ) ;
#2173 = CARTESIAN_POINT ( 'NONE',  ( -0.08838834764831800250, -0.08124999999999998890, -0.08838834764831890456 ) ) ;
#2174 = CARTESIAN_POINT ( 'NONE',  ( 0.1250000000000002498, 0.2093750000000000611, -0.05177669529663628950 ) ) ;
#2175 = DIRECTION ( 'NONE',  ( 4.073082549640102053E-18, -1.000000000000000000, -0.000000000000000000 ) ) ;
#2176 = CARTESIAN_POINT ( 'NONE',  ( -0.08838834764831800250, 0.2187500000000000278, -0.08838834764831890456 ) ) ;
#2177 = CARTESIAN_POINT ( 'NONE',  ( -0.03804944542899191262, 0.05937500000000003192, 0.09185948719544533014 ) ) ;
#2178 = CARTESIAN_POINT ( 'NONE',  ( -0.1249999999999997780, 0.3281250000000000555, -0.05177669529663754544 ) ) ;
#2179 = CARTESIAN_POINT ( 'NONE',  ( -6.791301097954400183E-16, 0.06875000000000001943, 0.09185948719544560770 ) ) ;
#2180 = CARTESIAN_POINT ( 'NONE',  ( -0.09185948719544534402, 0.4031250000000000111, -0.03804944542899188487 ) ) ;
#2181 = EDGE_LOOP ( 'NONE', ( #1054, #1499, #1265, #824 ) ) ;
#2182 = CARTESIAN_POINT ( 'NONE',  ( 0.03804944542899054566, 0.1218750000000000111, 0.09185948719544588525 ) ) ;
#2183 = CARTESIAN_POINT ( 'NONE',  ( 6.184628074832439858E-16, 0.3875000000000000111, -0.09185948719544560770 ) ) ;
#2184 = DIRECTION ( 'NONE',  ( -1.000000000000000000, 0.000000000000000000, 0.000000000000000000 ) ) ;
#2185 = CARTESIAN_POINT ( 'NONE',  ( 0.05177669529663619236, -0.05937499999999998335, 0.1250000000000003053 ) ) ;
#2186 = ADVANCED_FACE ( 'NONE', ( #1995 ), #2208, .F. ) ;
#2187 = CARTESIAN_POINT ( 'NONE',  ( 0.08838834764831890456, 0.1625000000000000333, -0.08838834764831796087 ) ) ;
#2188 = CARTESIAN_POINT ( 'NONE',  ( -0.1249999999999997780, 0.5218749999999999778, -0.05177669529663754544 ) ) ;
#2189 = CIRCLE ( 'NONE', #346, 0.2916666666666666297 ) ;
#2190 = CARTESIAN_POINT ( 'NONE',  ( -0.06495446631221890588, 0.1562500000000000278, 0.06495446631221796219 ) ) ;
#2191 = CARTESIAN_POINT ( 'NONE',  ( 1.265312407244638509E-18, -0.05000000000000000971, 0.000000000000000000 ) ) ;
#2192 = CARTESIAN_POINT ( 'NONE',  ( -0.1250000000000000278, 0.03125000000000002776, -6.508257297857520307E-16 ) ) ;
#2193 = CARTESIAN_POINT ( 'NONE',  ( 0.09185948719544581587, 0.4343750000000001776, -0.03804944542899061505 ) ) ;
#2194 = CARTESIAN_POINT ( 'NONE',  ( -0.09185948719544588525, 0.1593750000000000167, 0.03804944542899058035 ) ) ;
#2195 = CARTESIAN_POINT ( 'NONE',  ( -0.06495446631221890588, 0.4562500000000000999, 0.06495446631221796219 ) ) ;
#2196 = FACE_OUTER_BOUND ( 'NONE', #895, .T. ) ;
#2197 = EDGE_CURVE ( 'NONE', #1436, #1698, #2536, .T. ) ;
#2198 = CARTESIAN_POINT ( 'NONE',  ( 0.09939878347819358639, 0.2518683836219119954, -0.06738496704228219558 ) ) ;
#2199 = CARTESIAN_POINT ( 'NONE',  ( 0.1250000000000000000, 0.2062500000000000167, 6.661338147750940229E-16 ) ) ;
#2200 = CARTESIAN_POINT ( 'NONE',  ( -0.1250000000000002776, 0.3781250000000001554, 0.05177669529663624093 ) ) ;
#2201 = CARTESIAN_POINT ( 'NONE',  ( 0.03804944542899192650, 0.08437500000000004718, -0.09185948719544533014 ) ) ;
#2202 = DIRECTION ( 'NONE',  ( 1.000000000000000000, 0.000000000000000000, 0.000000000000000000 ) ) ;
#2203 = DIRECTION ( 'NONE',  ( -1.224646799147352468E-16, 1.000000000000000000, -0.000000000000000000 ) ) ;
#2204 = CARTESIAN_POINT ( 'NONE',  ( -0.09185948719544588525, 0.3593750000000001110, 0.03804944542899058035 ) ) ;
#2205 = VERTEX_POINT ( 'NONE', #2434 ) ;
#2206 = CARTESIAN_POINT ( 'NONE',  ( -0.03804944542899062199, 0.1968750000000000222, -0.09185948719544587138 ) ) ;
#2207 = CARTESIAN_POINT ( 'NONE',  ( 0.08838834764831796087, -0.04999999999999998196, 0.08838834764831893231 ) ) ;
#2208 = CYLINDRICAL_SURFACE ( 'NONE', #1068, 0.1250000000000000000 ) ;
#2209 = APPLICATION_CONTEXT ( 'configuration controlled 3d designs of mechanical parts and assemblies' ) ;
#2210 = CARTESIAN_POINT ( 'NONE',  ( 0.03960670529875785079, 0.2537985792454826584, -0.1077466231704457822 ) ) ;
#2211 = CARTESIAN_POINT ( 'NONE',  ( 0.06495446631221886424, -0.01874999999999998890, -0.06495446631221794831 ) ) ;
#2212 = CARTESIAN_POINT ( 'NONE',  ( 0.1250000000000002220, 0.4031250000000000666, -0.05177669529663627562 ) ) ;
#2213 = CARTESIAN_POINT ( 'NONE',  ( -0.09185948719544588525, 0.2531249999999999889, 0.03804944542899058035 ) ) ;
#2214 = EDGE_CURVE ( 'NONE', #1812, #270, #1263, .T. ) ;
#2215 = CARTESIAN_POINT ( 'NONE',  ( -0.1250000000000000278, 0.08125000000000004441, -6.508257297857520307E-16 ) ) ;
#2216 = CARTESIAN_POINT ( 'NONE',  ( -0.06495446631221798994, 0.1500000000000000500, -0.06495446631221887812 ) ) ;
#2217 = CARTESIAN_POINT ( 'NONE',  ( 0.06495446631221886424, 0.3875000000000000111, -0.06495446631221794831 ) ) ;
#2218 = EDGE_LOOP ( 'NONE', ( #500, #256 ) ) ;
#2219 = CARTESIAN_POINT ( 'NONE',  ( -0.03804944542899062199, 0.3968750000000001443, -0.09185948719544587138 ) ) ;
#2220 = CARTESIAN_POINT ( 'NONE',  ( 0.1250000000000002220, -0.04062499999999997363, -0.05177669529663629644 ) ) ;
#2221 = CARTESIAN_POINT ( 'NONE',  ( 2.048885995248196921E-16, -1.365923996832131609E-16, 0.000000000000000000 ) ) ;
#2222 = CARTESIAN_POINT ( 'NONE',  ( 0.09714403815172775736, 0.03413109111148662778, 0.02806070229830647314 ) ) ;
#2223 = CARTESIAN_POINT ( 'NONE',  ( -0.08717951727337468204, 0.02305808485820078080, 0.07056885928367802319 ) ) ;
#2224 = APPROVAL_PERSON_ORGANIZATION ( #1447, #422, #36 ) ;
#2225 = CARTESIAN_POINT ( 'NONE',  ( 0.09185948719544557994, 0.07500000000000002498, 6.600460013358639369E-16 ) ) ;
#2226 = CARTESIAN_POINT ( 'NONE',  ( -0.1250000000000000278, 0.4750000000000001443, -6.508257297857520307E-16 ) ) ;
#2227 = CARTESIAN_POINT ( 'NONE',  ( -6.791301097954400183E-16, 0.2625000000000000111, 0.09185948719544560770 ) ) ;
#2228 = CARTESIAN_POINT ( 'NONE',  ( 0.007300648368667294469, 0.04314051280455452608, -0.09156891350893768544 ) ) ;
#2229 = CARTESIAN_POINT ( 'NONE',  ( 0.03804944542899054566, 0.2218750000000000167, 0.09185948719544589913 ) ) ;
#2230 = EDGE_CURVE ( 'NONE', #1050, #714, #1805, .T. ) ;
#2231 = CARTESIAN_POINT ( 'NONE',  ( 6.184628074832439858E-16, 0.1125000000000000305, -0.1250000000000000278 ) ) ;
#2232 = CARTESIAN_POINT ( 'NONE',  ( 0.1249999999999996669, -0.05312499999999997780, 0.05177669529663759401 ) ) ;
#2233 = CARTESIAN_POINT ( 'NONE',  ( 0.03804944542899054566, 0.4218750000000000555, 0.09185948719544588525 ) ) ;
#2234 = CARTESIAN_POINT ( 'NONE',  ( 0.08838834764831796087, 0.05000000000000003053, 0.08838834764831893231 ) ) ;
#2235 = AXIS2_PLACEMENT_3D ( 'NONE', #2191, #2394, #402 ) ;
#2236 = EDGE_CURVE ( 'NONE', #52, #264, #2082, .T. ) ;
#2237 = ORIENTED_EDGE ( 'NONE', *, *, #949, .T. ) ;
#2238 = CARTESIAN_POINT ( 'NONE',  ( 0.03804944542899192650, 0.4843750000000000555, -0.09185948719544533014 ) ) ;
#2239 = CARTESIAN_POINT ( 'NONE',  ( 1.020927454266231746E-18, 0.01000000000000013378, 0.000000000000000000 ) ) ;
#2240 = CARTESIAN_POINT ( 'NONE',  ( -0.09185948719544534402, 0.09687500000000000278, -0.03804944542899188487 ) ) ;
#2241 = CARTESIAN_POINT ( 'NONE',  ( -6.831886520882599770E-16, 0.4875000000000000444, 0.1250000000000000000 ) ) ;
#2242 = CARTESIAN_POINT ( 'NONE',  ( -6.791301097954400183E-16, 0.4125000000000000333, 0.09185948719544560770 ) ) ;
#2243 = CARTESIAN_POINT ( 'NONE',  ( -0.1250000000000000278, 0.4812500000000000111, -6.508257297857520307E-16 ) ) ;
#2244 = CARTESIAN_POINT ( 'NONE',  ( 0.03804944542899192650, 0.2406250000000000333, -0.09185948719544533014 ) ) ;
#2245 = FACE_OUTER_BOUND ( 'NONE', #685, .T. ) ;
#2246 = LINE ( 'NONE', #550, #104 ) ;
#2247 = ORIENTED_EDGE ( 'NONE', *, *, #1332, .F. ) ;
#2248 = CARTESIAN_POINT ( 'NONE',  ( 0.03804944542899192650, 0.3906250000000000555, -0.09185948719544533014 ) ) ;
#2249 = CARTESIAN_POINT ( 'NONE',  ( 0.05177669529663758707, 0.01562500000000003816, -0.1249999999999997363 ) ) ;
#2250 = DIRECTION ( 'NONE',  ( 4.939539904345632987E-16, -1.000000000000000000, 0.000000000000000000 ) ) ;
#2251 = EDGE_CURVE ( 'NONE', #252, #1217, #2122, .T. ) ;
#2252 = ORIENTED_EDGE ( 'NONE', *, *, #8, .F. ) ;
#2253 = FACE_OUTER_BOUND ( 'NONE', #58, .T. ) ;
#2254 = CARTESIAN_POINT ( 'NONE',  ( 0.05942530481223243233, 0.03065600082188127060, 0.08605466086729209041 ) ) ;
#2255 = CARTESIAN_POINT ( 'NONE',  ( 0.06495446631221793443, -0.08124999999999998890, 0.06495446631221887812 ) ) ;
#2256 = CARTESIAN_POINT ( 'NONE',  ( 0.09185948719544530239, 0.02812500000000002498, 0.03804944542899193344 ) ) ;
#2257 = CARTESIAN_POINT ( 'NONE',  ( -0.03804944542899062199, 0.3906250000000000000, -0.09185948719544587138 ) ) ;
#2258 = DIRECTION ( 'NONE',  ( 4.073082549640102053E-18, -1.000000000000000000, -0.000000000000000000 ) ) ;
#2259 = DATE_AND_TIME ( #620, #1409 ) ;
#2260 = CARTESIAN_POINT ( 'NONE',  ( -0.1250000000000000278, 0.2312500000000000389, -6.508257297857520307E-16 ) ) ;
#2261 = CARTESIAN_POINT ( 'NONE',  ( -0.1249999999999997780, 0.02187500000000002290, -0.05177669529663754544 ) ) ;
#2262 = ORIENTED_EDGE ( 'NONE', *, *, #1908, .F. ) ;
#2263 = CARTESIAN_POINT ( 'NONE',  ( 0.03804944542899054566, 0.3718750000000000666, 0.09185948719544588525 ) ) ;
#2264 = CARTESIAN_POINT ( 'NONE',  ( -6.831886520882599770E-16, -0.006249999999999967387, 0.1250000000000000278 ) ) ;
#2265 = CARTESIAN_POINT ( 'NONE',  ( -6.831886520882599770E-16, 0.2437500000000000222, 0.1250000000000000278 ) ) ;
#2266 = EDGE_CURVE ( 'NONE', #571, #656, #1645, .T. ) ;
#2267 = ORIENTED_EDGE ( 'NONE', *, *, #2230, .F. ) ;
#2268 = FACE_OUTER_BOUND ( 'NONE', #1668, .T. ) ;
#2269 = CARTESIAN_POINT ( 'NONE',  ( 0.09185948719544557994, -0.07499999999999999722, 6.600460013358639369E-16 ) ) ;
#2270 = CARTESIAN_POINT ( 'NONE',  ( -0.06495446631221798994, -0.04999999999999998890, -0.06495446631221887812 ) ) ;
#2271 = CARTESIAN_POINT ( 'NONE',  ( -6.791301097954400183E-16, 0.3625000000000000444, 0.09185948719544560770 ) ) ;
#2272 = DIRECTION ( 'NONE',  ( -1.224646799147352468E-16, 1.000000000000000000, -0.000000000000000000 ) ) ;
#2273 = APPROVAL_STATUS ( 'not_yet_approved' ) ;
#2274 = CARTESIAN_POINT ( 'NONE',  ( 2.048885995248196921E-16, -1.365923996832131609E-16, 0.000000000000000000 ) ) ;
#2275 = VECTOR ( 'NONE', #272, 39.37007874015748143 ) ;
#2276 = CARTESIAN_POINT ( 'NONE',  ( -6.831886520882599770E-16, 0.1375000000000000389, 0.1250000000000000000 ) ) ;
#2277 = ORIENTED_EDGE ( 'NONE', *, *, #2463, .F. ) ;
#2278 = CARTESIAN_POINT ( 'NONE',  ( -0.09185948719544588525, 0.4093750000000000444, 0.03804944542899058035 ) ) ;
#2279 = CARTESIAN_POINT ( 'NONE',  ( 0.05177669529663619236, 0.2468750000000000666, 0.1250000000000003331 ) ) ;
#2280 = DIRECTION ( 'NONE',  ( -1.224646799147352468E-16, 1.000000000000000000, -0.000000000000000000 ) ) ;
#2281 = CIRCLE ( 'NONE', #1457, 0.2083333333333332871 ) ;
#2282 = AXIS2_PLACEMENT_3D ( 'NONE', #728, #1544, #119 ) ;
#2283 = ORIENTED_EDGE ( 'NONE', *, *, #1602, .F. ) ;
#2284 = CARTESIAN_POINT ( 'NONE',  ( -0.07723096963417229455, 0.02367389817987794465, 0.08048675694071762143 ) ) ;
#2285 = CARTESIAN_POINT ( 'NONE',  ( -0.09185948719544588525, 0.2031250000000000000, 0.03804944542899058035 ) ) ;
#2286 = B_SPLINE_CURVE_WITH_KNOTS ( 'NONE', 3,
 ( #906, #1315, #706, #250, #459, #504, #110, #1491, #920, #81, #1738, #1288, #262, #1522, #2333, #50, #893, #1535 ),
 .UNSPECIFIED., .F., .F.,
 ( 4, 2, 2, 2, 2, 2, 2, 2, 4 ),
 ( 6.977959210753255939E-18, 0.0006378609453805154841, 0.001275721890761023379, 0.001913582836141531057, 0.002551443781522038084, 0.003189304726902545978, 0.003827165672283053439, 0.004465026617663560467, 0.005102887563044068361 ),
 .UNSPECIFIED. ) ;
#2287 = CARTESIAN_POINT ( 'NONE',  ( 0.06495446631221886424, 0.08750000000000002220, -0.06495446631221794831 ) ) ;
#2288 = CARTESIAN_POINT ( 'NONE',  ( -0.1250000000000000278, 0.1250000000000000278, -6.508257297857520307E-16 ) ) ;
#2289 = COORDINATED_UNIVERSAL_TIME_OFFSET ( 6, 0, .BEHIND. ) ;
#2290 = DIRECTION ( 'NONE',  ( -1.000000000000000000, -4.683167989138738918E-16, 0.000000000000000000 ) ) ;
#2291 = CARTESIAN_POINT ( 'NONE',  ( -6.831886520882599770E-16, 0.03750000000000002637, 0.1250000000000000000 ) ) ;
#2292 = VERTEX_POINT ( 'NONE', #55 ) ;
#2293 = CARTESIAN_POINT ( 'NONE',  ( -0.09185948719544534402, -0.003124999999999983694, -0.03804944542899188487 ) ) ;
#2294 = CARTESIAN_POINT ( 'NONE',  ( 0.08838834764831796087, 0.2500000000000000555, 0.08838834764831893231 ) ) ;
#2295 = CARTESIAN_POINT ( 'NONE',  ( 0.05264671318131423222, 0.04051032256162897388, -0.07868779449526387693 ) ) ;
#2296 = ORIENTED_EDGE ( 'NONE', *, *, #949, .F. ) ;
#2297 = DIRECTION ( 'NONE',  ( -1.224646799147352468E-16, 1.000000000000000000, -0.000000000000000000 ) ) ;
#2298 = CARTESIAN_POINT ( 'NONE',  ( 0.09185948719544581587, 0.2281250000000000777, -0.03804944542899061505 ) ) ;
#2299 = CARTESIAN_POINT ( 'NONE',  ( 0.09185948719544581587, -0.01562499999999998612, -0.03804944542899061505 ) ) ;
#2300 = CARTESIAN_POINT ( 'NONE',  ( 0.05177669529663619929, 0.1406250000000000278, 0.1250000000000003331 ) ) ;
#2301 = PERSON_AND_ORGANIZATION_ROLE ( 'design_owner' ) ;
#2302 = DIRECTION ( 'NONE',  ( -1.224646799147352468E-16, 1.000000000000000000, -0.000000000000000000 ) ) ;
#2303 = ADVANCED_FACE ( 'NONE', ( #1885 ), #691, .F. ) ;
#2304 = CARTESIAN_POINT ( 'NONE',  ( 0.08838834764831889068, 0.1562500000000000278, -0.08838834764831794699 ) ) ;
#2305 = ORIENTED_EDGE ( 'NONE', *, *, #612, .T. ) ;
#2306 = CARTESIAN_POINT ( 'NONE',  ( 0.09185948719544557994, 0.02500000000000002220, 6.600460013358639369E-16 ) ) ;
#2307 = CARTESIAN_POINT ( 'NONE',  ( -0.08838834764831801638, 0.1250000000000000555, -0.08838834764831891844 ) ) ;
#2308 = CARTESIAN_POINT ( 'NONE',  ( 4.338764235260780738E-20, 0.2499999999999999722, 0.000000000000000000 ) ) ;
#2309 = CARTESIAN_POINT ( 'NONE',  ( -0.06495446631221890588, 0.2625000000000000666, 0.06495446631221796219 ) ) ;
#2310 = CARTESIAN_POINT ( 'NONE',  ( -0.03804944542899191262, -0.03437499999999998890, 0.09185948719544533014 ) ) ;
#2311 = ORIENTED_EDGE ( 'NONE', *, *, #2494, .F. ) ;
#2312 = CARTESIAN_POINT ( 'NONE',  ( -0.03804944542899062199, 0.4906250000000000333, -0.09185948719544587138 ) ) ;
#2313 = CARTESIAN_POINT ( 'NONE',  ( 3.422933369255124177E-17, 0.3454962792832756424, 0.000000000000000000 ) ) ;
#2314 = CARTESIAN_POINT ( 'NONE',  ( 0.03804944542899192650, 0.1343750000000000222, -0.09185948719544533014 ) ) ;
#2315 = CARTESIAN_POINT ( 'NONE',  ( 0.09185948719544581587, -0.06562499999999998890, -0.03804944542899061505 ) ) ;
#2316 = CARTESIAN_POINT ( 'NONE',  ( 1.061658279762632713E-18, 1.365923996832131609E-16, 0.000000000000000000 ) ) ;
#2317 = CARTESIAN_POINT ( 'NONE',  ( -0.08838834764831801638, 0.1250000000000000555, -0.08838834764831891844 ) ) ;
#2318 = CARTESIAN_POINT ( 'NONE',  ( -0.08838834764831800250, -0.03124999999999998265, -0.08838834764831890456 ) ) ;
#2319 = ORIENTED_EDGE ( 'NONE', *, *, #997, .T. ) ;
#2320 = CARTESIAN_POINT ( 'NONE',  ( -0.09185948719544562158, 0.5062499999999999778, -6.487964586393420021E-16 ) ) ;
#2321 = CARTESIAN_POINT ( 'NONE',  ( -0.05177669529663627562, 0.1718750000000000555, -0.1250000000000002776 ) ) ;
#2322 = CARTESIAN_POINT ( 'NONE',  ( -0.1250000000000000000, -0.05000000000000000971, 1.530808498934191509E-17 ) ) ;
#2323 = CIRCLE ( 'NONE', #1025, 0.9390624999999942490 ) ;
#2324 = CARTESIAN_POINT ( 'NONE',  ( 0.09185948719544557994, 0.2312500000000000389, 6.600460013358639369E-16 ) ) ;
#2325 = CARTESIAN_POINT ( 'NONE',  ( 0.06495446631221886424, -0.06249999999999999306, -0.06495446631221794831 ) ) ;
#2326 = AXIS2_PLACEMENT_3D ( 'NONE', #333, #1770, #747 ) ;
#2327 = EDGE_LOOP ( 'NONE', ( #908, #2459, #97, #2311 ) ) ;
#2328 = CARTESIAN_POINT ( 'NONE',  ( -0.09185948719544534402, 0.3968749999999999778, -0.03804944542899188487 ) ) ;
#2329 = DIRECTION ( 'NONE',  ( -1.000000000000000000, -6.556435184794232710E-16, 0.000000000000000000 ) ) ;
#2330 = CARTESIAN_POINT ( 'NONE',  ( 6.184628074832439858E-16, 0.1375000000000000389, -0.09185948719544560770 ) ) ;
#2331 = CARTESIAN_POINT ( 'NONE',  ( 0.09185948719544530239, 0.1281250000000000444, 0.03804944542899193344 ) ) ;
#2332 = CARTESIAN_POINT ( 'NONE',  ( 1.265312407244638509E-18, -0.05000000000000000971, 0.000000000000000000 ) ) ;
#2333 = CARTESIAN_POINT ( 'NONE',  ( -0.03519277149994069764, 0.03680467188470561840, -0.09202677175228779483 ) ) ;
#2334 = CARTESIAN_POINT ( 'NONE',  ( 0.1250000000000002220, 0.05312500000000002637, -0.05177669529663627562 ) ) ;
#2335 = VERTEX_POINT ( 'NONE', #1859 ) ;
#2336 = CARTESIAN_POINT ( 'NONE',  ( -0.03804944542899062199, -0.05937499999999999029, -0.09185948719544587138 ) ) ;
#2337 = CARTESIAN_POINT ( 'NONE',  ( -0.05177669529663757320, 0.2906250000000000777, 0.1249999999999997780 ) ) ;
#2338 = CARTESIAN_POINT ( 'NONE',  ( -0.09185948719544562158, 0.1062500000000000250, -6.487964586393420021E-16 ) ) ;
#2339 = CARTESIAN_POINT ( 'NONE',  ( -0.09185948719544534402, 0.3031250000000000333, -0.03804944542899188487 ) ) ;
#2340 = CARTESIAN_POINT ( 'NONE',  ( 0.06495446631221793443, 0.07500000000000002498, 0.06495446631221887812 ) ) ;
#2341 = DIMENSIONAL_EXPONENTS ( 1.000000000000000000, 0.000000000000000000, 0.000000000000000000, 0.000000000000000000, 0.000000000000000000, 0.000000000000000000, 0.000000000000000000 ) ;
#2342 = VERTEX_POINT ( 'NONE', #1250 ) ;
#2343 = EDGE_CURVE ( 'NONE', #1237, #1050, #1614, .T. ) ;
#2344 = CARTESIAN_POINT ( 'NONE',  ( 0.1250000000000000000, -0.05000000000000000971, 0.000000000000000000 ) ) ;
#2345 = CARTESIAN_POINT ( 'NONE',  ( -0.09185948719544534402, 0.1968750000000000222, -0.03804944542899188487 ) ) ;
#2346 = FACE_OUTER_BOUND ( 'NONE', #1949, .T. ) ;
#2347 = CARTESIAN_POINT ( 'NONE',  ( -0.05177669529663757320, 0.1843750000000000389, 0.1249999999999997780 ) ) ;
#2348 = CARTESIAN_POINT ( 'NONE',  ( -0.05177669529663755932, 0.3343750000000000333, 0.1249999999999997502 ) ) ;
#2349 = VERTEX_POINT ( 'NONE', #481 ) ;
#2350 = CARTESIAN_POINT ( 'NONE',  ( -6.791301097954400183E-16, -0.08749999999999999445, 0.09185948719544560770 ) ) ;
#2351 = CARTESIAN_POINT ( 'NONE',  ( -0.05177669529663627562, 0.3718750000000000666, -0.1250000000000002776 ) ) ;
#2352 = CARTESIAN_POINT ( 'NONE',  ( -6.831886520882599770E-16, 0.03750000000000002637, 0.1250000000000000278 ) ) ;
#2353 = CARTESIAN_POINT ( 'NONE',  ( 0.09185948719544581587, 0.1343750000000000222, -0.03804944542899061505 ) ) ;
#2354 = UNCERTAINTY_MEASURE_WITH_UNIT (LENGTH_MEASURE( 1.000000000000000082E-05 ), #458, 'distance_accuracy_value', 'NONE');
#2355 = EDGE_LOOP ( 'NONE', ( #854, #1338, #1, #1654 ) ) ;
#2356 = CYLINDRICAL_SURFACE ( 'NONE', #307, 0.2916666666666666297 ) ;
#2357 = CARTESIAN_POINT ( 'NONE',  ( -0.06495446631221890588, 0.3062500000000000222, 0.06495446631221796219 ) ) ;
#2358 = CARTESIAN_POINT ( 'NONE',  ( -0.02883395236429564870, 0.2620621602091758873, 0.08742221580715289764 ) ) ;
#2359 = DIRECTION ( 'NONE',  ( 4.073082549640102053E-18, -1.000000000000000000, -0.000000000000000000 ) ) ;
#2360 = CARTESIAN_POINT ( 'NONE',  ( -0.05177669529663755932, 0.2843750000000000999, 0.1249999999999997502 ) ) ;
#2361 = CARTESIAN_POINT ( 'NONE',  ( 0.06495446631221793443, 0.06875000000000001943, 0.06495446631221887812 ) ) ;
#2362 = CARTESIAN_POINT ( 'NONE',  ( -0.05177669529663627562, 0.3218750000000000222, -0.1250000000000002776 ) ) ;
#2363 = CARTESIAN_POINT ( 'NONE',  ( -0.03804944542899061505, 0.04687500000000001388, -0.09185948719544587138 ) ) ;
#2364 = CARTESIAN_POINT ( 'NONE',  ( 0.09185948719544530239, 0.1781250000000000333, 0.03804944542899193344 ) ) ;
#2365 = CARTESIAN_POINT ( 'NONE',  ( -6.791301097954400183E-16, 0.2187500000000000278, 0.09185948719544560770 ) ) ;
#2366 = AXIS2_PLACEMENT_3D ( 'NONE', #1220, #1024, #2412 ) ;
#2367 = ORIENTED_EDGE ( 'NONE', *, *, #1695, .T. ) ;
#2368 = CIRCLE ( 'NONE', #815, 0.3749999999999990563 ) ;
#2369 = CARTESIAN_POINT ( 'NONE',  ( -0.1250000000000000278, 0.2312500000000000389, -6.508257297857520307E-16 ) ) ;
#2370 = CARTESIAN_POINT ( 'NONE',  ( 0.08838834764831796087, 0.2000000000000000389, 0.08838834764831893231 ) ) ;
#2371 = CARTESIAN_POINT ( 'NONE',  ( -0.1250000000000002776, 0.2281250000000000777, 0.05177669529663624093 ) ) ;
#2372 = CARTESIAN_POINT ( 'NONE',  ( 0.09185948719544557994, 0.07500000000000002498, 6.600460013358639369E-16 ) ) ;
#2373 = CARTESIAN_POINT ( 'NONE',  ( 0.1250000000000002220, 0.4593750000000000888, -0.05177669529663629644 ) ) ;
#2374 = CARTESIAN_POINT ( 'NONE',  ( 0.05177669529663619929, 0.04062500000000002914, 0.1250000000000003331 ) ) ;
#2375 = CARTESIAN_POINT ( 'NONE',  ( 0.03804944542899192650, 0.4406249999999999889, -0.09185948719544533014 ) ) ;
#2376 = CARTESIAN_POINT ( 'NONE',  ( -0.09185948719544562158, 0.1562500000000000278, -6.487964586393420021E-16 ) ) ;
#2377 = CARTESIAN_POINT ( 'NONE',  ( 6.184628074832439858E-16, -0.1312499999999999778, -0.1250000000000000278 ) ) ;
#2378 = CARTESIAN_POINT ( 'NONE',  ( -0.1249999999999997780, 0.2218750000000000444, -0.05177669529663754544 ) ) ;
#2379 = CARTESIAN_POINT ( 'NONE',  ( 0.1250000000000000000, 0.1500000000000000500, 6.661338147750940229E-16 ) ) ;
#2380 = CARTESIAN_POINT ( 'NONE',  ( 0.08838834764831796087, 0.2500000000000000555, 0.08838834764831893231 ) ) ;
#2381 = CARTESIAN_POINT ( 'NONE',  ( 0.1249999999999996669, 0.1968750000000000222, 0.05177669529663759401 ) ) ;
#2382 = CARTESIAN_POINT ( 'NONE',  ( -0.06495446631221798994, 0.2437500000000000500, -0.06495446631221887812 ) ) ;
#2383 = CARTESIAN_POINT ( 'NONE',  ( 0.1249999999999996947, 0.3031250000000000333, 0.05177669529663759401 ) ) ;
#2384 = CARTESIAN_POINT ( 'NONE',  ( -0.1250000000000003053, 0.02812500000000002498, 0.05177669529663624787 ) ) ;
#2385 = EDGE_CURVE ( 'NONE', #405, #870, #1448, .T. ) ;
#2386 = CARTESIAN_POINT ( 'NONE',  ( -0.03804944542899191262, 0.5156250000000001110, 0.09185948719544533014 ) ) ;
#2387 = ORIENTED_EDGE ( 'NONE', *, *, #409, .F. ) ;
#2388 = CARTESIAN_POINT ( 'NONE',  ( -0.03804944542899191262, 0.2656250000000001110, 0.09185948719544533014 ) ) ;
#2389 = CARTESIAN_POINT ( 'NONE',  ( -0.06495446631221890588, 0.3562500000000000666, 0.06495446631221796219 ) ) ;
#2390 = CARTESIAN_POINT ( 'NONE',  ( -6.831886520882599770E-16, -0.06249999999999997918, 0.1250000000000000000 ) ) ;
#2391 = CARTESIAN_POINT ( 'NONE',  ( 4.338764235260780738E-20, 0.2499999999999999722, 0.000000000000000000 ) ) ;
#2392 = CARTESIAN_POINT ( 'NONE',  ( -0.08838834764831800250, 0.2687500000000000444, -0.08838834764831890456 ) ) ;
#2393 = CARTESIAN_POINT ( 'NONE',  ( -0.03804944542899191262, 0.2093750000000000611, 0.09185948719544533014 ) ) ;
#2394 = DIRECTION ( 'NONE',  ( 4.073082549640102053E-18, -1.000000000000000000, -0.000000000000000000 ) ) ;
#2395 = CARTESIAN_POINT ( 'NONE',  ( -6.791301097954400183E-16, 0.3687500000000000777, 0.09185948719544560770 ) ) ;
#2396 = CARTESIAN_POINT ( 'NONE',  ( 0.03804944542899054566, 0.2218750000000000167, 0.09185948719544588525 ) ) ;
#2397 = CARTESIAN_POINT ( 'NONE',  ( -0.09185948719544588525, 0.4531250000000002220, 0.03804944542899058035 ) ) ;
#2398 = CARTESIAN_POINT ( 'NONE',  ( 0.2916666666666665741, 0.3454962792832759200, 3.571886497513112186E-17 ) ) ;
#2399 = CARTESIAN_POINT ( 'NONE',  ( 0.08838834764831794699, -0.05624999999999998057, 0.08838834764831891844 ) ) ;
#2400 = VECTOR ( 'NONE', #1481, 39.37007874015748143 ) ;
#2401 = CARTESIAN_POINT ( 'NONE',  ( -0.08967759041950040810, 0.2581860672121421563, -0.05019646659632913399 ) ) ;
#2402 = CARTESIAN_POINT ( 'NONE',  ( 0.1249999999999996947, 0.2031250000000000278, 0.05177669529663760789 ) ) ;
#2403 = CARTESIAN_POINT ( 'NONE',  ( 0.05177669529663758013, 0.3593750000000001110, -0.1249999999999996947 ) ) ;
#2404 = AXIS2_PLACEMENT_3D ( 'NONE', #1880, #475, #1941 ) ;
#2405 = CARTESIAN_POINT ( 'NONE',  ( 0.06495446631221886424, 0.2312500000000000666, -0.06495446631221794831 ) ) ;
#2406 = CARTESIAN_POINT ( 'NONE',  ( -0.1250000000000003053, 0.4843750000000000555, 0.05177669529663625481 ) ) ;
#2407 = CARTESIAN_POINT ( 'NONE',  ( -0.06495446631221798994, 0.2500000000000000555, -0.06495446631221887812 ) ) ;
#2408 = CARTESIAN_POINT ( 'NONE',  ( -0.03804944542899062199, 0.4468750000000000777, -0.09185948719544587138 ) ) ;
#2409 = ORIENTED_EDGE ( 'NONE', *, *, #803, .T. ) ;
#2410 = CARTESIAN_POINT ( 'NONE',  ( 0.09185948719544581587, 0.1343750000000000222, -0.03804944542899061505 ) ) ;
#2411 = CARTESIAN_POINT ( 'NONE',  ( 0.1250000000000002220, 0.009375000000000037817, -0.05177669529663629644 ) ) ;
#2412 = DIRECTION ( 'NONE',  ( -1.000000000000000000, 0.000000000000000000, 0.000000000000000000 ) ) ;
#2413 = EDGE_CURVE ( 'NONE', #1082, #1097, #1010, .T. ) ;
#2414 = CARTESIAN_POINT ( 'NONE',  ( 0.1174182691591777739, 0.2509101188060637311, -0.03567852681649205659 ) ) ;
#2415 = CARTESIAN_POINT ( 'NONE',  ( 6.633503495381494587E-17, 0.08333333333333324544, 0.000000000000000000 ) ) ;
#2416 = CARTESIAN_POINT ( 'NONE',  ( -0.05177669529663755932, 0.5343750000000001554, 0.1249999999999997502 ) ) ;
#2417 = CARTESIAN_POINT ( 'NONE',  ( -0.09185948719544588525, 0.4031250000000000666, 0.03804944542899058035 ) ) ;
#2418 = CARTESIAN_POINT ( 'NONE',  ( 1.061658279762632713E-18, 1.365923996832131609E-16, 0.000000000000000000 ) ) ;
#2419 = CARTESIAN_POINT ( 'NONE',  ( 0.09185948719544557994, 0.2312500000000000389, 6.600460013358639369E-16 ) ) ;
#2420 = CARTESIAN_POINT ( 'NONE',  ( 0.06495446631221886424, 0.4375000000000000555, -0.06495446631221794831 ) ) ;
#2421 = CARTESIAN_POINT ( 'NONE',  ( 0.09185948719544557994, 0.3312500000000000444, 6.600460013358639369E-16 ) ) ;
#2422 = CARTESIAN_POINT ( 'NONE',  ( -0.05177669529663757320, -0.009374999999999968428, 0.1249999999999997780 ) ) ;
#2423 = DIRECTION ( 'NONE',  ( 1.000000000000000000, 0.000000000000000000, 0.000000000000000000 ) ) ;
#2424 = CARTESIAN_POINT ( 'NONE',  ( 0.09940098235623011369, 0.03485165613874720986, 0.01410552609112709389 ) ) ;
#2425 = EDGE_CURVE ( 'NONE', #2070, #2292, #1733, .T. ) ;
#2426 = CARTESIAN_POINT ( 'NONE',  ( -0.06495446631221890588, -0.09374999999999998612, 0.06495446631221796219 ) ) ;
#2427 = CARTESIAN_POINT ( 'NONE',  ( 0.1249999999999996669, 0.4468750000000000222, 0.05177669529663759401 ) ) ;
#2428 = CARTESIAN_POINT ( 'NONE',  ( -0.06495446631221890588, 0.4062500000000000555, 0.06495446631221796219 ) ) ;
#2429 = CARTESIAN_POINT ( 'NONE',  ( -0.1249999999999997780, 0.4781250000000000777, -0.05177669529663754544 ) ) ;
#2430 = CARTESIAN_POINT ( 'NONE',  ( 0.08838834764831890456, 0.01250000000000003712, -0.08838834764831796087 ) ) ;
#2431 = FACE_OUTER_BOUND ( 'NONE', #410, .T. ) ;
#2432 = CARTESIAN_POINT ( 'NONE',  ( -0.06495446631221890588, 0.4625000000000000777, 0.06495446631221796219 ) ) ;
#2433 = CARTESIAN_POINT ( 'NONE',  ( 6.184628074832439858E-16, 0.06875000000000003331, -0.1250000000000000278 ) ) ;
#2434 = CARTESIAN_POINT ( 'NONE',  ( -0.1349999999999999811, 1.360425335390117555E-16, 1.653273178848926867E-17 ) ) ;
#2435 = CARTESIAN_POINT ( 'NONE',  ( 0.09945350911880281031, 0.03554649088119726102, -7.248547391663127337E-15 ) ) ;
#2436 = CARTESIAN_POINT ( 'NONE',  ( -0.02036476288185606887, 0.02663528467899662494, 0.1073529291014344161 ) ) ;
#2437 = APPROVAL_PERSON_ORGANIZATION ( #2046, #853, #1665 ) ;
#2438 = CARTESIAN_POINT ( 'NONE',  ( 0.03804944542899192650, 0.08437500000000004718, -0.09185948719544533014 ) ) ;
#2439 = CARTESIAN_POINT ( 'NONE',  ( 6.184628074832439858E-16, 0.4125000000000000333, -0.1250000000000000000 ) ) ;
#2440 = CARTESIAN_POINT ( 'NONE',  ( -0.09185948719544534402, 0.4468750000000000222, -0.03804944542899188487 ) ) ;
#2441 = CARTESIAN_POINT ( 'NONE',  ( -6.831886520882599770E-16, 0.4937500000000000222, 0.1250000000000000278 ) ) ;
#2442 = CARTESIAN_POINT ( 'NONE',  ( -0.03804944542899061505, 0.1468750000000000333, -0.09185948719544587138 ) ) ;
#2443 = CYLINDRICAL_SURFACE ( 'NONE', #1972, 0.1250000000000000000 ) ;
#2444 = FACE_OUTER_BOUND ( 'NONE', #2090, .T. ) ;
#2445 = VERTEX_POINT ( 'NONE', #100 ) ;
#2446 = CARTESIAN_POINT ( 'NONE',  ( -0.09185948719544562158, 0.3562500000000000666, -6.487964586393420021E-16 ) ) ;
#2447 = CARTESIAN_POINT ( 'NONE',  ( -0.08838834764831893231, -0.06249999999999997224, 0.08838834764831798863 ) ) ;
#2448 = DIRECTION ( 'NONE',  ( 4.073082549640102053E-18, -1.000000000000000000, -0.000000000000000000 ) ) ;
#2449 = ORIENTED_EDGE ( 'NONE', *, *, #1575, .T. ) ;
#2450 = CARTESIAN_POINT ( 'NONE',  ( -0.03804944542899191262, 0.5093750000000000222, 0.09185948719544533014 ) ) ;
#2451 = CARTESIAN_POINT ( 'NONE',  ( 0.09185948719544530239, 0.07187500000000003608, 0.03804944542899193344 ) ) ;
#2452 = CARTESIAN_POINT ( 'NONE',  ( 0.03804944542899054566, 0.01562500000000002429, 0.09185948719544588525 ) ) ;
#2453 = CARTESIAN_POINT ( 'NONE',  ( 0.05177669529663619236, 0.3906250000000000000, 0.1250000000000003053 ) ) ;
#2454 = CARTESIAN_POINT ( 'NONE',  ( 0.03804944542899054566, 0.3656250000000000333, 0.09185948719544588525 ) ) ;
#2455 = DIRECTION ( 'NONE',  ( -1.000000000000000000, -8.195543980992790888E-17, 0.000000000000000000 ) ) ;
#2456 = PERSON_AND_ORGANIZATION_ROLE ( 'classification_officer' ) ;
#2457 = CARTESIAN_POINT ( 'NONE',  ( 0.1250000000000000000, 0.1000000000000000194, 6.661338147750940229E-16 ) ) ;
#2458 = CARTESIAN_POINT ( 'NONE',  ( 0.1250000000000002498, 0.2031250000000000278, -0.05177669529663628950 ) ) ;
#2459 = ORIENTED_EDGE ( 'NONE', *, *, #1958, .T. ) ;
#2460 = CARTESIAN_POINT ( 'NONE',  ( -0.09185948719544588525, 0.4593750000000000888, 0.03804944542899058035 ) ) ;
#2461 = CARTESIAN_POINT ( 'NONE',  ( -0.05177669529663757320, -0.05937499999999997641, 0.1249999999999997780 ) ) ;
#2462 = CARTESIAN_POINT ( 'NONE',  ( -0.05177669529663757320, 0.2406250000000000333, 0.1249999999999997780 ) ) ;
#2463 = EDGE_CURVE ( 'NONE', #2292, #2567, #1791, .T. ) ;
#2464 = ORIENTED_EDGE ( 'NONE', *, *, #1602, .T. ) ;
#2465 = CARTESIAN_POINT ( 'NONE',  ( -0.2916666666666662966, -2.806623135599607322E-16, 0.000000000000000000 ) ) ;
#2466 = CARTESIAN_POINT ( 'NONE',  ( 0.09185948719544557994, -0.02499999999999999098, 6.600460013358639369E-16 ) ) ;
#2467 = CARTESIAN_POINT ( 'NONE',  ( -0.09185948719544588525, 0.009375000000000018735, 0.03804944542899058035 ) ) ;
#2468 = CARTESIAN_POINT ( 'NONE',  ( 0.03804944542899054566, 0.4156250000000001332, 0.09185948719544588525 ) ) ;
#2469 = CARTESIAN_POINT ( 'NONE',  ( -0.05177669529663757320, 0.1343750000000000222, 0.1249999999999997780 ) ) ;
#2470 = DIRECTION ( 'NONE',  ( 1.000000000000000000, 0.000000000000000000, 0.000000000000000000 ) ) ;
#2471 = CARTESIAN_POINT ( 'NONE',  ( 0.2083333333333333426, 0.08333333333333334259, 0.000000000000000000 ) ) ;
#2472 = CARTESIAN_POINT ( 'NONE',  ( -6.831886520882599770E-16, 0.08750000000000002220, 0.1250000000000000000 ) ) ;
#2473 = ORIENTED_EDGE ( 'NONE', *, *, #409, .T. ) ;
#2474 = CARTESIAN_POINT ( 'NONE',  ( -0.09185948719544534402, 0.3031250000000000333, -0.03804944542899188487 ) ) ;
#2475 = CARTESIAN_POINT ( 'NONE',  ( -6.831886520882599770E-16, 0.2437500000000000222, 0.1250000000000000278 ) ) ;
#2476 = CARTESIAN_POINT ( 'NONE',  ( 0.08891003903580008139, 0.03769707053291861815, -0.03997375038116820350 ) ) ;
#2477 = ORIENTED_EDGE ( 'NONE', *, *, #783, .T. ) ;
#2478 = CARTESIAN_POINT ( 'NONE',  ( 0.03804944542899054566, 0.06562500000000003053, 0.09185948719544589913 ) ) ;
#2479 = CARTESIAN_POINT ( 'NONE',  ( 0.03804944542899192650, 0.03437500000000002359, -0.09185948719544533014 ) ) ;
#2480 = CARTESIAN_POINT ( 'NONE',  ( 0.09185948719544530239, 0.07812500000000002776, 0.03804944542899193344 ) ) ;
#2481 = DIRECTION ( 'NONE',  ( -4.939539904345632987E-16, 1.000000000000000000, -0.000000000000000000 ) ) ;
#2482 = APPROVAL_ROLE ( '' ) ;
#2483 = AXIS2_PLACEMENT_3D ( 'NONE', #457, #48, #860 ) ;
#2484 = PLANE ( 'NONE',  #1503 ) ;
#2485 = AXIS2_PLACEMENT_3D ( 'NONE', #2221, #1192, #2637 ) ;
#2486 = CARTESIAN_POINT ( 'NONE',  ( -0.05177669529663755932, 0.03437500000000002359, 0.1249999999999997502 ) ) ;
#2487 = ORIENTED_EDGE ( 'NONE', *, *, #840, .T. ) ;
#2488 = CARTESIAN_POINT ( 'NONE',  ( -6.791301097954400183E-16, 0.5187500000000000444, 0.09185948719544560770 ) ) ;
#2489 = CARTESIAN_POINT ( 'NONE',  ( -0.1250000000000000278, 0.2312500000000000389, -6.508257297857520307E-16 ) ) ;
#2490 = CARTESIAN_POINT ( 'NONE',  ( 0.01330729605252265781, 0.04281643482684063112, -0.09141511911266815560 ) ) ;
#2491 = CIRCLE ( 'NONE', #2069, 0.2916666666666665186 ) ;
#2492 = ORIENTED_EDGE ( 'NONE', *, *, #612, .F. ) ;
#2493 = CARTESIAN_POINT ( 'NONE',  ( -6.791301097954400183E-16, 0.1125000000000000305, 0.09185948719544560770 ) ) ;
#2494 = EDGE_CURVE ( 'NONE', #477, #849, #134, .T. ) ;
#2495 = CARTESIAN_POINT ( 'NONE',  ( -0.09185948719544562158, 0.1500000000000000500, -6.487964586393420021E-16 ) ) ;
#2496 = CARTESIAN_POINT ( 'NONE',  ( 0.06495446631221793443, -0.07499999999999998335, 0.06495446631221887812 ) ) ;
#2497 = DIRECTION ( 'NONE',  ( -4.939539904345632987E-16, 1.000000000000000000, -0.000000000000000000 ) ) ;
#2498 = APPROVAL_DATE_TIME ( #445, #1887 ) ;
#2499 = CARTESIAN_POINT ( 'NONE',  ( 0.05177669529663619929, 0.1906250000000000444, 0.1250000000000003331 ) ) ;
#2500 = CARTESIAN_POINT ( 'NONE',  ( -0.05177669529663627562, -0.03437499999999998890, -0.1250000000000002776 ) ) ;
#2501 = ORIENTED_EDGE ( 'NONE', *, *, #1908, .T. ) ;
#2502 = CARTESIAN_POINT ( 'NONE',  ( 0.06495446631221793443, -0.03124999999999998959, 0.06495446631221887812 ) ) ;
#2503 = CARTESIAN_POINT ( 'NONE',  ( 0.08838834764831890456, 0.1125000000000000444, -0.08838834764831796087 ) ) ;
#2504 = CARTESIAN_POINT ( 'NONE',  ( -0.1250000000000003053, 0.2343750000000000000, 0.05177669529663624787 ) ) ;
#2505 = CARTESIAN_POINT ( 'NONE',  ( -0.03804944542899062199, 0.2468750000000000666, -0.09185948719544587138 ) ) ;
#2506 = CARTESIAN_POINT ( 'NONE',  ( 6.184628074832439858E-16, 0.04375000000000001110, -0.09185948719544560770 ) ) ;
#2507 = ORIENTED_EDGE ( 'NONE', *, *, #873, .F. ) ;
#2508 = CARTESIAN_POINT ( 'NONE',  ( 0.06495446631221886424, 0.4812500000000000666, -0.06495446631221794831 ) ) ;
#2509 = LINE ( 'NONE', #671, #1581 ) ;
#2510 = CARTESIAN_POINT ( 'NONE',  ( 6.184628074832439858E-16, 0.1875000000000000278, -0.09185948719544560770 ) ) ;
#2511 = CARTESIAN_POINT ( 'NONE',  ( 0.03804944542899192650, -0.009374999999999985775, -0.09185948719544533014 ) ) ;
#2512 = CYLINDRICAL_SURFACE ( 'NONE', #1672, 0.2916666666666665186 ) ;
#2513 = PERSON_AND_ORGANIZATION ( #152, #731 ) ;
#2514 = DIRECTION ( 'NONE',  ( -1.224646799147352468E-16, 1.000000000000000000, -0.000000000000000000 ) ) ;
#2515 = CARTESIAN_POINT ( 'NONE',  ( 0.05177669529663619236, 0.1406250000000000278, 0.1250000000000003053 ) ) ;
#2516 = ORIENTED_EDGE ( 'NONE', *, *, #318, .F. ) ;
#2517 = CARTESIAN_POINT ( 'NONE',  ( 0.03804944542899054566, -0.08437499999999999167, 0.09185948719544588525 ) ) ;
#2518 = ADVANCED_FACE ( 'NONE', ( #1931 ), #724, .F. ) ;
#2519 = CARTESIAN_POINT ( 'NONE',  ( -0.08838834764831893231, 0.08750000000000003608, 0.08838834764831798863 ) ) ;
#2520 = CARTESIAN_POINT ( 'NONE',  ( -0.1250000000000000278, 0.08125000000000004441, -6.508257297857520307E-16 ) ) ;
#2521 = CARTESIAN_POINT ( 'NONE',  ( -0.09185948719544534402, 0.2531250000000000444, -0.03804944542899188487 ) ) ;
#2522 = CARTESIAN_POINT ( 'NONE',  ( -0.03804944542899191262, 0.06562500000000004441, 0.09185948719544533014 ) ) ;
#2523 = ORIENTED_EDGE ( 'NONE', *, *, #1854, .F. ) ;
#2524 = CARTESIAN_POINT ( 'NONE',  ( 0.09185948719544530239, 0.4718749999999999889, 0.03804944542899193344 ) ) ;
#2525 = DIRECTION ( 'NONE',  ( -4.939539904345632987E-16, 1.000000000000000000, -0.000000000000000000 ) ) ;
#2526 = CARTESIAN_POINT ( 'NONE',  ( 0.09185948719544530239, 0.1218750000000000111, 0.03804944542899193344 ) ) ;
#2527 = CARTESIAN_POINT ( 'NONE',  ( 0.03804944542899192650, -0.05937499999999999029, -0.09185948719544533014 ) ) ;
#2528 = DIRECTION ( 'NONE',  ( -1.000000000000000000, -4.917326388595677738E-16, 0.000000000000000000 ) ) ;
#2529 = CC_DESIGN_DATE_AND_TIME_ASSIGNMENT ( #2259, #1867, ( #809 ) ) ;
#2530 = CARTESIAN_POINT ( 'NONE',  ( -0.09361604973569320753, 0.2605105985630303267, 0.02254881773471199141 ) ) ;
#2531 = CARTESIAN_POINT ( 'NONE',  ( -0.08838834764831800250, 0.01875000000000002359, -0.08838834764831890456 ) ) ;
#2532 = ORIENTED_EDGE ( 'NONE', *, *, #677, .F. ) ;
#2533 = CARTESIAN_POINT ( 'NONE',  ( -0.06495446631221798994, -0.006249999999999984734, -0.06495446631221887812 ) ) ;
#2534 = CARTESIAN_POINT ( 'NONE',  ( -0.1250000000000003053, 0.1343750000000000222, 0.05177669529663625481 ) ) ;
#2535 = CARTESIAN_POINT ( 'NONE',  ( -0.03804944542899061505, 0.09687500000000000278, -0.09185948719544587138 ) ) ;
#2536 = CIRCLE ( 'NONE', #2485, 0.2916666666666664631 ) ;
#2537 = EDGE_CURVE ( 'NONE', #1082, #652, #2077, .T. ) ;
#2538 = CARTESIAN_POINT ( 'NONE',  ( 0.06495446631221793443, 0.2250000000000000611, 0.06495446631221887812 ) ) ;
#2539 = CARTESIAN_POINT ( 'NONE',  ( -0.09185948719544534402, -0.09687499999999998890, -0.03804944542899188487 ) ) ;
#2540 = AXIS2_PLACEMENT_3D ( 'NONE', #2643, #1797, #2202 ) ;
#2541 = ORIENTED_EDGE ( 'NONE', *, *, #2266, .T. ) ;
#2542 =( BOUNDED_CURVE ( )  B_SPLINE_CURVE ( 2, ( #1059, #1103, #1328, #1303, #289, #2560, #2317, #1074, #720 ),
 .UNSPECIFIED., .F., .T. ) 
 B_SPLINE_CURVE_WITH_KNOTS ( ( 3, 2, 2, 2, 3 ),
 ( 0.3653846153846153633, 0.3750000000000000000, 0.3846153846153846367, 0.3942307692307692180, 0.4038461538461538547 ),
 .UNSPECIFIED. ) 
 CURVE ( )  GEOMETRIC_REPRESENTATION_ITEM ( )  RATIONAL_B_SPLINE_CURVE ( ( 1.000000000000000000, 0.9238795325112867385, 1.000000000000000000, 0.9238795325112867385, 1.000000000000000000, 0.9238795325112867385, 1.000000000000000000, 0.9238795325112867385, 1.000000000000000000 ) ) 
 REPRESENTATION_ITEM ( '' )  );
#2543 = CARTESIAN_POINT ( 'NONE',  ( -0.09185948719544534402, 0.3468750000000000999, -0.03804944542899188487 ) ) ;
#2544 = CARTESIAN_POINT ( 'NONE',  ( -0.2916666666666665741, -3.571886497513110337E-17, 0.000000000000000000 ) ) ;
#2545 = CARTESIAN_POINT ( 'NONE',  ( -0.09185948719544588525, 0.1531250000000000111, 0.03804944542899058035 ) ) ;
#2546 = CARTESIAN_POINT ( 'NONE',  ( -0.06857288984200690662, 0.2620621602091757762, 0.06112220681983122905 ) ) ;
#2547 = CARTESIAN_POINT ( 'NONE',  ( -0.09811084927219719531, 0.2597868504896176933, -4.920242722571245380E-14 ) ) ;
#2548 = CARTESIAN_POINT ( 'NONE',  ( -0.1249999999999997780, 0.3218750000000000777, -0.05177669529663754544 ) ) ;
#2549 = VERTEX_POINT ( 'NONE', #2596 ) ;
#2550 = CARTESIAN_POINT ( 'NONE',  ( 0.03804944542899192650, 0.4906250000000000333, -0.09185948719544533014 ) ) ;
#2551 = CARTESIAN_POINT ( 'NONE',  ( -0.05177669529663757320, 0.3906250000000000000, 0.1249999999999997780 ) ) ;
#2552 = CARTESIAN_POINT ( 'NONE',  ( 0.06495446631221886424, 0.1375000000000000389, -0.06495446631221794831 ) ) ;
#2553 = CARTESIAN_POINT ( 'NONE',  ( -0.06495446631221890588, 0.3125000000000000000, 0.06495446631221796219 ) ) ;
#2554 = CARTESIAN_POINT ( 'NONE',  ( -0.03804944542899062199, 0.04687500000000001388, -0.09185948719544587138 ) ) ;
#2555 = EDGE_CURVE ( 'NONE', #2549, #727, #2323, .T. ) ;
#2556 = CARTESIAN_POINT ( 'NONE',  ( 0.06495446631221793443, 0.3187499999999999778, 0.06495446631221887812 ) ) ;
#2557 = CARTESIAN_POINT ( 'NONE',  ( -0.03804944542899061505, 0.1906250000000000444, -0.09185948719544587138 ) ) ;
#2558 = CARTESIAN_POINT ( 'NONE',  ( -6.791301097954400183E-16, 0.3125000000000000000, 0.09185948719544560770 ) ) ;
#2559 = CARTESIAN_POINT ( 'NONE',  ( 0.05177669529663619929, 0.04687500000000004857, 0.1250000000000003331 ) ) ;
#2560 = CARTESIAN_POINT ( 'NONE',  ( -0.05177669529663627562, 0.1218750000000000250, -0.1250000000000002776 ) ) ;
#2561 = CARTESIAN_POINT ( 'NONE',  ( -0.08838834764831800250, 0.1687500000000000389, -0.08838834764831890456 ) ) ;
#2562 = CARTESIAN_POINT ( 'NONE',  ( 0.03804944542899054566, 0.1656250000000000222, 0.09185948719544588525 ) ) ;
#2563 = CARTESIAN_POINT ( 'NONE',  ( -6.831886520882599770E-16, 0.4437500000000000888, 0.1250000000000000278 ) ) ;
#2564 = CARTESIAN_POINT ( 'NONE',  ( 0.08838834764831796087, 0.04375000000000003192, 0.08838834764831893231 ) ) ;
#2565 = CARTESIAN_POINT ( 'NONE',  ( 0.06495446631221793443, 0.1750000000000000444, 0.06495446631221887812 ) ) ;
#2566 = CARTESIAN_POINT ( 'NONE',  ( -6.791301097954400183E-16, -0.03124999999999998959, 0.09185948719544560770 ) ) ;
#2567 = VERTEX_POINT ( 'NONE', #977 ) ;
#2568 = EDGE_CURVE ( 'NONE', #439, #2549, #374, .T. ) ;
#2569 = CARTESIAN_POINT ( 'NONE',  ( 0.08838834764831796087, 0.05000000000000003053, 0.08838834764831893231 ) ) ;
#2570 = FACE_OUTER_BOUND ( 'NONE', #1458, .T. ) ;
#2571 = CARTESIAN_POINT ( 'NONE',  ( -0.1249999999999997780, 0.1718750000000000278, -0.05177669529663754544 ) ) ;
#2572 = CARTESIAN_POINT ( 'NONE',  ( 6.184628074832439858E-16, 0.2375000000000000167, -0.09185948719544560770 ) ) ;
#2573 = CARTESIAN_POINT ( 'NONE',  ( -0.08838834764831801638, 0.3250000000000000111, -0.08838834764831891844 ) ) ;
#2574 = CARTESIAN_POINT ( 'NONE',  ( 0.1250000000000000000, 0.05000000000000003053, 6.661338147750940229E-16 ) ) ;
#2575 = CARTESIAN_POINT ( 'NONE',  ( 0.03804944542899054566, 0.4718750000000000444, 0.09185948719544588525 ) ) ;
#2576 = CARTESIAN_POINT ( 'NONE',  ( -0.09185948719544534402, 0.2531250000000000444, -0.03804944542899188487 ) ) ;
#2577 = LOCAL_TIME ( 8, 39, 29.00000000000000000, #24 ) ;
#2578 = CARTESIAN_POINT ( 'NONE',  ( 6.184628074832439858E-16, -0.08749999999999999445, -0.1250000000000000000 ) ) ;
#2579 = AXIS2_PLACEMENT_3D ( 'NONE', #492, #2302, #301 ) ;
#2580 = CARTESIAN_POINT ( 'NONE',  ( 1.637257669886060263E-16, 0.08333333333333324544, 0.000000000000000000 ) ) ;
#2581 = SHAPE_DEFINITION_REPRESENTATION ( #2047, #213 ) ;
#2582 = EDGE_CURVE ( 'NONE', #1061, #2549, #2015, .T. ) ;
#2583 = CARTESIAN_POINT ( 'NONE',  ( 0.03376998380149714984, 0.2566637761790924732, 0.1014946088886079234 ) ) ;
#2584 = CARTESIAN_POINT ( 'NONE',  ( -0.05177669529663627562, 0.3156249999999999889, -0.1250000000000002776 ) ) ;
#2585 = CARTESIAN_POINT ( 'NONE',  ( 0.09185948719544530239, 0.1218750000000000111, 0.03804944542899193344 ) ) ;
#2586 = CARTESIAN_POINT ( 'NONE',  ( 0.08838834764831796087, 0.2999999999999999889, 0.08838834764831893231 ) ) ;
#2587 = CARTESIAN_POINT ( 'NONE',  ( 0.06495446631221793443, 0.4250000000000000444, 0.06495446631221887812 ) ) ;
#2588 = CARTESIAN_POINT ( 'NONE',  ( -6.791301097954400183E-16, 0.2687500000000000444, 0.09185948719544560770 ) ) ;
#2589 = CARTESIAN_POINT ( 'NONE',  ( 0.09185948719544557994, 0.3250000000000000666, 6.600460013358639369E-16 ) ) ;
#2590 = CARTESIAN_POINT ( 'NONE',  ( 0.08838834764831890456, 0.2062500000000000444, -0.08838834764831796087 ) ) ;
#2591 = DIRECTION ( 'NONE',  ( -1.000000000000000000, -4.683167989138738918E-16, 0.000000000000000000 ) ) ;
#2592 = CARTESIAN_POINT ( 'NONE',  ( 6.184628074832439858E-16, 0.1687500000000000111, -0.1250000000000000278 ) ) ;
#2593 = CARTESIAN_POINT ( 'NONE',  ( 0.05177669529663758013, 0.2593750000000000222, -0.1249999999999996947 ) ) ;
#2594 = CARTESIAN_POINT ( 'NONE',  ( 0.09185948719544557994, 0.1250000000000000278, 6.600460013358639369E-16 ) ) ;
#2595 = CARTESIAN_POINT ( 'NONE',  ( 0.1250000000000000000, 0.4062500000000000555, 6.661338147750940229E-16 ) ) ;
#2596 = CARTESIAN_POINT ( 'NONE',  ( 0.3749999999999992784, 0.5468749999999997780, 0.000000000000000000 ) ) ;
#2597 = CARTESIAN_POINT ( 'NONE',  ( 0.000000000000000000, 0.6250000000000000000, 0.000000000000000000 ) ) ;
#2598 = ORIENTED_EDGE ( 'NONE', *, *, #1258, .T. ) ;
#2599 = CARTESIAN_POINT ( 'NONE',  ( -0.06495446631221890588, 0.2125000000000000500, 0.06495446631221796219 ) ) ;
#2600 = CARTESIAN_POINT ( 'NONE',  ( -0.06495446631221798994, 0.4437500000000000333, -0.06495446631221887812 ) ) ;
#2601 = CARTESIAN_POINT ( 'NONE',  ( 0.03804944542899192650, 0.2343750000000000278, -0.09185948719544533014 ) ) ;
#2602 = CARTESIAN_POINT ( 'NONE',  ( 0.03885628176815145163, 0.01000000000000440120, -0.1188073624282351554 ) ) ;
#2603 = CARTESIAN_POINT ( 'NONE',  ( 0.04654878136209315148, 0.2535964372042037729, -0.1055405472917591569 ) ) ;
#2604 = CARTESIAN_POINT ( 'NONE',  ( -6.831886520882599770E-16, 0.1937500000000000056, 0.1250000000000000278 ) ) ;
#2605 = CARTESIAN_POINT ( 'NONE',  ( 0.05177669529663619236, 0.4406249999999999889, 0.1250000000000003053 ) ) ;
#2606 = CARTESIAN_POINT ( 'NONE',  ( -0.03804944542899191262, 0.1593750000000000167, 0.09185948719544533014 ) ) ;
#2607 = CARTESIAN_POINT ( 'NONE',  ( -0.1150576919639054174, 0.01877241668765471452, -0.01895825020837170471 ) ) ;
#2608 = CARTESIAN_POINT ( 'NONE',  ( -0.03804944542899061505, 0.1968750000000000222, -0.09185948719544587138 ) ) ;
#2609 = CARTESIAN_POINT ( 'NONE',  ( 0.09185948719544557994, 0.4812500000000000666, 6.600460013358639369E-16 ) ) ;
#2610 = CARTESIAN_POINT ( 'NONE',  ( -0.09185948719544562158, 0.1062500000000000250, -6.487964586393420021E-16 ) ) ;
#2611 = CARTESIAN_POINT ( 'NONE',  ( 0.08838834764831796087, 3.414809992080329023E-17, 0.08838834764831893231 ) ) ;
#2612 = CARTESIAN_POINT ( 'NONE',  ( -0.1250000000000000000, -0.05000000000000000971, 1.530808498934191509E-17 ) ) ;
#2613 = EDGE_CURVE ( 'NONE', #623, #2034, #1902, .T. ) ;
#2614 = VECTOR ( 'NONE', #438, 39.37007874015748143 ) ;
#2615 = FACE_OUTER_BOUND ( 'NONE', #2355, .T. ) ;
#2616 = AXIS2_PLACEMENT_3D ( 'NONE', #2274, #1048, #208 ) ;
#2617 = CARTESIAN_POINT ( 'NONE',  ( 0.05006652916512077667, 0.2546064643604980526, 0.1008612360646552741 ) ) ;
#2618 = CARTESIAN_POINT ( 'NONE',  ( -0.08838834764831891844, 0.5312500000000001110, 0.08838834764831796087 ) ) ;
#2619 = AXIS2_PLACEMENT_3D ( 'NONE', #892, #1339, #937 ) ;
#2620 = CARTESIAN_POINT ( 'NONE',  ( -0.06495446631221798994, 0.3937499999999999889, -0.06495446631221887812 ) ) ;
#2621 = DIRECTION ( 'NONE',  ( -1.000000000000000000, -4.683167989138738918E-16, 0.000000000000000000 ) ) ;
#2622 = CARTESIAN_POINT ( 'NONE',  ( 0.06495446631221886424, 0.2375000000000000722, -0.06495446631221794831 ) ) ;
#2623 = CARTESIAN_POINT ( 'NONE',  ( -6.791301097954400183E-16, 0.4187500000000000666, 0.09185948719544560770 ) ) ;
#2624 = CARTESIAN_POINT ( 'NONE',  ( 6.184628074832439858E-16, 0.09375000000000002776, -0.09185948719544560770 ) ) ;
#2625 = CARTESIAN_POINT ( 'NONE',  ( -0.1250000000000000278, -0.01874999999999997155, -6.508257297857520307E-16 ) ) ;
#2626 = CARTESIAN_POINT ( 'NONE',  ( -0.1250000000000003053, 0.1343750000000000222, 0.05177669529663624787 ) ) ;
#2627 = CARTESIAN_POINT ( 'NONE',  ( -0.07854892713336217303, 0.2575291339962281767, -0.06902521936667749269 ) ) ;
#2628 = CARTESIAN_POINT ( 'NONE',  ( 0.06495446631221793443, 0.06875000000000001943, 0.06495446631221887812 ) ) ;
#2629 = CARTESIAN_POINT ( 'NONE',  ( -0.09185948719544562158, -0.09374999999999998612, -6.487964586393420021E-16 ) ) ;
#2630 = CARTESIAN_POINT ( 'NONE',  ( 0.06495446631221886424, 0.3812500000000000888, -0.06495446631221794831 ) ) ;
#2631 = CARTESIAN_POINT ( 'NONE',  ( -0.3749999999999993339, 0.5468749999999997780, -4.592425496802565591E-17 ) ) ;
#2632 = CARTESIAN_POINT ( 'NONE',  ( 0.05177669529663758707, 0.01562500000000003816, -0.1249999999999997363 ) ) ;
#2633 = CARTESIAN_POINT ( 'NONE',  ( 1.637257669886060510E-16, 0.08333333333333320381, 0.000000000000000000 ) ) ;
#2634 = ORIENTED_EDGE ( 'NONE', *, *, #1659, .F. ) ;
#2635 = CARTESIAN_POINT ( 'NONE',  ( -0.03804944542899191262, 0.3656250000000000888, 0.09185948719544533014 ) ) ;
#2636 = CARTESIAN_POINT ( 'NONE',  ( 0.1249999999999996947, 0.05312500000000004718, 0.05177669529663759401 ) ) ;
#2637 = DIRECTION ( 'NONE',  ( -1.000000000000000000, -4.939539904345633974E-16, 0.000000000000000000 ) ) ;
#2638 = CARTESIAN_POINT ( 'NONE',  ( -0.09851556396310065522, 0.2593367934230749183, -0.01474558065803382480 ) ) ;
#2639 = CARTESIAN_POINT ( 'NONE',  ( -0.09185948719544562158, 0.1000000000000000194, -6.487964586393420021E-16 ) ) ;
#2640 = CARTESIAN_POINT ( 'NONE',  ( -0.06495446631221798994, -0.006249999999999984734, -0.06495446631221887812 ) ) ;
#2641 = CARTESIAN_POINT ( 'NONE',  ( -0.08838834764831800250, 0.4687500000000000000, -0.08838834764831890456 ) ) ;
#2642 = CARTESIAN_POINT ( 'NONE',  ( -0.03804944542899191262, 0.4093750000000000444, 0.09185948719544533014 ) ) ;
#2643 = CARTESIAN_POINT ( 'NONE',  ( 1.265312407244638509E-18, -0.05000000000000000971, 0.000000000000000000 ) ) ;
#2644 = CARTESIAN_POINT ( 'NONE',  ( 0.09185948719544582974, 0.2343750000000000000, -0.03804944542899061505 ) ) ;
#2645 = FACE_OUTER_BOUND ( 'NONE', #1231, .T. ) ;
#2646 = CARTESIAN_POINT ( 'NONE',  ( -0.08838834764831891844, -0.06874999999999997780, 0.08838834764831796087 ) ) ;
#2647 = CARTESIAN_POINT ( 'NONE',  ( -0.06495446631221890588, 0.4125000000000000333, 0.06495446631221796219 ) ) ;
#2648 = CARTESIAN_POINT ( 'NONE',  ( 6.184628074832439858E-16, -0.03124999999999997571, -0.1250000000000000278 ) ) ;
#2649 = CARTESIAN_POINT ( 'NONE',  ( 0.1250000000000000000, 0.1562500000000000833, 6.661338147750940229E-16 ) ) ;
ENDSEC;
END-ISO-10303-21;
