ISO-10303-21;
HEADER;
/* Generated by software containing ST-Developer
 * from STEP Tools, Inc. (www.steptools.com) 
 */
/* OPTION: using custom renumber hook */

FILE_DESCRIPTION(
/* description */ ('STEP AP242 Edition 2',
'CAx-IF Rec.Pracs.---Representation and Presentation of Product Manufa
cturing Information (PMI)---4.0---2014-10-13',
'CAx-IF Rec.Pracs.---3D Tessellated Geometry---0.4---2014-09-14','2;1',
'CAx-IF Rec.Pracs.---User Defined Attributes---1.5---2016-08-15'),
/* implementation_level */ '2;1');

FILE_NAME(
/* name */ '69769a1dcb9a7d37d67d96ce',
/* time_stamp */ '2026-01-25T22:33:02Z',
/* author */ (''),
/* organization */ (''),
/* preprocessor_version */ 'ST-DEVELOPER v20',
/* originating_system */ 'ONSHAPE BY PTC INC, 1.209',
/* authorisation */ '  ');

FILE_SCHEMA (('AP242_MANAGED_MODEL_BASED_3D_ENGINEERING_MIM_LF { 1 0 10303 442 3 1 4 }'));
ENDSEC;

DATA;
#10=SHAPE_REPRESENTATION_RELATIONSHIP('','',#3526,#12);
#11=SHAPE_REPRESENTATION_RELATIONSHIP('','',#3527,#13);
#12=ADVANCED_BREP_SHAPE_REPRESENTATION('',(#3522),#5769);
#13=ADVANCED_BREP_SHAPE_REPRESENTATION('',(#3523),#5770);
#14=B_SPLINE_SURFACE_WITH_KNOTS('',3,1,((#5161,#5162),(#5163,#5164),(#5165,
#5166),(#5167,#5168)),.SURF_OF_LINEAR_EXTRUSION.,.F.,.F.,.F.,(4,4),(2,2),
(0.,1.),(0.,1.),.PIECEWISE_BEZIER_KNOTS.);
#15=B_SPLINE_SURFACE_WITH_KNOTS('',3,1,((#5178,#5179),(#5180,#5181),(#5182,
#5183),(#5184,#5185)),.SURF_OF_LINEAR_EXTRUSION.,.F.,.F.,.F.,(4,4),(2,2),
(0.,1.),(0.,1.),.PIECEWISE_BEZIER_KNOTS.);
#16=B_SPLINE_SURFACE_WITH_KNOTS('',3,1,((#5195,#5196),(#5197,#5198),(#5199,
#5200),(#5201,#5202)),.SURF_OF_LINEAR_EXTRUSION.,.F.,.F.,.F.,(4,4),(2,2),
(0.,1.),(0.,1.),.PIECEWISE_BEZIER_KNOTS.);
#17=B_SPLINE_SURFACE_WITH_KNOTS('',3,1,((#5234,#5235),(#5236,#5237),(#5238,
#5239),(#5240,#5241)),.SURF_OF_LINEAR_EXTRUSION.,.F.,.F.,.F.,(4,4),(2,2),
(0.,1.),(0.,1.),.PIECEWISE_BEZIER_KNOTS.);
#18=B_SPLINE_SURFACE_WITH_KNOTS('',3,1,((#5247,#5248),(#5249,#5250),(#5251,
#5252),(#5253,#5254)),.SURF_OF_LINEAR_EXTRUSION.,.F.,.F.,.F.,(4,4),(2,2),
(0.,1.),(0.,1.),.PIECEWISE_BEZIER_KNOTS.);
#19=B_SPLINE_SURFACE_WITH_KNOTS('',3,1,((#5260,#5261),(#5262,#5263),(#5264,
#5265),(#5266,#5267)),.SURF_OF_LINEAR_EXTRUSION.,.F.,.F.,.F.,(4,4),(2,2),
(0.,1.),(0.,1.),.PIECEWISE_BEZIER_KNOTS.);
#20=B_SPLINE_SURFACE_WITH_KNOTS('',3,1,((#5283,#5284),(#5285,#5286),(#5287,
#5288),(#5289,#5290)),.SURF_OF_LINEAR_EXTRUSION.,.F.,.F.,.F.,(4,4),(2,2),
(0.,1.),(0.,1.),.PIECEWISE_BEZIER_KNOTS.);
#21=ELLIPSE('',#3563,0.00459619407771256,0.00325);
#22=ELLIPSE('',#3578,0.00822337751852396,0.0078);
#23=ELLIPSE('',#3579,0.00316283750712461,0.003);
#24=ELLIPSE('',#3580,0.0031628375071246,0.003);
#25=ELLIPSE('',#3686,0.00459619407771256,0.00325);
#26=ELLIPSE('',#3700,0.0031628375071246,0.003);
#27=ELLIPSE('',#3701,0.00316283750712461,0.003);
#28=ELLIPSE('',#3702,0.00822337751852396,0.0078);
#29=CYLINDRICAL_SURFACE('',#3540,0.002125);
#30=CYLINDRICAL_SURFACE('',#3545,0.002125);
#31=CYLINDRICAL_SURFACE('',#3550,0.00325);
#32=CYLINDRICAL_SURFACE('',#3564,0.00325);
#33=CYLINDRICAL_SURFACE('',#3609,0.003);
#34=CYLINDRICAL_SURFACE('',#3612,0.003);
#35=CYLINDRICAL_SURFACE('',#3614,0.003);
#36=CYLINDRICAL_SURFACE('',#3617,0.003);
#37=CYLINDRICAL_SURFACE('',#3621,0.004);
#38=CYLINDRICAL_SURFACE('',#3622,0.0078);
#39=CYLINDRICAL_SURFACE('',#3631,0.00325);
#40=CYLINDRICAL_SURFACE('',#3635,0.00325);
#41=CYLINDRICAL_SURFACE('',#3639,0.0034);
#42=CYLINDRICAL_SURFACE('',#3665,0.002125);
#43=CYLINDRICAL_SURFACE('',#3670,0.002125);
#44=CYLINDRICAL_SURFACE('',#3674,0.00325);
#45=CYLINDRICAL_SURFACE('',#3687,0.00325);
#46=CYLINDRICAL_SURFACE('',#3728,0.003);
#47=CYLINDRICAL_SURFACE('',#3731,0.003);
#48=CYLINDRICAL_SURFACE('',#3733,0.003);
#49=CYLINDRICAL_SURFACE('',#3736,0.003);
#50=CYLINDRICAL_SURFACE('',#3740,0.004);
#51=CYLINDRICAL_SURFACE('',#3741,0.0078);
#52=CYLINDRICAL_SURFACE('',#3750,0.00325);
#53=CYLINDRICAL_SURFACE('',#3754,0.00325);
#54=CYLINDRICAL_SURFACE('',#3766,0.00603310045481144);
#55=B_SPLINE_CURVE_WITH_KNOTS('',2,(#4702,#4703,#4704),.UNSPECIFIED.,.F.,
 .F.,(3,3),(0.,1.),.PIECEWISE_BEZIER_KNOTS.);
#56=B_SPLINE_CURVE_WITH_KNOTS('',2,(#4706,#4707,#4708),.UNSPECIFIED.,.F.,
 .F.,(3,3),(0.,1.),.PIECEWISE_BEZIER_KNOTS.);
#57=B_SPLINE_CURVE_WITH_KNOTS('',2,(#4710,#4711,#4712),.UNSPECIFIED.,.F.,
 .F.,(3,3),(0.,1.),.PIECEWISE_BEZIER_KNOTS.);
#58=B_SPLINE_CURVE_WITH_KNOTS('',2,(#5169,#5170,#5171),.UNSPECIFIED.,.F.,
 .F.,(3,3),(0.,1.),.PIECEWISE_BEZIER_KNOTS.);
#59=B_SPLINE_CURVE_WITH_KNOTS('',2,(#5175,#5176,#5177),.UNSPECIFIED.,.F.,
 .F.,(3,3),(0.,1.),.PIECEWISE_BEZIER_KNOTS.);
#60=B_SPLINE_CURVE_WITH_KNOTS('',2,(#5186,#5187,#5188),.UNSPECIFIED.,.F.,
 .F.,(3,3),(0.,1.),.PIECEWISE_BEZIER_KNOTS.);
#61=B_SPLINE_CURVE_WITH_KNOTS('',2,(#5192,#5193,#5194),.UNSPECIFIED.,.F.,
 .F.,(3,3),(0.,1.),.PIECEWISE_BEZIER_KNOTS.);
#62=B_SPLINE_CURVE_WITH_KNOTS('',2,(#5203,#5204,#5205),.UNSPECIFIED.,.F.,
 .F.,(3,3),(0.,1.),.PIECEWISE_BEZIER_KNOTS.);
#63=B_SPLINE_CURVE_WITH_KNOTS('',2,(#5209,#5210,#5211),.UNSPECIFIED.,.F.,
 .F.,(3,3),(0.,1.),.PIECEWISE_BEZIER_KNOTS.);
#64=B_SPLINE_CURVE_WITH_KNOTS('',2,(#5244,#5245,#5246),.UNSPECIFIED.,.F.,
 .F.,(3,3),(0.,1.),.PIECEWISE_BEZIER_KNOTS.);
#65=B_SPLINE_CURVE_WITH_KNOTS('',2,(#5257,#5258,#5259),.UNSPECIFIED.,.F.,
 .F.,(3,3),(0.,1.),.PIECEWISE_BEZIER_KNOTS.);
#66=B_SPLINE_CURVE_WITH_KNOTS('',2,(#5270,#5271,#5272),.UNSPECIFIED.,.F.,
 .F.,(3,3),(0.,1.),.PIECEWISE_BEZIER_KNOTS.);
#67=B_SPLINE_CURVE_WITH_KNOTS('',2,(#5291,#5292,#5293),.UNSPECIFIED.,.F.,
 .F.,(3,3),(0.,1.),.PIECEWISE_BEZIER_KNOTS.);
#68=B_SPLINE_CURVE_WITH_KNOTS('',2,(#5294,#5295,#5296),.UNSPECIFIED.,.F.,
 .F.,(3,3),(0.,1.),.PIECEWISE_BEZIER_KNOTS.);
#69=LINE('',#4676,#489);
#70=LINE('',#4678,#490);
#71=LINE('',#4680,#491);
#72=LINE('',#4684,#492);
#73=LINE('',#4686,#493);
#74=LINE('',#4688,#494);
#75=LINE('',#4690,#495);
#76=LINE('',#4692,#496);
#77=LINE('',#4693,#497);
#78=LINE('',#4696,#498);
#79=LINE('',#4698,#499);
#80=LINE('',#4700,#500);
#81=LINE('',#4714,#501);
#82=LINE('',#4716,#502);
#83=LINE('',#4718,#503);
#84=LINE('',#4720,#504);
#85=LINE('',#4722,#505);
#86=LINE('',#4725,#506);
#87=LINE('',#4727,#507);
#88=LINE('',#4729,#508);
#89=LINE('',#4733,#509);
#90=LINE('',#4735,#510);
#91=LINE('',#4737,#511);
#92=LINE('',#4740,#512);
#93=LINE('',#4742,#513);
#94=LINE('',#4744,#514);
#95=LINE('',#4748,#515);
#96=LINE('',#4752,#516);
#97=LINE('',#4755,#517);
#98=LINE('',#4757,#518);
#99=LINE('',#4759,#519);
#100=LINE('',#4761,#520);
#101=LINE('',#4764,#521);
#102=LINE('',#4766,#522);
#103=LINE('',#4768,#523);
#104=LINE('',#4773,#524);
#105=LINE('',#4776,#525);
#106=LINE('',#4778,#526);
#107=LINE('',#4780,#527);
#108=LINE('',#4782,#528);
#109=LINE('',#4785,#529);
#110=LINE('',#4787,#530);
#111=LINE('',#4789,#531);
#112=LINE('',#4794,#532);
#113=LINE('',#4796,#533);
#114=LINE('',#4797,#534);
#115=LINE('',#4799,#535);
#116=LINE('',#4800,#536);
#117=LINE('',#4802,#537);
#118=LINE('',#4804,#538);
#119=LINE('',#4806,#539);
#120=LINE('',#4808,#540);
#121=LINE('',#4810,#541);
#122=LINE('',#4812,#542);
#123=LINE('',#4814,#543);
#124=LINE('',#4816,#544);
#125=LINE('',#4818,#545);
#126=LINE('',#4820,#546);
#127=LINE('',#4822,#547);
#128=LINE('',#4824,#548);
#129=LINE('',#4829,#549);
#130=LINE('',#4833,#550);
#131=LINE('',#4837,#551);
#132=LINE('',#4843,#552);
#133=LINE('',#4845,#553);
#134=LINE('',#4847,#554);
#135=LINE('',#4849,#555);
#136=LINE('',#4850,#556);
#137=LINE('',#4851,#557);
#138=LINE('',#4853,#558);
#139=LINE('',#4855,#559);
#140=LINE('',#4856,#560);
#141=LINE('',#4860,#561);
#142=LINE('',#4862,#562);
#143=LINE('',#4864,#563);
#144=LINE('',#4868,#564);
#145=LINE('',#4872,#565);
#146=LINE('',#4874,#566);
#147=LINE('',#4875,#567);
#148=LINE('',#4877,#568);
#149=LINE('',#4879,#569);
#150=LINE('',#4881,#570);
#151=LINE('',#4884,#571);
#152=LINE('',#4886,#572);
#153=LINE('',#4888,#573);
#154=LINE('',#4890,#574);
#155=LINE('',#4894,#575);
#156=LINE('',#4896,#576);
#157=LINE('',#4898,#577);
#158=LINE('',#4900,#578);
#159=LINE('',#4904,#579);
#160=LINE('',#4908,#580);
#161=LINE('',#4912,#581);
#162=LINE('',#4914,#582);
#163=LINE('',#4918,#583);
#164=LINE('',#4920,#584);
#165=LINE('',#4921,#585);
#166=LINE('',#4923,#586);
#167=LINE('',#4925,#587);
#168=LINE('',#4927,#588);
#169=LINE('',#4929,#589);
#170=LINE('',#4931,#590);
#171=LINE('',#4933,#591);
#172=LINE('',#4935,#592);
#173=LINE('',#4937,#593);
#174=LINE('',#4938,#594);
#175=LINE('',#4940,#595);
#176=LINE('',#4942,#596);
#177=LINE('',#4944,#597);
#178=LINE('',#4946,#598);
#179=LINE('',#4947,#599);
#180=LINE('',#4949,#600);
#181=LINE('',#4954,#601);
#182=LINE('',#4956,#602);
#183=LINE('',#4958,#603);
#184=LINE('',#4959,#604);
#185=LINE('',#4961,#605);
#186=LINE('',#4963,#606);
#187=LINE('',#4967,#607);
#188=LINE('',#4971,#608);
#189=LINE('',#4974,#609);
#190=LINE('',#4975,#610);
#191=LINE('',#4977,#611);
#192=LINE('',#4979,#612);
#193=LINE('',#4981,#613);
#194=LINE('',#4983,#614);
#195=LINE('',#4985,#615);
#196=LINE('',#4987,#616);
#197=LINE('',#4989,#617);
#198=LINE('',#4991,#618);
#199=LINE('',#4993,#619);
#200=LINE('',#4995,#620);
#201=LINE('',#4997,#621);
#202=LINE('',#4999,#622);
#203=LINE('',#5001,#623);
#204=LINE('',#5003,#624);
#205=LINE('',#5005,#625);
#206=LINE('',#5006,#626);
#207=LINE('',#5008,#627);
#208=LINE('',#5010,#628);
#209=LINE('',#5011,#629);
#210=LINE('',#5013,#630);
#211=LINE('',#5015,#631);
#212=LINE('',#5016,#632);
#213=LINE('',#5017,#633);
#214=LINE('',#5019,#634);
#215=LINE('',#5023,#635);
#216=LINE('',#5024,#636);
#217=LINE('',#5026,#637);
#218=LINE('',#5028,#638);
#219=LINE('',#5029,#639);
#220=LINE('',#5034,#640);
#221=LINE('',#5036,#641);
#222=LINE('',#5038,#642);
#223=LINE('',#5040,#643);
#224=LINE('',#5042,#644);
#225=LINE('',#5044,#645);
#226=LINE('',#5046,#646);
#227=LINE('',#5050,#647);
#228=LINE('',#5052,#648);
#229=LINE('',#5054,#649);
#230=LINE('',#5056,#650);
#231=LINE('',#5058,#651);
#232=LINE('',#5060,#652);
#233=LINE('',#5062,#653);
#234=LINE('',#5065,#654);
#235=LINE('',#5067,#655);
#236=LINE('',#5069,#656);
#237=LINE('',#5071,#657);
#238=LINE('',#5073,#658);
#239=LINE('',#5077,#659);
#240=LINE('',#5079,#660);
#241=LINE('',#5081,#661);
#242=LINE('',#5083,#662);
#243=LINE('',#5087,#663);
#244=LINE('',#5089,#664);
#245=LINE('',#5093,#665);
#246=LINE('',#5095,#666);
#247=LINE('',#5099,#667);
#248=LINE('',#5101,#668);
#249=LINE('',#5103,#669);
#250=LINE('',#5107,#670);
#251=LINE('',#5113,#671);
#252=LINE('',#5115,#672);
#253=LINE('',#5116,#673);
#254=LINE('',#5122,#674);
#255=LINE('',#5124,#675);
#256=LINE('',#5129,#676);
#257=LINE('',#5131,#677);
#258=LINE('',#5135,#678);
#259=LINE('',#5137,#679);
#260=LINE('',#5141,#680);
#261=LINE('',#5144,#681);
#262=LINE('',#5146,#682);
#263=LINE('',#5148,#683);
#264=LINE('',#5150,#684);
#265=LINE('',#5152,#685);
#266=LINE('',#5154,#686);
#267=LINE('',#5156,#687);
#268=LINE('',#5158,#688);
#269=LINE('',#5160,#689);
#270=LINE('',#5173,#690);
#271=LINE('',#5190,#691);
#272=LINE('',#5207,#692);
#273=LINE('',#5213,#693);
#274=LINE('',#5215,#694);
#275=LINE('',#5217,#695);
#276=LINE('',#5219,#696);
#277=LINE('',#5221,#697);
#278=LINE('',#5223,#698);
#279=LINE('',#5225,#699);
#280=LINE('',#5227,#700);
#281=LINE('',#5229,#701);
#282=LINE('',#5231,#702);
#283=LINE('',#5233,#703);
#284=LINE('',#5242,#704);
#285=LINE('',#5255,#705);
#286=LINE('',#5268,#706);
#287=LINE('',#5274,#707);
#288=LINE('',#5276,#708);
#289=LINE('',#5278,#709);
#290=LINE('',#5280,#710);
#291=LINE('',#5282,#711);
#292=LINE('',#5301,#712);
#293=LINE('',#5304,#713);
#294=LINE('',#5306,#714);
#295=LINE('',#5308,#715);
#296=LINE('',#5310,#716);
#297=LINE('',#5312,#717);
#298=LINE('',#5314,#718);
#299=LINE('',#5316,#719);
#300=LINE('',#5318,#720);
#301=LINE('',#5321,#721);
#302=LINE('',#5322,#722);
#303=LINE('',#5329,#723);
#304=LINE('',#5331,#724);
#305=LINE('',#5333,#725);
#306=LINE('',#5335,#726);
#307=LINE('',#5337,#727);
#308=LINE('',#5341,#728);
#309=LINE('',#5343,#729);
#310=LINE('',#5345,#730);
#311=LINE('',#5346,#731);
#312=LINE('',#5349,#732);
#313=LINE('',#5351,#733);
#314=LINE('',#5353,#734);
#315=LINE('',#5355,#735);
#316=LINE('',#5357,#736);
#317=LINE('',#5359,#737);
#318=LINE('',#5364,#738);
#319=LINE('',#5368,#739);
#320=LINE('',#5370,#740);
#321=LINE('',#5372,#741);
#322=LINE('',#5374,#742);
#323=LINE('',#5377,#743);
#324=LINE('',#5379,#744);
#325=LINE('',#5381,#745);
#326=LINE('',#5383,#746);
#327=LINE('',#5386,#747);
#328=LINE('',#5387,#748);
#329=LINE('',#5392,#749);
#330=LINE('',#5395,#750);
#331=LINE('',#5397,#751);
#332=LINE('',#5399,#752);
#333=LINE('',#5401,#753);
#334=LINE('',#5404,#754);
#335=LINE('',#5406,#755);
#336=LINE('',#5408,#756);
#337=LINE('',#5413,#757);
#338=LINE('',#5415,#758);
#339=LINE('',#5417,#759);
#340=LINE('',#5419,#760);
#341=LINE('',#5421,#761);
#342=LINE('',#5423,#762);
#343=LINE('',#5424,#763);
#344=LINE('',#5426,#764);
#345=LINE('',#5427,#765);
#346=LINE('',#5429,#766);
#347=LINE('',#5434,#767);
#348=LINE('',#5438,#768);
#349=LINE('',#5439,#769);
#350=LINE('',#5443,#770);
#351=LINE('',#5448,#771);
#352=LINE('',#5450,#772);
#353=LINE('',#5452,#773);
#354=LINE('',#5454,#774);
#355=LINE('',#5456,#775);
#356=LINE('',#5457,#776);
#357=LINE('',#5461,#777);
#358=LINE('',#5463,#778);
#359=LINE('',#5465,#779);
#360=LINE('',#5469,#780);
#361=LINE('',#5473,#781);
#362=LINE('',#5475,#782);
#363=LINE('',#5477,#783);
#364=LINE('',#5479,#784);
#365=LINE('',#5480,#785);
#366=LINE('',#5482,#786);
#367=LINE('',#5484,#787);
#368=LINE('',#5486,#788);
#369=LINE('',#5489,#789);
#370=LINE('',#5491,#790);
#371=LINE('',#5495,#791);
#372=LINE('',#5499,#792);
#373=LINE('',#5501,#793);
#374=LINE('',#5505,#794);
#375=LINE('',#5509,#795);
#376=LINE('',#5513,#796);
#377=LINE('',#5515,#797);
#378=LINE('',#5517,#798);
#379=LINE('',#5519,#799);
#380=LINE('',#5521,#800);
#381=LINE('',#5523,#801);
#382=LINE('',#5524,#802);
#383=LINE('',#5525,#803);
#384=LINE('',#5527,#804);
#385=LINE('',#5529,#805);
#386=LINE('',#5531,#806);
#387=LINE('',#5534,#807);
#388=LINE('',#5536,#808);
#389=LINE('',#5537,#809);
#390=LINE('',#5539,#810);
#391=LINE('',#5541,#811);
#392=LINE('',#5542,#812);
#393=LINE('',#5544,#813);
#394=LINE('',#5547,#814);
#395=LINE('',#5549,#815);
#396=LINE('',#5553,#816);
#397=LINE('',#5554,#817);
#398=LINE('',#5556,#818);
#399=LINE('',#5558,#819);
#400=LINE('',#5561,#820);
#401=LINE('',#5563,#821);
#402=LINE('',#5565,#822);
#403=LINE('',#5567,#823);
#404=LINE('',#5569,#824);
#405=LINE('',#5571,#825);
#406=LINE('',#5573,#826);
#407=LINE('',#5575,#827);
#408=LINE('',#5576,#828);
#409=LINE('',#5579,#829);
#410=LINE('',#5583,#830);
#411=LINE('',#5586,#831);
#412=LINE('',#5588,#832);
#413=LINE('',#5590,#833);
#414=LINE('',#5592,#834);
#415=LINE('',#5594,#835);
#416=LINE('',#5596,#836);
#417=LINE('',#5598,#837);
#418=LINE('',#5600,#838);
#419=LINE('',#5601,#839);
#420=LINE('',#5602,#840);
#421=LINE('',#5604,#841);
#422=LINE('',#5606,#842);
#423=LINE('',#5607,#843);
#424=LINE('',#5609,#844);
#425=LINE('',#5611,#845);
#426=LINE('',#5612,#846);
#427=LINE('',#5614,#847);
#428=LINE('',#5616,#848);
#429=LINE('',#5620,#849);
#430=LINE('',#5621,#850);
#431=LINE('',#5625,#851);
#432=LINE('',#5627,#852);
#433=LINE('',#5629,#853);
#434=LINE('',#5631,#854);
#435=LINE('',#5633,#855);
#436=LINE('',#5635,#856);
#437=LINE('',#5637,#857);
#438=LINE('',#5639,#858);
#439=LINE('',#5641,#859);
#440=LINE('',#5645,#860);
#441=LINE('',#5647,#861);
#442=LINE('',#5649,#862);
#443=LINE('',#5651,#863);
#444=LINE('',#5653,#864);
#445=LINE('',#5655,#865);
#446=LINE('',#5657,#866);
#447=LINE('',#5660,#867);
#448=LINE('',#5662,#868);
#449=LINE('',#5664,#869);
#450=LINE('',#5666,#870);
#451=LINE('',#5668,#871);
#452=LINE('',#5672,#872);
#453=LINE('',#5674,#873);
#454=LINE('',#5676,#874);
#455=LINE('',#5678,#875);
#456=LINE('',#5682,#876);
#457=LINE('',#5684,#877);
#458=LINE('',#5686,#878);
#459=LINE('',#5692,#879);
#460=LINE('',#5694,#880);
#461=LINE('',#5696,#881);
#462=LINE('',#5700,#882);
#463=LINE('',#5702,#883);
#464=LINE('',#5707,#884);
#465=LINE('',#5709,#885);
#466=LINE('',#5711,#886);
#467=LINE('',#5712,#887);
#468=LINE('',#5718,#888);
#469=LINE('',#5720,#889);
#470=LINE('',#5725,#890);
#471=LINE('',#5727,#891);
#472=LINE('',#5729,#892);
#473=LINE('',#5733,#893);
#474=LINE('',#5736,#894);
#475=LINE('',#5738,#895);
#476=LINE('',#5740,#896);
#477=LINE('',#5742,#897);
#478=LINE('',#5744,#898);
#479=LINE('',#5746,#899);
#480=LINE('',#5748,#900);
#481=LINE('',#5750,#901);
#482=LINE('',#5752,#902);
#483=LINE('',#5754,#903);
#484=LINE('',#5756,#904);
#485=LINE('',#5758,#905);
#486=LINE('',#5761,#906);
#487=LINE('',#5763,#907);
#488=LINE('',#5765,#908);
#489=VECTOR('',#3775,1.);
#490=VECTOR('',#3776,1.);
#491=VECTOR('',#3777,1.);
#492=VECTOR('',#3780,1.);
#493=VECTOR('',#3781,1.);
#494=VECTOR('',#3782,1.);
#495=VECTOR('',#3783,1.);
#496=VECTOR('',#3784,1.);
#497=VECTOR('',#3785,1.);
#498=VECTOR('',#3786,1.);
#499=VECTOR('',#3787,1.);
#500=VECTOR('',#3788,1.);
#501=VECTOR('',#3789,1.);
#502=VECTOR('',#3790,1.);
#503=VECTOR('',#3791,1.);
#504=VECTOR('',#3792,1.);
#505=VECTOR('',#3795,1.);
#506=VECTOR('',#3796,1.);
#507=VECTOR('',#3797,1.);
#508=VECTOR('',#3798,1.);
#509=VECTOR('',#3803,1.);
#510=VECTOR('',#3804,1.);
#511=VECTOR('',#3807,1.);
#512=VECTOR('',#3808,1.);
#513=VECTOR('',#3809,1.);
#514=VECTOR('',#3810,1.);
#515=VECTOR('',#3813,1.);
#516=VECTOR('',#3818,1.);
#517=VECTOR('',#3819,1.);
#518=VECTOR('',#3820,1.);
#519=VECTOR('',#3821,1.);
#520=VECTOR('',#3824,1.);
#521=VECTOR('',#3825,1.);
#522=VECTOR('',#3826,1.);
#523=VECTOR('',#3827,1.);
#524=VECTOR('',#3836,1.);
#525=VECTOR('',#3837,1.);
#526=VECTOR('',#3838,1.);
#527=VECTOR('',#3839,1.);
#528=VECTOR('',#3842,1.);
#529=VECTOR('',#3843,1.);
#530=VECTOR('',#3844,1.);
#531=VECTOR('',#3845,1.);
#532=VECTOR('',#3854,1.);
#533=VECTOR('',#3855,1.);
#534=VECTOR('',#3856,1.);
#535=VECTOR('',#3857,1.);
#536=VECTOR('',#3858,1.);
#537=VECTOR('',#3859,1.);
#538=VECTOR('',#3860,1.);
#539=VECTOR('',#3861,1.);
#540=VECTOR('',#3862,1.);
#541=VECTOR('',#3865,1.);
#542=VECTOR('',#3866,1.);
#543=VECTOR('',#3867,1.);
#544=VECTOR('',#3868,1.);
#545=VECTOR('',#3869,1.);
#546=VECTOR('',#3870,1.);
#547=VECTOR('',#3871,1.);
#548=VECTOR('',#3874,1.);
#549=VECTOR('',#3877,1.);
#550=VECTOR('',#3880,1.);
#551=VECTOR('',#3883,1.);
#552=VECTOR('',#3890,1.);
#553=VECTOR('',#3891,1.);
#554=VECTOR('',#3892,1.);
#555=VECTOR('',#3893,1.);
#556=VECTOR('',#3894,1.);
#557=VECTOR('',#3895,1.);
#558=VECTOR('',#3896,1.);
#559=VECTOR('',#3899,1.);
#560=VECTOR('',#3900,1.);
#561=VECTOR('',#3903,1.);
#562=VECTOR('',#3904,1.);
#563=VECTOR('',#3905,1.);
#564=VECTOR('',#3908,1.);
#565=VECTOR('',#3913,1.);
#566=VECTOR('',#3914,1.);
#567=VECTOR('',#3915,1.);
#568=VECTOR('',#3916,1.);
#569=VECTOR('',#3917,1.);
#570=VECTOR('',#3920,1.);
#571=VECTOR('',#3923,1.);
#572=VECTOR('',#3924,1.);
#573=VECTOR('',#3925,1.);
#574=VECTOR('',#3928,1.);
#575=VECTOR('',#3933,1.);
#576=VECTOR('',#3934,1.);
#577=VECTOR('',#3935,1.);
#578=VECTOR('',#3936,1.);
#579=VECTOR('',#3939,1.);
#580=VECTOR('',#3942,1.);
#581=VECTOR('',#3945,1.);
#582=VECTOR('',#3946,1.);
#583=VECTOR('',#3949,1.);
#584=VECTOR('',#3952,1.);
#585=VECTOR('',#3953,1.);
#586=VECTOR('',#3954,1.);
#587=VECTOR('',#3955,1.);
#588=VECTOR('',#3958,1.);
#589=VECTOR('',#3959,1.);
#590=VECTOR('',#3960,1.);
#591=VECTOR('',#3961,1.);
#592=VECTOR('',#3962,1.);
#593=VECTOR('',#3963,1.);
#594=VECTOR('',#3964,1.);
#595=VECTOR('',#3965,1.);
#596=VECTOR('',#3966,1.);
#597=VECTOR('',#3969,1.);
#598=VECTOR('',#3970,1.);
#599=VECTOR('',#3971,1.);
#600=VECTOR('',#3974,1.);
#601=VECTOR('',#3977,1.);
#602=VECTOR('',#3978,1.);
#603=VECTOR('',#3981,1.);
#604=VECTOR('',#3982,1.);
#605=VECTOR('',#3983,1.);
#606=VECTOR('',#3986,1.);
#607=VECTOR('',#3989,1.);
#608=VECTOR('',#3992,1.);
#609=VECTOR('',#3995,1.);
#610=VECTOR('',#3996,1.);
#611=VECTOR('',#3997,1.);
#612=VECTOR('',#3998,1.);
#613=VECTOR('',#3999,1.);
#614=VECTOR('',#4000,1.);
#615=VECTOR('',#4001,1.);
#616=VECTOR('',#4002,1.);
#617=VECTOR('',#4003,1.);
#618=VECTOR('',#4006,1.);
#619=VECTOR('',#4007,1.);
#620=VECTOR('',#4008,1.);
#621=VECTOR('',#4009,1.);
#622=VECTOR('',#4012,1.);
#623=VECTOR('',#4013,1.);
#624=VECTOR('',#4014,1.);
#625=VECTOR('',#4017,1.);
#626=VECTOR('',#4018,1.);
#627=VECTOR('',#4019,1.);
#628=VECTOR('',#4020,1.);
#629=VECTOR('',#4021,1.);
#630=VECTOR('',#4022,1.);
#631=VECTOR('',#4023,1.);
#632=VECTOR('',#4024,1.);
#633=VECTOR('',#4025,1.);
#634=VECTOR('',#4028,1.);
#635=VECTOR('',#4031,1.);
#636=VECTOR('',#4032,1.);
#637=VECTOR('',#4035,1.);
#638=VECTOR('',#4038,1.);
#639=VECTOR('',#4039,1.);
#640=VECTOR('',#4048,1.);
#641=VECTOR('',#4051,1.);
#642=VECTOR('',#4052,1.);
#643=VECTOR('',#4053,1.);
#644=VECTOR('',#4056,1.);
#645=VECTOR('',#4059,1.);
#646=VECTOR('',#4060,1.);
#647=VECTOR('',#4067,1.);
#648=VECTOR('',#4070,1.);
#649=VECTOR('',#4073,1.);
#650=VECTOR('',#4074,1.);
#651=VECTOR('',#4077,1.);
#652=VECTOR('',#4078,1.);
#653=VECTOR('',#4081,1.);
#654=VECTOR('',#4086,1.);
#655=VECTOR('',#4087,1.);
#656=VECTOR('',#4090,1.);
#657=VECTOR('',#4091,1.);
#658=VECTOR('',#4094,1.);
#659=VECTOR('',#4101,1.);
#660=VECTOR('',#4102,1.);
#661=VECTOR('',#4103,1.);
#662=VECTOR('',#4106,1.);
#663=VECTOR('',#4111,1.);
#664=VECTOR('',#4112,1.);
#665=VECTOR('',#4117,1.);
#666=VECTOR('',#4120,1.);
#667=VECTOR('',#4125,1.);
#668=VECTOR('',#4126,1.);
#669=VECTOR('',#4129,1.);
#670=VECTOR('',#4134,1.);
#671=VECTOR('',#4145,1.);
#672=VECTOR('',#4148,1.);
#673=VECTOR('',#4149,1.);
#674=VECTOR('',#4160,1.);
#675=VECTOR('',#4161,1.);
#676=VECTOR('',#4170,1.);
#677=VECTOR('',#4171,1.);
#678=VECTOR('',#4176,1.);
#679=VECTOR('',#4179,1.);
#680=VECTOR('',#4186,1.);
#681=VECTOR('',#4187,1.);
#682=VECTOR('',#4188,1.);
#683=VECTOR('',#4189,1.);
#684=VECTOR('',#4192,1.);
#685=VECTOR('',#4193,1.);
#686=VECTOR('',#4194,1.);
#687=VECTOR('',#4197,1.);
#688=VECTOR('',#4198,1.);
#689=VECTOR('',#4199,1.);
#690=VECTOR('',#4200,1.);
#691=VECTOR('',#4201,1.);
#692=VECTOR('',#4202,1.);
#693=VECTOR('',#4205,1.);
#694=VECTOR('',#4206,1.);
#695=VECTOR('',#4207,1.);
#696=VECTOR('',#4210,1.);
#697=VECTOR('',#4211,1.);
#698=VECTOR('',#4214,1.);
#699=VECTOR('',#4215,1.);
#700=VECTOR('',#4218,1.);
#701=VECTOR('',#4219,1.);
#702=VECTOR('',#4222,1.);
#703=VECTOR('',#4223,1.);
#704=VECTOR('',#4224,1.);
#705=VECTOR('',#4225,1.);
#706=VECTOR('',#4226,1.);
#707=VECTOR('',#4229,1.);
#708=VECTOR('',#4230,1.);
#709=VECTOR('',#4233,1.);
#710=VECTOR('',#4234,1.);
#711=VECTOR('',#4237,1.);
#712=VECTOR('',#4246,1.);
#713=VECTOR('',#4247,1.);
#714=VECTOR('',#4248,1.);
#715=VECTOR('',#4249,1.);
#716=VECTOR('',#4250,1.);
#717=VECTOR('',#4251,1.);
#718=VECTOR('',#4252,1.);
#719=VECTOR('',#4253,1.);
#720=VECTOR('',#4256,1.);
#721=VECTOR('',#4257,1.);
#722=VECTOR('',#4258,1.);
#723=VECTOR('',#4265,1.);
#724=VECTOR('',#4266,1.);
#725=VECTOR('',#4267,1.);
#726=VECTOR('',#4268,1.);
#727=VECTOR('',#4269,1.);
#728=VECTOR('',#4272,1.);
#729=VECTOR('',#4273,1.);
#730=VECTOR('',#4274,1.);
#731=VECTOR('',#4275,1.);
#732=VECTOR('',#4276,1.);
#733=VECTOR('',#4277,1.);
#734=VECTOR('',#4278,1.);
#735=VECTOR('',#4279,1.);
#736=VECTOR('',#4280,1.);
#737=VECTOR('',#4283,1.);
#738=VECTOR('',#4286,1.);
#739=VECTOR('',#4289,1.);
#740=VECTOR('',#4290,1.);
#741=VECTOR('',#4291,1.);
#742=VECTOR('',#4294,1.);
#743=VECTOR('',#4295,1.);
#744=VECTOR('',#4296,1.);
#745=VECTOR('',#4297,1.);
#746=VECTOR('',#4300,1.);
#747=VECTOR('',#4301,1.);
#748=VECTOR('',#4302,1.);
#749=VECTOR('',#4311,1.);
#750=VECTOR('',#4312,1.);
#751=VECTOR('',#4313,1.);
#752=VECTOR('',#4314,1.);
#753=VECTOR('',#4317,1.);
#754=VECTOR('',#4318,1.);
#755=VECTOR('',#4319,1.);
#756=VECTOR('',#4320,1.);
#757=VECTOR('',#4329,1.);
#758=VECTOR('',#4330,1.);
#759=VECTOR('',#4331,1.);
#760=VECTOR('',#4332,1.);
#761=VECTOR('',#4333,1.);
#762=VECTOR('',#4334,1.);
#763=VECTOR('',#4335,1.);
#764=VECTOR('',#4336,1.);
#765=VECTOR('',#4337,1.);
#766=VECTOR('',#4340,1.);
#767=VECTOR('',#4343,1.);
#768=VECTOR('',#4346,1.);
#769=VECTOR('',#4347,1.);
#770=VECTOR('',#4352,1.);
#771=VECTOR('',#4355,1.);
#772=VECTOR('',#4356,1.);
#773=VECTOR('',#4357,1.);
#774=VECTOR('',#4358,1.);
#775=VECTOR('',#4361,1.);
#776=VECTOR('',#4362,1.);
#777=VECTOR('',#4365,1.);
#778=VECTOR('',#4366,1.);
#779=VECTOR('',#4367,1.);
#780=VECTOR('',#4370,1.);
#781=VECTOR('',#4375,1.);
#782=VECTOR('',#4376,1.);
#783=VECTOR('',#4377,1.);
#784=VECTOR('',#4378,1.);
#785=VECTOR('',#4379,1.);
#786=VECTOR('',#4382,1.);
#787=VECTOR('',#4383,1.);
#788=VECTOR('',#4384,1.);
#789=VECTOR('',#4387,1.);
#790=VECTOR('',#4390,1.);
#791=VECTOR('',#4395,1.);
#792=VECTOR('',#4398,1.);
#793=VECTOR('',#4399,1.);
#794=VECTOR('',#4402,1.);
#795=VECTOR('',#4405,1.);
#796=VECTOR('',#4408,1.);
#797=VECTOR('',#4409,1.);
#798=VECTOR('',#4410,1.);
#799=VECTOR('',#4411,1.);
#800=VECTOR('',#4414,1.);
#801=VECTOR('',#4415,1.);
#802=VECTOR('',#4416,1.);
#803=VECTOR('',#4417,1.);
#804=VECTOR('',#4418,1.);
#805=VECTOR('',#4419,1.);
#806=VECTOR('',#4422,1.);
#807=VECTOR('',#4423,1.);
#808=VECTOR('',#4424,1.);
#809=VECTOR('',#4425,1.);
#810=VECTOR('',#4426,1.);
#811=VECTOR('',#4427,1.);
#812=VECTOR('',#4428,1.);
#813=VECTOR('',#4431,1.);
#814=VECTOR('',#4432,1.);
#815=VECTOR('',#4433,1.);
#816=VECTOR('',#4438,1.);
#817=VECTOR('',#4439,1.);
#818=VECTOR('',#4440,1.);
#819=VECTOR('',#4443,1.);
#820=VECTOR('',#4444,1.);
#821=VECTOR('',#4445,1.);
#822=VECTOR('',#4446,1.);
#823=VECTOR('',#4447,1.);
#824=VECTOR('',#4448,1.);
#825=VECTOR('',#4449,1.);
#826=VECTOR('',#4450,1.);
#827=VECTOR('',#4451,1.);
#828=VECTOR('',#4452,1.);
#829=VECTOR('',#4455,1.);
#830=VECTOR('',#4458,1.);
#831=VECTOR('',#4463,1.);
#832=VECTOR('',#4464,1.);
#833=VECTOR('',#4465,1.);
#834=VECTOR('',#4466,1.);
#835=VECTOR('',#4469,1.);
#836=VECTOR('',#4470,1.);
#837=VECTOR('',#4471,1.);
#838=VECTOR('',#4474,1.);
#839=VECTOR('',#4475,1.);
#840=VECTOR('',#4476,1.);
#841=VECTOR('',#4477,1.);
#842=VECTOR('',#4478,1.);
#843=VECTOR('',#4479,1.);
#844=VECTOR('',#4480,1.);
#845=VECTOR('',#4481,1.);
#846=VECTOR('',#4482,1.);
#847=VECTOR('',#4485,1.);
#848=VECTOR('',#4486,1.);
#849=VECTOR('',#4489,1.);
#850=VECTOR('',#4490,1.);
#851=VECTOR('',#4493,1.);
#852=VECTOR('',#4496,1.);
#853=VECTOR('',#4499,1.);
#854=VECTOR('',#4502,1.);
#855=VECTOR('',#4503,1.);
#856=VECTOR('',#4504,1.);
#857=VECTOR('',#4507,1.);
#858=VECTOR('',#4510,1.);
#859=VECTOR('',#4511,1.);
#860=VECTOR('',#4518,1.);
#861=VECTOR('',#4521,1.);
#862=VECTOR('',#4524,1.);
#863=VECTOR('',#4525,1.);
#864=VECTOR('',#4528,1.);
#865=VECTOR('',#4529,1.);
#866=VECTOR('',#4532,1.);
#867=VECTOR('',#4537,1.);
#868=VECTOR('',#4538,1.);
#869=VECTOR('',#4541,1.);
#870=VECTOR('',#4542,1.);
#871=VECTOR('',#4545,1.);
#872=VECTOR('',#4552,1.);
#873=VECTOR('',#4553,1.);
#874=VECTOR('',#4554,1.);
#875=VECTOR('',#4557,1.);
#876=VECTOR('',#4562,1.);
#877=VECTOR('',#4563,1.);
#878=VECTOR('',#4566,1.);
#879=VECTOR('',#4573,1.);
#880=VECTOR('',#4576,1.);
#881=VECTOR('',#4577,1.);
#882=VECTOR('',#4582,1.);
#883=VECTOR('',#4585,1.);
#884=VECTOR('',#4594,1.);
#885=VECTOR('',#4597,1.);
#886=VECTOR('',#4600,1.);
#887=VECTOR('',#4601,1.);
#888=VECTOR('',#4612,1.);
#889=VECTOR('',#4613,1.);
#890=VECTOR('',#4622,1.);
#891=VECTOR('',#4623,1.);
#892=VECTOR('',#4626,1.);
#893=VECTOR('',#4631,1.);
#894=VECTOR('',#4636,1.);
#895=VECTOR('',#4637,1.);
#896=VECTOR('',#4638,1.);
#897=VECTOR('',#4641,1.);
#898=VECTOR('',#4642,1.);
#899=VECTOR('',#4645,1.);
#900=VECTOR('',#4646,1.);
#901=VECTOR('',#4649,1.);
#902=VECTOR('',#4650,1.);
#903=VECTOR('',#4653,1.);
#904=VECTOR('',#4654,1.);
#905=VECTOR('',#4657,1.);
#906=VECTOR('',#4662,1.);
#907=VECTOR('',#4665,1.);
#908=VECTOR('',#4668,1.);
#909=ORIENTED_EDGE('',*,*,#1919,.F.);
#910=ORIENTED_EDGE('',*,*,#1920,.T.);
#911=ORIENTED_EDGE('',*,*,#1921,.F.);
#912=ORIENTED_EDGE('',*,*,#1922,.T.);
#913=ORIENTED_EDGE('',*,*,#1923,.T.);
#914=ORIENTED_EDGE('',*,*,#1924,.T.);
#915=ORIENTED_EDGE('',*,*,#1925,.T.);
#916=ORIENTED_EDGE('',*,*,#1926,.F.);
#917=ORIENTED_EDGE('',*,*,#1927,.T.);
#918=ORIENTED_EDGE('',*,*,#1928,.F.);
#919=ORIENTED_EDGE('',*,*,#1929,.T.);
#920=ORIENTED_EDGE('',*,*,#1930,.T.);
#921=ORIENTED_EDGE('',*,*,#1931,.T.);
#922=ORIENTED_EDGE('',*,*,#1932,.T.);
#923=ORIENTED_EDGE('',*,*,#1933,.T.);
#924=ORIENTED_EDGE('',*,*,#1934,.T.);
#925=ORIENTED_EDGE('',*,*,#1935,.T.);
#926=ORIENTED_EDGE('',*,*,#1936,.T.);
#927=ORIENTED_EDGE('',*,*,#1937,.T.);
#928=ORIENTED_EDGE('',*,*,#1938,.T.);
#929=ORIENTED_EDGE('',*,*,#1939,.T.);
#930=ORIENTED_EDGE('',*,*,#1940,.F.);
#931=ORIENTED_EDGE('',*,*,#1941,.F.);
#932=ORIENTED_EDGE('',*,*,#1942,.F.);
#933=ORIENTED_EDGE('',*,*,#1943,.T.);
#934=ORIENTED_EDGE('',*,*,#1944,.F.);
#935=ORIENTED_EDGE('',*,*,#1943,.F.);
#936=ORIENTED_EDGE('',*,*,#1945,.F.);
#937=ORIENTED_EDGE('',*,*,#1946,.T.);
#938=ORIENTED_EDGE('',*,*,#1947,.F.);
#939=ORIENTED_EDGE('',*,*,#1948,.F.);
#940=ORIENTED_EDGE('',*,*,#1949,.F.);
#941=ORIENTED_EDGE('',*,*,#1950,.F.);
#942=ORIENTED_EDGE('',*,*,#1951,.T.);
#943=ORIENTED_EDGE('',*,*,#1952,.F.);
#944=ORIENTED_EDGE('',*,*,#1953,.T.);
#945=ORIENTED_EDGE('',*,*,#1954,.F.);
#946=ORIENTED_EDGE('',*,*,#1955,.T.);
#947=ORIENTED_EDGE('',*,*,#1956,.T.);
#948=ORIENTED_EDGE('',*,*,#1957,.F.);
#949=ORIENTED_EDGE('',*,*,#1958,.F.);
#950=ORIENTED_EDGE('',*,*,#1959,.T.);
#951=ORIENTED_EDGE('',*,*,#1960,.T.);
#952=ORIENTED_EDGE('',*,*,#1961,.F.);
#953=ORIENTED_EDGE('',*,*,#1962,.F.);
#954=ORIENTED_EDGE('',*,*,#1958,.T.);
#955=ORIENTED_EDGE('',*,*,#1963,.T.);
#956=ORIENTED_EDGE('',*,*,#1955,.F.);
#957=ORIENTED_EDGE('',*,*,#1964,.T.);
#958=ORIENTED_EDGE('',*,*,#1965,.T.);
#959=ORIENTED_EDGE('',*,*,#1966,.T.);
#960=ORIENTED_EDGE('',*,*,#1967,.F.);
#961=ORIENTED_EDGE('',*,*,#1968,.F.);
#962=ORIENTED_EDGE('',*,*,#1969,.T.);
#963=ORIENTED_EDGE('',*,*,#1970,.T.);
#964=ORIENTED_EDGE('',*,*,#1971,.F.);
#965=ORIENTED_EDGE('',*,*,#1972,.T.);
#966=ORIENTED_EDGE('',*,*,#1968,.T.);
#967=ORIENTED_EDGE('',*,*,#1973,.T.);
#968=ORIENTED_EDGE('',*,*,#1965,.F.);
#969=ORIENTED_EDGE('',*,*,#1974,.T.);
#970=ORIENTED_EDGE('',*,*,#1975,.T.);
#971=ORIENTED_EDGE('',*,*,#1921,.T.);
#972=ORIENTED_EDGE('',*,*,#1976,.F.);
#973=ORIENTED_EDGE('',*,*,#1977,.T.);
#974=ORIENTED_EDGE('',*,*,#1957,.T.);
#975=ORIENTED_EDGE('',*,*,#1978,.F.);
#976=ORIENTED_EDGE('',*,*,#1979,.T.);
#977=ORIENTED_EDGE('',*,*,#1980,.F.);
#978=ORIENTED_EDGE('',*,*,#1981,.F.);
#979=ORIENTED_EDGE('',*,*,#1982,.F.);
#980=ORIENTED_EDGE('',*,*,#1970,.F.);
#981=ORIENTED_EDGE('',*,*,#1983,.T.);
#982=ORIENTED_EDGE('',*,*,#1984,.T.);
#983=ORIENTED_EDGE('',*,*,#1985,.T.);
#984=ORIENTED_EDGE('',*,*,#1986,.T.);
#985=ORIENTED_EDGE('',*,*,#1987,.F.);
#986=ORIENTED_EDGE('',*,*,#1988,.F.);
#987=ORIENTED_EDGE('',*,*,#1989,.F.);
#988=ORIENTED_EDGE('',*,*,#1960,.F.);
#989=ORIENTED_EDGE('',*,*,#1990,.F.);
#990=ORIENTED_EDGE('',*,*,#1991,.F.);
#991=ORIENTED_EDGE('',*,*,#1992,.T.);
#992=ORIENTED_EDGE('',*,*,#1993,.T.);
#993=ORIENTED_EDGE('',*,*,#1994,.T.);
#994=ORIENTED_EDGE('',*,*,#1995,.T.);
#995=ORIENTED_EDGE('',*,*,#1996,.T.);
#996=ORIENTED_EDGE('',*,*,#1997,.T.);
#997=ORIENTED_EDGE('',*,*,#1998,.F.);
#998=ORIENTED_EDGE('',*,*,#1999,.T.);
#999=ORIENTED_EDGE('',*,*,#2000,.T.);
#1000=ORIENTED_EDGE('',*,*,#2001,.T.);
#1001=ORIENTED_EDGE('',*,*,#2002,.T.);
#1002=ORIENTED_EDGE('',*,*,#1993,.F.);
#1003=ORIENTED_EDGE('',*,*,#2003,.T.);
#1004=ORIENTED_EDGE('',*,*,#1987,.T.);
#1005=ORIENTED_EDGE('',*,*,#2004,.T.);
#1006=ORIENTED_EDGE('',*,*,#2005,.T.);
#1007=ORIENTED_EDGE('',*,*,#1941,.T.);
#1008=ORIENTED_EDGE('',*,*,#2006,.F.);
#1009=ORIENTED_EDGE('',*,*,#1997,.F.);
#1010=ORIENTED_EDGE('',*,*,#2007,.T.);
#1011=ORIENTED_EDGE('',*,*,#2008,.F.);
#1012=ORIENTED_EDGE('',*,*,#2009,.F.);
#1013=ORIENTED_EDGE('',*,*,#2010,.F.);
#1014=ORIENTED_EDGE('',*,*,#2011,.F.);
#1015=ORIENTED_EDGE('',*,*,#2012,.F.);
#1016=ORIENTED_EDGE('',*,*,#2013,.T.);
#1017=ORIENTED_EDGE('',*,*,#1980,.T.);
#1018=ORIENTED_EDGE('',*,*,#2014,.F.);
#1019=ORIENTED_EDGE('',*,*,#2015,.F.);
#1020=ORIENTED_EDGE('',*,*,#2016,.T.);
#1021=ORIENTED_EDGE('',*,*,#1967,.T.);
#1022=ORIENTED_EDGE('',*,*,#2017,.F.);
#1023=ORIENTED_EDGE('',*,*,#2018,.F.);
#1024=ORIENTED_EDGE('',*,*,#2019,.T.);
#1025=ORIENTED_EDGE('',*,*,#1948,.T.);
#1026=ORIENTED_EDGE('',*,*,#2018,.T.);
#1027=ORIENTED_EDGE('',*,*,#2020,.T.);
#1028=ORIENTED_EDGE('',*,*,#2021,.F.);
#1029=ORIENTED_EDGE('',*,*,#2011,.T.);
#1030=ORIENTED_EDGE('',*,*,#2022,.T.);
#1031=ORIENTED_EDGE('',*,*,#2023,.F.);
#1032=ORIENTED_EDGE('',*,*,#2024,.F.);
#1033=ORIENTED_EDGE('',*,*,#2025,.T.);
#1034=ORIENTED_EDGE('',*,*,#2012,.T.);
#1035=ORIENTED_EDGE('',*,*,#2021,.T.);
#1036=ORIENTED_EDGE('',*,*,#2026,.F.);
#1037=ORIENTED_EDGE('',*,*,#1995,.F.);
#1038=ORIENTED_EDGE('',*,*,#2027,.T.);
#1039=ORIENTED_EDGE('',*,*,#2028,.F.);
#1040=ORIENTED_EDGE('',*,*,#2029,.F.);
#1041=ORIENTED_EDGE('',*,*,#2030,.F.);
#1042=ORIENTED_EDGE('',*,*,#2031,.F.);
#1043=ORIENTED_EDGE('',*,*,#2032,.F.);
#1044=ORIENTED_EDGE('',*,*,#2033,.F.);
#1045=ORIENTED_EDGE('',*,*,#2034,.F.);
#1046=ORIENTED_EDGE('',*,*,#2035,.F.);
#1047=ORIENTED_EDGE('',*,*,#2036,.T.);
#1048=ORIENTED_EDGE('',*,*,#2037,.F.);
#1049=ORIENTED_EDGE('',*,*,#2038,.F.);
#1050=ORIENTED_EDGE('',*,*,#2039,.F.);
#1051=ORIENTED_EDGE('',*,*,#2028,.T.);
#1052=ORIENTED_EDGE('',*,*,#2040,.T.);
#1053=ORIENTED_EDGE('',*,*,#2001,.F.);
#1054=ORIENTED_EDGE('',*,*,#2041,.T.);
#1055=ORIENTED_EDGE('',*,*,#2042,.F.);
#1056=ORIENTED_EDGE('',*,*,#2043,.F.);
#1057=ORIENTED_EDGE('',*,*,#2042,.T.);
#1058=ORIENTED_EDGE('',*,*,#2044,.T.);
#1059=ORIENTED_EDGE('',*,*,#2045,.F.);
#1060=ORIENTED_EDGE('',*,*,#2046,.T.);
#1061=ORIENTED_EDGE('',*,*,#2047,.T.);
#1062=ORIENTED_EDGE('',*,*,#2048,.T.);
#1063=ORIENTED_EDGE('',*,*,#2049,.T.);
#1064=ORIENTED_EDGE('',*,*,#1927,.F.);
#1065=ORIENTED_EDGE('',*,*,#2050,.F.);
#1066=ORIENTED_EDGE('',*,*,#2051,.F.);
#1067=ORIENTED_EDGE('',*,*,#2052,.T.);
#1068=ORIENTED_EDGE('',*,*,#2053,.F.);
#1069=ORIENTED_EDGE('',*,*,#2054,.T.);
#1070=ORIENTED_EDGE('',*,*,#2045,.T.);
#1071=ORIENTED_EDGE('',*,*,#2055,.T.);
#1072=ORIENTED_EDGE('',*,*,#1999,.F.);
#1073=ORIENTED_EDGE('',*,*,#2056,.F.);
#1074=ORIENTED_EDGE('',*,*,#2057,.T.);
#1075=ORIENTED_EDGE('',*,*,#2058,.F.);
#1076=ORIENTED_EDGE('',*,*,#2059,.F.);
#1077=ORIENTED_EDGE('',*,*,#2060,.F.);
#1078=ORIENTED_EDGE('',*,*,#1922,.F.);
#1079=ORIENTED_EDGE('',*,*,#1975,.F.);
#1080=ORIENTED_EDGE('',*,*,#2061,.T.);
#1081=ORIENTED_EDGE('',*,*,#2062,.T.);
#1082=ORIENTED_EDGE('',*,*,#1952,.T.);
#1083=ORIENTED_EDGE('',*,*,#2063,.F.);
#1084=ORIENTED_EDGE('',*,*,#2064,.T.);
#1085=ORIENTED_EDGE('',*,*,#2037,.T.);
#1086=ORIENTED_EDGE('',*,*,#2065,.F.);
#1087=ORIENTED_EDGE('',*,*,#2066,.T.);
#1088=ORIENTED_EDGE('',*,*,#2067,.F.);
#1089=ORIENTED_EDGE('',*,*,#2068,.T.);
#1090=ORIENTED_EDGE('',*,*,#2030,.T.);
#1091=ORIENTED_EDGE('',*,*,#2069,.T.);
#1092=ORIENTED_EDGE('',*,*,#2051,.T.);
#1093=ORIENTED_EDGE('',*,*,#2070,.T.);
#1094=ORIENTED_EDGE('',*,*,#2071,.T.);
#1095=ORIENTED_EDGE('',*,*,#2072,.F.);
#1096=ORIENTED_EDGE('',*,*,#2073,.T.);
#1097=ORIENTED_EDGE('',*,*,#2074,.F.);
#1098=ORIENTED_EDGE('',*,*,#2075,.T.);
#1099=ORIENTED_EDGE('',*,*,#2076,.T.);
#1100=ORIENTED_EDGE('',*,*,#2077,.T.);
#1101=ORIENTED_EDGE('',*,*,#2022,.F.);
#1102=ORIENTED_EDGE('',*,*,#2010,.T.);
#1103=ORIENTED_EDGE('',*,*,#2078,.F.);
#1104=ORIENTED_EDGE('',*,*,#2079,.T.);
#1105=ORIENTED_EDGE('',*,*,#2080,.F.);
#1106=ORIENTED_EDGE('',*,*,#2081,.F.);
#1107=ORIENTED_EDGE('',*,*,#2019,.F.);
#1108=ORIENTED_EDGE('',*,*,#2024,.T.);
#1109=ORIENTED_EDGE('',*,*,#2082,.T.);
#1110=ORIENTED_EDGE('',*,*,#2083,.T.);
#1111=ORIENTED_EDGE('',*,*,#2084,.T.);
#1112=ORIENTED_EDGE('',*,*,#1949,.T.);
#1113=ORIENTED_EDGE('',*,*,#2079,.F.);
#1114=ORIENTED_EDGE('',*,*,#2085,.T.);
#1115=ORIENTED_EDGE('',*,*,#2077,.F.);
#1116=ORIENTED_EDGE('',*,*,#2086,.T.);
#1117=ORIENTED_EDGE('',*,*,#2087,.F.);
#1118=ORIENTED_EDGE('',*,*,#2088,.F.);
#1119=ORIENTED_EDGE('',*,*,#2073,.F.);
#1120=ORIENTED_EDGE('',*,*,#2089,.F.);
#1121=ORIENTED_EDGE('',*,*,#2090,.F.);
#1122=ORIENTED_EDGE('',*,*,#2091,.T.);
#1123=ORIENTED_EDGE('',*,*,#1925,.F.);
#1124=ORIENTED_EDGE('',*,*,#2092,.F.);
#1125=ORIENTED_EDGE('',*,*,#2059,.T.);
#1126=ORIENTED_EDGE('',*,*,#2093,.F.);
#1127=ORIENTED_EDGE('',*,*,#2094,.F.);
#1128=ORIENTED_EDGE('',*,*,#2095,.T.);
#1129=ORIENTED_EDGE('',*,*,#2096,.F.);
#1130=ORIENTED_EDGE('',*,*,#2048,.F.);
#1131=ORIENTED_EDGE('',*,*,#2097,.F.);
#1132=ORIENTED_EDGE('',*,*,#1985,.F.);
#1133=ORIENTED_EDGE('',*,*,#2096,.T.);
#1134=ORIENTED_EDGE('',*,*,#2098,.T.);
#1135=ORIENTED_EDGE('',*,*,#1928,.T.);
#1136=ORIENTED_EDGE('',*,*,#2049,.F.);
#1137=ORIENTED_EDGE('',*,*,#2097,.T.);
#1138=ORIENTED_EDGE('',*,*,#2047,.F.);
#1139=ORIENTED_EDGE('',*,*,#2099,.F.);
#1140=ORIENTED_EDGE('',*,*,#1946,.F.);
#1141=ORIENTED_EDGE('',*,*,#2100,.T.);
#1142=ORIENTED_EDGE('',*,*,#2004,.F.);
#1143=ORIENTED_EDGE('',*,*,#1986,.F.);
#1144=ORIENTED_EDGE('',*,*,#2101,.F.);
#1145=ORIENTED_EDGE('',*,*,#2099,.T.);
#1146=ORIENTED_EDGE('',*,*,#2046,.F.);
#1147=ORIENTED_EDGE('',*,*,#2054,.F.);
#1148=ORIENTED_EDGE('',*,*,#2100,.F.);
#1149=ORIENTED_EDGE('',*,*,#1945,.T.);
#1150=ORIENTED_EDGE('',*,*,#1942,.T.);
#1151=ORIENTED_EDGE('',*,*,#2005,.F.);
#1152=ORIENTED_EDGE('',*,*,#2102,.F.);
#1153=ORIENTED_EDGE('',*,*,#2056,.T.);
#1154=ORIENTED_EDGE('',*,*,#2092,.T.);
#1155=ORIENTED_EDGE('',*,*,#1924,.F.);
#1156=ORIENTED_EDGE('',*,*,#2058,.T.);
#1157=ORIENTED_EDGE('',*,*,#2103,.T.);
#1158=ORIENTED_EDGE('',*,*,#2104,.F.);
#1159=ORIENTED_EDGE('',*,*,#2105,.F.);
#1160=ORIENTED_EDGE('',*,*,#2080,.T.);
#1161=ORIENTED_EDGE('',*,*,#2093,.T.);
#1162=ORIENTED_EDGE('',*,*,#2082,.F.);
#1163=ORIENTED_EDGE('',*,*,#2023,.T.);
#1164=ORIENTED_EDGE('',*,*,#2081,.T.);
#1165=ORIENTED_EDGE('',*,*,#2105,.T.);
#1166=ORIENTED_EDGE('',*,*,#2106,.T.);
#1167=ORIENTED_EDGE('',*,*,#2107,.F.);
#1168=ORIENTED_EDGE('',*,*,#2108,.T.);
#1169=ORIENTED_EDGE('',*,*,#1950,.T.);
#1170=ORIENTED_EDGE('',*,*,#2084,.F.);
#1171=ORIENTED_EDGE('',*,*,#2109,.F.);
#1172=ORIENTED_EDGE('',*,*,#2107,.T.);
#1173=ORIENTED_EDGE('',*,*,#2083,.F.);
#1174=ORIENTED_EDGE('',*,*,#2106,.F.);
#1175=ORIENTED_EDGE('',*,*,#2104,.T.);
#1176=ORIENTED_EDGE('',*,*,#2009,.T.);
#1177=ORIENTED_EDGE('',*,*,#2110,.T.);
#1178=ORIENTED_EDGE('',*,*,#2063,.T.);
#1179=ORIENTED_EDGE('',*,*,#2085,.F.);
#1180=ORIENTED_EDGE('',*,*,#2078,.T.);
#1181=ORIENTED_EDGE('',*,*,#1996,.F.);
#1182=ORIENTED_EDGE('',*,*,#2039,.T.);
#1183=ORIENTED_EDGE('',*,*,#2111,.F.);
#1184=ORIENTED_EDGE('',*,*,#2007,.F.);
#1185=ORIENTED_EDGE('',*,*,#2070,.F.);
#1186=ORIENTED_EDGE('',*,*,#2050,.T.);
#1187=ORIENTED_EDGE('',*,*,#1926,.T.);
#1188=ORIENTED_EDGE('',*,*,#2091,.F.);
#1189=ORIENTED_EDGE('',*,*,#2112,.F.);
#1190=ORIENTED_EDGE('',*,*,#2113,.T.);
#1191=ORIENTED_EDGE('',*,*,#2090,.T.);
#1192=ORIENTED_EDGE('',*,*,#2114,.F.);
#1193=ORIENTED_EDGE('',*,*,#2115,.F.);
#1194=ORIENTED_EDGE('',*,*,#2112,.T.);
#1195=ORIENTED_EDGE('',*,*,#2089,.T.);
#1196=ORIENTED_EDGE('',*,*,#2072,.T.);
#1197=ORIENTED_EDGE('',*,*,#2116,.F.);
#1198=ORIENTED_EDGE('',*,*,#2114,.T.);
#1199=ORIENTED_EDGE('',*,*,#2071,.F.);
#1200=ORIENTED_EDGE('',*,*,#2113,.F.);
#1201=ORIENTED_EDGE('',*,*,#2115,.T.);
#1202=ORIENTED_EDGE('',*,*,#2116,.T.);
#1203=ORIENTED_EDGE('',*,*,#2117,.F.);
#1204=ORIENTED_EDGE('',*,*,#2074,.T.);
#1205=ORIENTED_EDGE('',*,*,#2088,.T.);
#1206=ORIENTED_EDGE('',*,*,#2118,.F.);
#1207=ORIENTED_EDGE('',*,*,#2087,.T.);
#1208=ORIENTED_EDGE('',*,*,#2119,.F.);
#1209=ORIENTED_EDGE('',*,*,#2120,.F.);
#1210=ORIENTED_EDGE('',*,*,#2118,.T.);
#1211=ORIENTED_EDGE('',*,*,#2076,.F.);
#1212=ORIENTED_EDGE('',*,*,#2121,.T.);
#1213=ORIENTED_EDGE('',*,*,#2119,.T.);
#1214=ORIENTED_EDGE('',*,*,#2086,.F.);
#1215=ORIENTED_EDGE('',*,*,#2075,.F.);
#1216=ORIENTED_EDGE('',*,*,#2117,.T.);
#1217=ORIENTED_EDGE('',*,*,#2120,.T.);
#1218=ORIENTED_EDGE('',*,*,#2121,.F.);
#1219=ORIENTED_EDGE('',*,*,#2043,.T.);
#1220=ORIENTED_EDGE('',*,*,#2052,.F.);
#1221=ORIENTED_EDGE('',*,*,#2069,.F.);
#1222=ORIENTED_EDGE('',*,*,#2029,.T.);
#1223=ORIENTED_EDGE('',*,*,#2067,.T.);
#1224=ORIENTED_EDGE('',*,*,#2122,.F.);
#1225=ORIENTED_EDGE('',*,*,#2123,.T.);
#1226=ORIENTED_EDGE('',*,*,#2124,.T.);
#1227=ORIENTED_EDGE('',*,*,#2125,.F.);
#1228=ORIENTED_EDGE('',*,*,#2126,.F.);
#1229=ORIENTED_EDGE('',*,*,#2122,.T.);
#1230=ORIENTED_EDGE('',*,*,#2066,.F.);
#1231=ORIENTED_EDGE('',*,*,#2065,.T.);
#1232=ORIENTED_EDGE('',*,*,#2036,.F.);
#1233=ORIENTED_EDGE('',*,*,#2127,.F.);
#1234=ORIENTED_EDGE('',*,*,#2128,.T.);
#1235=ORIENTED_EDGE('',*,*,#2125,.T.);
#1236=ORIENTED_EDGE('',*,*,#2124,.F.);
#1237=ORIENTED_EDGE('',*,*,#2129,.F.);
#1238=ORIENTED_EDGE('',*,*,#2130,.T.);
#1239=ORIENTED_EDGE('',*,*,#2031,.T.);
#1240=ORIENTED_EDGE('',*,*,#2068,.F.);
#1241=ORIENTED_EDGE('',*,*,#2035,.T.);
#1242=ORIENTED_EDGE('',*,*,#2131,.F.);
#1243=ORIENTED_EDGE('',*,*,#2132,.F.);
#1244=ORIENTED_EDGE('',*,*,#2127,.T.);
#1245=ORIENTED_EDGE('',*,*,#2034,.T.);
#1246=ORIENTED_EDGE('',*,*,#2133,.F.);
#1247=ORIENTED_EDGE('',*,*,#2134,.F.);
#1248=ORIENTED_EDGE('',*,*,#2131,.T.);
#1249=ORIENTED_EDGE('',*,*,#2033,.T.);
#1250=ORIENTED_EDGE('',*,*,#2135,.F.);
#1251=ORIENTED_EDGE('',*,*,#2136,.F.);
#1252=ORIENTED_EDGE('',*,*,#2133,.T.);
#1253=ORIENTED_EDGE('',*,*,#2032,.T.);
#1254=ORIENTED_EDGE('',*,*,#2130,.F.);
#1255=ORIENTED_EDGE('',*,*,#2137,.F.);
#1256=ORIENTED_EDGE('',*,*,#2135,.T.);
#1257=ORIENTED_EDGE('',*,*,#2128,.F.);
#1258=ORIENTED_EDGE('',*,*,#2132,.T.);
#1259=ORIENTED_EDGE('',*,*,#2134,.T.);
#1260=ORIENTED_EDGE('',*,*,#2136,.T.);
#1261=ORIENTED_EDGE('',*,*,#2137,.T.);
#1262=ORIENTED_EDGE('',*,*,#2129,.T.);
#1263=ORIENTED_EDGE('',*,*,#2123,.F.);
#1264=ORIENTED_EDGE('',*,*,#2126,.T.);
#1265=ORIENTED_EDGE('',*,*,#2014,.T.);
#1266=ORIENTED_EDGE('',*,*,#2060,.T.);
#1267=ORIENTED_EDGE('',*,*,#1951,.F.);
#1268=ORIENTED_EDGE('',*,*,#2108,.F.);
#1269=ORIENTED_EDGE('',*,*,#2109,.T.);
#1270=ORIENTED_EDGE('',*,*,#2103,.F.);
#1271=ORIENTED_EDGE('',*,*,#2057,.F.);
#1272=ORIENTED_EDGE('',*,*,#2102,.T.);
#1273=ORIENTED_EDGE('',*,*,#1923,.F.);
#1274=ORIENTED_EDGE('',*,*,#2110,.F.);
#1275=ORIENTED_EDGE('',*,*,#2008,.T.);
#1276=ORIENTED_EDGE('',*,*,#2111,.T.);
#1277=ORIENTED_EDGE('',*,*,#2038,.T.);
#1278=ORIENTED_EDGE('',*,*,#2064,.F.);
#1279=ORIENTED_EDGE('',*,*,#2041,.F.);
#1280=ORIENTED_EDGE('',*,*,#2000,.F.);
#1281=ORIENTED_EDGE('',*,*,#2055,.F.);
#1282=ORIENTED_EDGE('',*,*,#2044,.F.);
#1283=ORIENTED_EDGE('',*,*,#1966,.F.);
#1284=ORIENTED_EDGE('',*,*,#1973,.F.);
#1285=ORIENTED_EDGE('',*,*,#1971,.T.);
#1286=ORIENTED_EDGE('',*,*,#1982,.T.);
#1287=ORIENTED_EDGE('',*,*,#2138,.T.);
#1288=ORIENTED_EDGE('',*,*,#2026,.T.);
#1289=ORIENTED_EDGE('',*,*,#2020,.F.);
#1290=ORIENTED_EDGE('',*,*,#2017,.T.);
#1291=ORIENTED_EDGE('',*,*,#1956,.F.);
#1292=ORIENTED_EDGE('',*,*,#1963,.F.);
#1293=ORIENTED_EDGE('',*,*,#1961,.T.);
#1294=ORIENTED_EDGE('',*,*,#1989,.T.);
#1295=ORIENTED_EDGE('',*,*,#2139,.T.);
#1296=ORIENTED_EDGE('',*,*,#1991,.T.);
#1297=ORIENTED_EDGE('',*,*,#2140,.F.);
#1298=ORIENTED_EDGE('',*,*,#1978,.T.);
#1299=ORIENTED_EDGE('',*,*,#2027,.F.);
#1300=ORIENTED_EDGE('',*,*,#1994,.F.);
#1301=ORIENTED_EDGE('',*,*,#2002,.F.);
#1302=ORIENTED_EDGE('',*,*,#2040,.F.);
#1303=ORIENTED_EDGE('',*,*,#1981,.T.);
#1304=ORIENTED_EDGE('',*,*,#2013,.F.);
#1305=ORIENTED_EDGE('',*,*,#2025,.F.);
#1306=ORIENTED_EDGE('',*,*,#2138,.F.);
#1307=ORIENTED_EDGE('',*,*,#2140,.T.);
#1308=ORIENTED_EDGE('',*,*,#1990,.T.);
#1309=ORIENTED_EDGE('',*,*,#2006,.T.);
#1310=ORIENTED_EDGE('',*,*,#1979,.F.);
#1311=ORIENTED_EDGE('',*,*,#1988,.T.);
#1312=ORIENTED_EDGE('',*,*,#2003,.F.);
#1313=ORIENTED_EDGE('',*,*,#1992,.F.);
#1314=ORIENTED_EDGE('',*,*,#2139,.F.);
#1315=ORIENTED_EDGE('',*,*,#1947,.T.);
#1316=ORIENTED_EDGE('',*,*,#2141,.F.);
#1317=ORIENTED_EDGE('',*,*,#2142,.T.);
#1318=ORIENTED_EDGE('',*,*,#2015,.T.);
#1319=ORIENTED_EDGE('',*,*,#2062,.F.);
#1320=ORIENTED_EDGE('',*,*,#2143,.F.);
#1321=ORIENTED_EDGE('',*,*,#2141,.T.);
#1322=ORIENTED_EDGE('',*,*,#1953,.F.);
#1323=ORIENTED_EDGE('',*,*,#1974,.F.);
#1324=ORIENTED_EDGE('',*,*,#1969,.F.);
#1325=ORIENTED_EDGE('',*,*,#1972,.F.);
#1326=ORIENTED_EDGE('',*,*,#1964,.F.);
#1327=ORIENTED_EDGE('',*,*,#2016,.F.);
#1328=ORIENTED_EDGE('',*,*,#2142,.F.);
#1329=ORIENTED_EDGE('',*,*,#2143,.T.);
#1330=ORIENTED_EDGE('',*,*,#2061,.F.);
#1331=ORIENTED_EDGE('',*,*,#2094,.T.);
#1332=ORIENTED_EDGE('',*,*,#1984,.F.);
#1333=ORIENTED_EDGE('',*,*,#2144,.T.);
#1334=ORIENTED_EDGE('',*,*,#2145,.T.);
#1335=ORIENTED_EDGE('',*,*,#2145,.F.);
#1336=ORIENTED_EDGE('',*,*,#2146,.F.);
#1337=ORIENTED_EDGE('',*,*,#2147,.T.);
#1338=ORIENTED_EDGE('',*,*,#1919,.T.);
#1339=ORIENTED_EDGE('',*,*,#2098,.F.);
#1340=ORIENTED_EDGE('',*,*,#2095,.F.);
#1341=ORIENTED_EDGE('',*,*,#1920,.F.);
#1342=ORIENTED_EDGE('',*,*,#2147,.F.);
#1343=ORIENTED_EDGE('',*,*,#2148,.T.);
#1344=ORIENTED_EDGE('',*,*,#1976,.T.);
#1345=ORIENTED_EDGE('',*,*,#1983,.F.);
#1346=ORIENTED_EDGE('',*,*,#1959,.F.);
#1347=ORIENTED_EDGE('',*,*,#1962,.T.);
#1348=ORIENTED_EDGE('',*,*,#1954,.T.);
#1349=ORIENTED_EDGE('',*,*,#1977,.F.);
#1350=ORIENTED_EDGE('',*,*,#2148,.F.);
#1351=ORIENTED_EDGE('',*,*,#2146,.T.);
#1352=ORIENTED_EDGE('',*,*,#2144,.F.);
#1353=ORIENTED_EDGE('',*,*,#1940,.T.);
#1354=ORIENTED_EDGE('',*,*,#1944,.T.);
#1355=ORIENTED_EDGE('',*,*,#2101,.T.);
#1356=ORIENTED_EDGE('',*,*,#2053,.T.);
#1357=ORIENTED_EDGE('',*,*,#1998,.T.);
#1358=ORIENTED_EDGE('',*,*,#2149,.F.);
#1359=ORIENTED_EDGE('',*,*,#2150,.F.);
#1360=ORIENTED_EDGE('',*,*,#2151,.T.);
#1361=ORIENTED_EDGE('',*,*,#2152,.T.);
#1362=ORIENTED_EDGE('',*,*,#2153,.F.);
#1363=ORIENTED_EDGE('',*,*,#2154,.F.);
#1364=ORIENTED_EDGE('',*,*,#2155,.T.);
#1365=ORIENTED_EDGE('',*,*,#2150,.T.);
#1366=ORIENTED_EDGE('',*,*,#2156,.F.);
#1367=ORIENTED_EDGE('',*,*,#2157,.F.);
#1368=ORIENTED_EDGE('',*,*,#2158,.T.);
#1369=ORIENTED_EDGE('',*,*,#2154,.T.);
#1370=ORIENTED_EDGE('',*,*,#2159,.F.);
#1371=ORIENTED_EDGE('',*,*,#2160,.F.);
#1372=ORIENTED_EDGE('',*,*,#2161,.T.);
#1373=ORIENTED_EDGE('',*,*,#2157,.T.);
#1374=ORIENTED_EDGE('',*,*,#2162,.F.);
#1375=ORIENTED_EDGE('',*,*,#2163,.F.);
#1376=ORIENTED_EDGE('',*,*,#2164,.T.);
#1377=ORIENTED_EDGE('',*,*,#2160,.T.);
#1378=ORIENTED_EDGE('',*,*,#2165,.F.);
#1379=ORIENTED_EDGE('',*,*,#2166,.F.);
#1380=ORIENTED_EDGE('',*,*,#2167,.T.);
#1381=ORIENTED_EDGE('',*,*,#2163,.T.);
#1382=ORIENTED_EDGE('',*,*,#1929,.F.);
#1383=ORIENTED_EDGE('',*,*,#2168,.F.);
#1384=ORIENTED_EDGE('',*,*,#2169,.T.);
#1385=ORIENTED_EDGE('',*,*,#2170,.T.);
#1386=ORIENTED_EDGE('',*,*,#1939,.F.);
#1387=ORIENTED_EDGE('',*,*,#2171,.F.);
#1388=ORIENTED_EDGE('',*,*,#2172,.T.);
#1389=ORIENTED_EDGE('',*,*,#2168,.T.);
#1390=ORIENTED_EDGE('',*,*,#1938,.F.);
#1391=ORIENTED_EDGE('',*,*,#2173,.F.);
#1392=ORIENTED_EDGE('',*,*,#2174,.T.);
#1393=ORIENTED_EDGE('',*,*,#2171,.T.);
#1394=ORIENTED_EDGE('',*,*,#1937,.F.);
#1395=ORIENTED_EDGE('',*,*,#2175,.F.);
#1396=ORIENTED_EDGE('',*,*,#2176,.T.);
#1397=ORIENTED_EDGE('',*,*,#2173,.T.);
#1398=ORIENTED_EDGE('',*,*,#1936,.F.);
#1399=ORIENTED_EDGE('',*,*,#2177,.F.);
#1400=ORIENTED_EDGE('',*,*,#2178,.T.);
#1401=ORIENTED_EDGE('',*,*,#2175,.T.);
#1402=ORIENTED_EDGE('',*,*,#1935,.F.);
#1403=ORIENTED_EDGE('',*,*,#2179,.F.);
#1404=ORIENTED_EDGE('',*,*,#2180,.T.);
#1405=ORIENTED_EDGE('',*,*,#2177,.T.);
#1406=ORIENTED_EDGE('',*,*,#1934,.F.);
#1407=ORIENTED_EDGE('',*,*,#2181,.F.);
#1408=ORIENTED_EDGE('',*,*,#2182,.T.);
#1409=ORIENTED_EDGE('',*,*,#2179,.T.);
#1410=ORIENTED_EDGE('',*,*,#1933,.F.);
#1411=ORIENTED_EDGE('',*,*,#2183,.F.);
#1412=ORIENTED_EDGE('',*,*,#2184,.T.);
#1413=ORIENTED_EDGE('',*,*,#2181,.T.);
#1414=ORIENTED_EDGE('',*,*,#1932,.F.);
#1415=ORIENTED_EDGE('',*,*,#2185,.F.);
#1416=ORIENTED_EDGE('',*,*,#2186,.T.);
#1417=ORIENTED_EDGE('',*,*,#2183,.T.);
#1418=ORIENTED_EDGE('',*,*,#1931,.F.);
#1419=ORIENTED_EDGE('',*,*,#2187,.F.);
#1420=ORIENTED_EDGE('',*,*,#2188,.T.);
#1421=ORIENTED_EDGE('',*,*,#2185,.T.);
#1422=ORIENTED_EDGE('',*,*,#1930,.F.);
#1423=ORIENTED_EDGE('',*,*,#2170,.F.);
#1424=ORIENTED_EDGE('',*,*,#2189,.T.);
#1425=ORIENTED_EDGE('',*,*,#2187,.T.);
#1426=ORIENTED_EDGE('',*,*,#2190,.F.);
#1427=ORIENTED_EDGE('',*,*,#2152,.F.);
#1428=ORIENTED_EDGE('',*,*,#2191,.T.);
#1429=ORIENTED_EDGE('',*,*,#2166,.T.);
#1430=ORIENTED_EDGE('',*,*,#2169,.F.);
#1431=ORIENTED_EDGE('',*,*,#2172,.F.);
#1432=ORIENTED_EDGE('',*,*,#2174,.F.);
#1433=ORIENTED_EDGE('',*,*,#2176,.F.);
#1434=ORIENTED_EDGE('',*,*,#2178,.F.);
#1435=ORIENTED_EDGE('',*,*,#2180,.F.);
#1436=ORIENTED_EDGE('',*,*,#2182,.F.);
#1437=ORIENTED_EDGE('',*,*,#2184,.F.);
#1438=ORIENTED_EDGE('',*,*,#2186,.F.);
#1439=ORIENTED_EDGE('',*,*,#2188,.F.);
#1440=ORIENTED_EDGE('',*,*,#2189,.F.);
#1441=ORIENTED_EDGE('',*,*,#2151,.F.);
#1442=ORIENTED_EDGE('',*,*,#2155,.F.);
#1443=ORIENTED_EDGE('',*,*,#2158,.F.);
#1444=ORIENTED_EDGE('',*,*,#2161,.F.);
#1445=ORIENTED_EDGE('',*,*,#2164,.F.);
#1446=ORIENTED_EDGE('',*,*,#2167,.F.);
#1447=ORIENTED_EDGE('',*,*,#2191,.F.);
#1448=ORIENTED_EDGE('',*,*,#2149,.T.);
#1449=ORIENTED_EDGE('',*,*,#2190,.T.);
#1450=ORIENTED_EDGE('',*,*,#2165,.T.);
#1451=ORIENTED_EDGE('',*,*,#2162,.T.);
#1452=ORIENTED_EDGE('',*,*,#2159,.T.);
#1453=ORIENTED_EDGE('',*,*,#2156,.T.);
#1454=ORIENTED_EDGE('',*,*,#2153,.T.);
#1455=ORIENTED_EDGE('',*,*,#2192,.T.);
#1456=ORIENTED_EDGE('',*,*,#2193,.F.);
#1457=ORIENTED_EDGE('',*,*,#2194,.F.);
#1458=ORIENTED_EDGE('',*,*,#2195,.F.);
#1459=ORIENTED_EDGE('',*,*,#2196,.T.);
#1460=ORIENTED_EDGE('',*,*,#2197,.T.);
#1461=ORIENTED_EDGE('',*,*,#2198,.T.);
#1462=ORIENTED_EDGE('',*,*,#2199,.T.);
#1463=ORIENTED_EDGE('',*,*,#2200,.F.);
#1464=ORIENTED_EDGE('',*,*,#2201,.T.);
#1465=ORIENTED_EDGE('',*,*,#2199,.F.);
#1466=ORIENTED_EDGE('',*,*,#2202,.F.);
#1467=ORIENTED_EDGE('',*,*,#2203,.T.);
#1468=ORIENTED_EDGE('',*,*,#2204,.T.);
#1469=ORIENTED_EDGE('',*,*,#2205,.T.);
#1470=ORIENTED_EDGE('',*,*,#2206,.F.);
#1471=ORIENTED_EDGE('',*,*,#2207,.T.);
#1472=ORIENTED_EDGE('',*,*,#2208,.F.);
#1473=ORIENTED_EDGE('',*,*,#2209,.F.);
#1474=ORIENTED_EDGE('',*,*,#2210,.F.);
#1475=ORIENTED_EDGE('',*,*,#2211,.F.);
#1476=ORIENTED_EDGE('',*,*,#2212,.T.);
#1477=ORIENTED_EDGE('',*,*,#2213,.F.);
#1478=ORIENTED_EDGE('',*,*,#2214,.T.);
#1479=ORIENTED_EDGE('',*,*,#2215,.T.);
#1480=ORIENTED_EDGE('',*,*,#2216,.T.);
#1481=ORIENTED_EDGE('',*,*,#2217,.T.);
#1482=ORIENTED_EDGE('',*,*,#2218,.T.);
#1483=ORIENTED_EDGE('',*,*,#2219,.T.);
#1484=ORIENTED_EDGE('',*,*,#2220,.T.);
#1485=ORIENTED_EDGE('',*,*,#2221,.F.);
#1486=ORIENTED_EDGE('',*,*,#2222,.T.);
#1487=ORIENTED_EDGE('',*,*,#2223,.F.);
#1488=ORIENTED_EDGE('',*,*,#2224,.T.);
#1489=ORIENTED_EDGE('',*,*,#2225,.T.);
#1490=ORIENTED_EDGE('',*,*,#2226,.T.);
#1491=ORIENTED_EDGE('',*,*,#2227,.T.);
#1492=ORIENTED_EDGE('',*,*,#2228,.T.);
#1493=ORIENTED_EDGE('',*,*,#2229,.F.);
#1494=ORIENTED_EDGE('',*,*,#2230,.F.);
#1495=ORIENTED_EDGE('',*,*,#2231,.T.);
#1496=ORIENTED_EDGE('',*,*,#2232,.T.);
#1497=ORIENTED_EDGE('',*,*,#2196,.F.);
#1498=ORIENTED_EDGE('',*,*,#2233,.F.);
#1499=ORIENTED_EDGE('',*,*,#2234,.T.);
#1500=ORIENTED_EDGE('',*,*,#2230,.T.);
#1501=ORIENTED_EDGE('',*,*,#2235,.F.);
#1502=ORIENTED_EDGE('',*,*,#2231,.F.);
#1503=ORIENTED_EDGE('',*,*,#2236,.F.);
#1504=ORIENTED_EDGE('',*,*,#2237,.T.);
#1505=ORIENTED_EDGE('',*,*,#2238,.F.);
#1506=ORIENTED_EDGE('',*,*,#2239,.F.);
#1507=ORIENTED_EDGE('',*,*,#2240,.T.);
#1508=ORIENTED_EDGE('',*,*,#2241,.T.);
#1509=ORIENTED_EDGE('',*,*,#2242,.F.);
#1510=ORIENTED_EDGE('',*,*,#2243,.F.);
#1511=ORIENTED_EDGE('',*,*,#2244,.F.);
#1512=ORIENTED_EDGE('',*,*,#2239,.T.);
#1513=ORIENTED_EDGE('',*,*,#2245,.F.);
#1514=ORIENTED_EDGE('',*,*,#2240,.F.);
#1515=ORIENTED_EDGE('',*,*,#2246,.F.);
#1516=ORIENTED_EDGE('',*,*,#2242,.T.);
#1517=ORIENTED_EDGE('',*,*,#2247,.T.);
#1518=ORIENTED_EDGE('',*,*,#2248,.T.);
#1519=ORIENTED_EDGE('',*,*,#2249,.T.);
#1520=ORIENTED_EDGE('',*,*,#2250,.F.);
#1521=ORIENTED_EDGE('',*,*,#2251,.T.);
#1522=ORIENTED_EDGE('',*,*,#2228,.F.);
#1523=ORIENTED_EDGE('',*,*,#2252,.F.);
#1524=ORIENTED_EDGE('',*,*,#2253,.T.);
#1525=ORIENTED_EDGE('',*,*,#2212,.F.);
#1526=ORIENTED_EDGE('',*,*,#2254,.F.);
#1527=ORIENTED_EDGE('',*,*,#2255,.T.);
#1528=ORIENTED_EDGE('',*,*,#2256,.F.);
#1529=ORIENTED_EDGE('',*,*,#2257,.F.);
#1530=ORIENTED_EDGE('',*,*,#2258,.F.);
#1531=ORIENTED_EDGE('',*,*,#2259,.F.);
#1532=ORIENTED_EDGE('',*,*,#2203,.F.);
#1533=ORIENTED_EDGE('',*,*,#2260,.F.);
#1534=ORIENTED_EDGE('',*,*,#2261,.T.);
#1535=ORIENTED_EDGE('',*,*,#2262,.F.);
#1536=ORIENTED_EDGE('',*,*,#2263,.F.);
#1537=ORIENTED_EDGE('',*,*,#2264,.T.);
#1538=ORIENTED_EDGE('',*,*,#2265,.T.);
#1539=ORIENTED_EDGE('',*,*,#2266,.F.);
#1540=ORIENTED_EDGE('',*,*,#2267,.F.);
#1541=ORIENTED_EDGE('',*,*,#2268,.T.);
#1542=ORIENTED_EDGE('',*,*,#2249,.F.);
#1543=ORIENTED_EDGE('',*,*,#2269,.F.);
#1544=ORIENTED_EDGE('',*,*,#2270,.T.);
#1545=ORIENTED_EDGE('',*,*,#2271,.T.);
#1546=ORIENTED_EDGE('',*,*,#2272,.T.);
#1547=ORIENTED_EDGE('',*,*,#2273,.T.);
#1548=ORIENTED_EDGE('',*,*,#2274,.T.);
#1549=ORIENTED_EDGE('',*,*,#2275,.F.);
#1550=ORIENTED_EDGE('',*,*,#2256,.T.);
#1551=ORIENTED_EDGE('',*,*,#2276,.T.);
#1552=ORIENTED_EDGE('',*,*,#2277,.T.);
#1553=ORIENTED_EDGE('',*,*,#2226,.F.);
#1554=ORIENTED_EDGE('',*,*,#2278,.F.);
#1555=ORIENTED_EDGE('',*,*,#2279,.T.);
#1556=ORIENTED_EDGE('',*,*,#2280,.T.);
#1557=ORIENTED_EDGE('',*,*,#2237,.F.);
#1558=ORIENTED_EDGE('',*,*,#2281,.F.);
#1559=ORIENTED_EDGE('',*,*,#2279,.F.);
#1560=ORIENTED_EDGE('',*,*,#2282,.T.);
#1561=ORIENTED_EDGE('',*,*,#2283,.T.);
#1562=ORIENTED_EDGE('',*,*,#2284,.F.);
#1563=ORIENTED_EDGE('',*,*,#2271,.F.);
#1564=ORIENTED_EDGE('',*,*,#2285,.T.);
#1565=ORIENTED_EDGE('',*,*,#2286,.F.);
#1566=ORIENTED_EDGE('',*,*,#2287,.F.);
#1567=ORIENTED_EDGE('',*,*,#2288,.T.);
#1568=ORIENTED_EDGE('',*,*,#2285,.F.);
#1569=ORIENTED_EDGE('',*,*,#2270,.F.);
#1570=ORIENTED_EDGE('',*,*,#2258,.T.);
#1571=ORIENTED_EDGE('',*,*,#2289,.T.);
#1572=ORIENTED_EDGE('',*,*,#2290,.T.);
#1573=ORIENTED_EDGE('',*,*,#2291,.T.);
#1574=ORIENTED_EDGE('',*,*,#2292,.F.);
#1575=ORIENTED_EDGE('',*,*,#2293,.T.);
#1576=ORIENTED_EDGE('',*,*,#2294,.T.);
#1577=ORIENTED_EDGE('',*,*,#2295,.T.);
#1578=ORIENTED_EDGE('',*,*,#2296,.T.);
#1579=ORIENTED_EDGE('',*,*,#2297,.T.);
#1580=ORIENTED_EDGE('',*,*,#2298,.T.);
#1581=ORIENTED_EDGE('',*,*,#2299,.T.);
#1582=ORIENTED_EDGE('',*,*,#2300,.T.);
#1583=ORIENTED_EDGE('',*,*,#2301,.F.);
#1584=ORIENTED_EDGE('',*,*,#2266,.T.);
#1585=ORIENTED_EDGE('',*,*,#2302,.T.);
#1586=ORIENTED_EDGE('',*,*,#2303,.F.);
#1587=ORIENTED_EDGE('',*,*,#2192,.F.);
#1588=ORIENTED_EDGE('',*,*,#2201,.F.);
#1589=ORIENTED_EDGE('',*,*,#2304,.F.);
#1590=ORIENTED_EDGE('',*,*,#2300,.F.);
#1591=ORIENTED_EDGE('',*,*,#2305,.T.);
#1592=ORIENTED_EDGE('',*,*,#2306,.T.);
#1593=ORIENTED_EDGE('',*,*,#2307,.F.);
#1594=ORIENTED_EDGE('',*,*,#2308,.F.);
#1595=ORIENTED_EDGE('',*,*,#2309,.F.);
#1596=ORIENTED_EDGE('',*,*,#2310,.F.);
#1597=ORIENTED_EDGE('',*,*,#2306,.F.);
#1598=ORIENTED_EDGE('',*,*,#2311,.F.);
#1599=ORIENTED_EDGE('',*,*,#2312,.T.);
#1600=ORIENTED_EDGE('',*,*,#2313,.T.);
#1601=ORIENTED_EDGE('',*,*,#2206,.T.);
#1602=ORIENTED_EDGE('',*,*,#2314,.F.);
#1603=ORIENTED_EDGE('',*,*,#2315,.T.);
#1604=ORIENTED_EDGE('',*,*,#2316,.T.);
#1605=ORIENTED_EDGE('',*,*,#2317,.T.);
#1606=ORIENTED_EDGE('',*,*,#2318,.F.);
#1607=ORIENTED_EDGE('',*,*,#2319,.T.);
#1608=ORIENTED_EDGE('',*,*,#2222,.F.);
#1609=ORIENTED_EDGE('',*,*,#2320,.F.);
#1610=ORIENTED_EDGE('',*,*,#2321,.F.);
#1611=ORIENTED_EDGE('',*,*,#2254,.T.);
#1612=ORIENTED_EDGE('',*,*,#2211,.T.);
#1613=ORIENTED_EDGE('',*,*,#2322,.T.);
#1614=ORIENTED_EDGE('',*,*,#2323,.F.);
#1615=ORIENTED_EDGE('',*,*,#2324,.F.);
#1616=ORIENTED_EDGE('',*,*,#2325,.F.);
#1617=ORIENTED_EDGE('',*,*,#2326,.T.);
#1618=ORIENTED_EDGE('',*,*,#2327,.F.);
#1619=ORIENTED_EDGE('',*,*,#2328,.T.);
#1620=ORIENTED_EDGE('',*,*,#2329,.F.);
#1621=ORIENTED_EDGE('',*,*,#2330,.F.);
#1622=ORIENTED_EDGE('',*,*,#2312,.F.);
#1623=ORIENTED_EDGE('',*,*,#2331,.F.);
#1624=ORIENTED_EDGE('',*,*,#2298,.F.);
#1625=ORIENTED_EDGE('',*,*,#2332,.F.);
#1626=ORIENTED_EDGE('',*,*,#2333,.T.);
#1627=ORIENTED_EDGE('',*,*,#2334,.F.);
#1628=ORIENTED_EDGE('',*,*,#2335,.T.);
#1629=ORIENTED_EDGE('',*,*,#2291,.F.);
#1630=ORIENTED_EDGE('',*,*,#2336,.F.);
#1631=ORIENTED_EDGE('',*,*,#2284,.T.);
#1632=ORIENTED_EDGE('',*,*,#2337,.T.);
#1633=ORIENTED_EDGE('',*,*,#2338,.T.);
#1634=ORIENTED_EDGE('',*,*,#2339,.F.);
#1635=ORIENTED_EDGE('',*,*,#2340,.T.);
#1636=ORIENTED_EDGE('',*,*,#2272,.F.);
#1637=ORIENTED_EDGE('',*,*,#2278,.T.);
#1638=ORIENTED_EDGE('',*,*,#2225,.F.);
#1639=ORIENTED_EDGE('',*,*,#2341,.F.);
#1640=ORIENTED_EDGE('',*,*,#2342,.F.);
#1641=ORIENTED_EDGE('',*,*,#2343,.F.);
#1642=ORIENTED_EDGE('',*,*,#2282,.F.);
#1643=ORIENTED_EDGE('',*,*,#2339,.T.);
#1644=ORIENTED_EDGE('',*,*,#2344,.T.);
#1645=ORIENTED_EDGE('',*,*,#2316,.F.);
#1646=ORIENTED_EDGE('',*,*,#2345,.T.);
#1647=ORIENTED_EDGE('',*,*,#2208,.T.);
#1648=ORIENTED_EDGE('',*,*,#2346,.F.);
#1649=ORIENTED_EDGE('',*,*,#2347,.T.);
#1650=ORIENTED_EDGE('',*,*,#2348,.T.);
#1651=ORIENTED_EDGE('',*,*,#2327,.T.);
#1652=ORIENTED_EDGE('',*,*,#2349,.T.);
#1653=ORIENTED_EDGE('',*,*,#2350,.T.);
#1654=ORIENTED_EDGE('',*,*,#2351,.F.);
#1655=ORIENTED_EDGE('',*,*,#2323,.T.);
#1656=ORIENTED_EDGE('',*,*,#2352,.F.);
#1657=ORIENTED_EDGE('',*,*,#2193,.T.);
#1658=ORIENTED_EDGE('',*,*,#2303,.T.);
#1659=ORIENTED_EDGE('',*,*,#2353,.T.);
#1660=ORIENTED_EDGE('',*,*,#2354,.T.);
#1661=ORIENTED_EDGE('',*,*,#2355,.F.);
#1662=ORIENTED_EDGE('',*,*,#2356,.T.);
#1663=ORIENTED_EDGE('',*,*,#2308,.T.);
#1664=ORIENTED_EDGE('',*,*,#2357,.T.);
#1665=ORIENTED_EDGE('',*,*,#2358,.F.);
#1666=ORIENTED_EDGE('',*,*,#2359,.T.);
#1667=ORIENTED_EDGE('',*,*,#2357,.F.);
#1668=ORIENTED_EDGE('',*,*,#2314,.T.);
#1669=ORIENTED_EDGE('',*,*,#2205,.F.);
#1670=ORIENTED_EDGE('',*,*,#2360,.F.);
#1671=ORIENTED_EDGE('',*,*,#2361,.T.);
#1672=ORIENTED_EDGE('',*,*,#2209,.T.);
#1673=ORIENTED_EDGE('',*,*,#2345,.F.);
#1674=ORIENTED_EDGE('',*,*,#2315,.F.);
#1675=ORIENTED_EDGE('',*,*,#2317,.F.);
#1676=ORIENTED_EDGE('',*,*,#2344,.F.);
#1677=ORIENTED_EDGE('',*,*,#2338,.F.);
#1678=ORIENTED_EDGE('',*,*,#2362,.T.);
#1679=ORIENTED_EDGE('',*,*,#2363,.T.);
#1680=ORIENTED_EDGE('',*,*,#2364,.F.);
#1681=ORIENTED_EDGE('',*,*,#2343,.T.);
#1682=ORIENTED_EDGE('',*,*,#2365,.F.);
#1683=ORIENTED_EDGE('',*,*,#2362,.F.);
#1684=ORIENTED_EDGE('',*,*,#2337,.F.);
#1685=ORIENTED_EDGE('',*,*,#2283,.F.);
#1686=ORIENTED_EDGE('',*,*,#2366,.T.);
#1687=ORIENTED_EDGE('',*,*,#2341,.T.);
#1688=ORIENTED_EDGE('',*,*,#2224,.F.);
#1689=ORIENTED_EDGE('',*,*,#2367,.F.);
#1690=ORIENTED_EDGE('',*,*,#2368,.T.);
#1691=ORIENTED_EDGE('',*,*,#2363,.F.);
#1692=ORIENTED_EDGE('',*,*,#2365,.T.);
#1693=ORIENTED_EDGE('',*,*,#2342,.T.);
#1694=ORIENTED_EDGE('',*,*,#2366,.F.);
#1695=ORIENTED_EDGE('',*,*,#2273,.F.);
#1696=ORIENTED_EDGE('',*,*,#2340,.F.);
#1697=ORIENTED_EDGE('',*,*,#2352,.T.);
#1698=ORIENTED_EDGE('',*,*,#2322,.F.);
#1699=ORIENTED_EDGE('',*,*,#2369,.F.);
#1700=ORIENTED_EDGE('',*,*,#2257,.T.);
#1701=ORIENTED_EDGE('',*,*,#2275,.T.);
#1702=ORIENTED_EDGE('',*,*,#2370,.T.);
#1703=ORIENTED_EDGE('',*,*,#2289,.F.);
#1704=ORIENTED_EDGE('',*,*,#2330,.T.);
#1705=ORIENTED_EDGE('',*,*,#2371,.F.);
#1706=ORIENTED_EDGE('',*,*,#2372,.T.);
#1707=ORIENTED_EDGE('',*,*,#2346,.T.);
#1708=ORIENTED_EDGE('',*,*,#2207,.F.);
#1709=ORIENTED_EDGE('',*,*,#2313,.F.);
#1710=ORIENTED_EDGE('',*,*,#2347,.F.);
#1711=ORIENTED_EDGE('',*,*,#2372,.F.);
#1712=ORIENTED_EDGE('',*,*,#2373,.T.);
#1713=ORIENTED_EDGE('',*,*,#2374,.T.);
#1714=ORIENTED_EDGE('',*,*,#2348,.F.);
#1715=ORIENTED_EDGE('',*,*,#2374,.F.);
#1716=ORIENTED_EDGE('',*,*,#2375,.T.);
#1717=ORIENTED_EDGE('',*,*,#2328,.F.);
#1718=ORIENTED_EDGE('',*,*,#2329,.T.);
#1719=ORIENTED_EDGE('',*,*,#2375,.F.);
#1720=ORIENTED_EDGE('',*,*,#2373,.F.);
#1721=ORIENTED_EDGE('',*,*,#2371,.T.);
#1722=ORIENTED_EDGE('',*,*,#2376,.T.);
#1723=ORIENTED_EDGE('',*,*,#2377,.T.);
#1724=ORIENTED_EDGE('',*,*,#2349,.F.);
#1725=ORIENTED_EDGE('',*,*,#2326,.F.);
#1726=ORIENTED_EDGE('',*,*,#2350,.F.);
#1727=ORIENTED_EDGE('',*,*,#2377,.F.);
#1728=ORIENTED_EDGE('',*,*,#2378,.T.);
#1729=ORIENTED_EDGE('',*,*,#2379,.T.);
#1730=ORIENTED_EDGE('',*,*,#2324,.T.);
#1731=ORIENTED_EDGE('',*,*,#2351,.T.);
#1732=ORIENTED_EDGE('',*,*,#2379,.F.);
#1733=ORIENTED_EDGE('',*,*,#2380,.F.);
#1734=ORIENTED_EDGE('',*,*,#2325,.T.);
#1735=ORIENTED_EDGE('',*,*,#2380,.T.);
#1736=ORIENTED_EDGE('',*,*,#2378,.F.);
#1737=ORIENTED_EDGE('',*,*,#2376,.F.);
#1738=ORIENTED_EDGE('',*,*,#2305,.F.);
#1739=ORIENTED_EDGE('',*,*,#2299,.F.);
#1740=ORIENTED_EDGE('',*,*,#2331,.T.);
#1741=ORIENTED_EDGE('',*,*,#2311,.T.);
#1742=ORIENTED_EDGE('',*,*,#2333,.F.);
#1743=ORIENTED_EDGE('',*,*,#2381,.F.);
#1744=ORIENTED_EDGE('',*,*,#2382,.F.);
#1745=ORIENTED_EDGE('',*,*,#2383,.T.);
#1746=ORIENTED_EDGE('',*,*,#2384,.T.);
#1747=ORIENTED_EDGE('',*,*,#2334,.T.);
#1748=ORIENTED_EDGE('',*,*,#2383,.F.);
#1749=ORIENTED_EDGE('',*,*,#2385,.T.);
#1750=ORIENTED_EDGE('',*,*,#2335,.F.);
#1751=ORIENTED_EDGE('',*,*,#2384,.F.);
#1752=ORIENTED_EDGE('',*,*,#2386,.F.);
#1753=ORIENTED_EDGE('',*,*,#2387,.T.);
#1754=ORIENTED_EDGE('',*,*,#2292,.T.);
#1755=ORIENTED_EDGE('',*,*,#2381,.T.);
#1756=ORIENTED_EDGE('',*,*,#2332,.T.);
#1757=ORIENTED_EDGE('',*,*,#2297,.F.);
#1758=ORIENTED_EDGE('',*,*,#2388,.F.);
#1759=ORIENTED_EDGE('',*,*,#2389,.T.);
#1760=ORIENTED_EDGE('',*,*,#2293,.F.);
#1761=ORIENTED_EDGE('',*,*,#2387,.F.);
#1762=ORIENTED_EDGE('',*,*,#2390,.T.);
#1763=ORIENTED_EDGE('',*,*,#2391,.T.);
#1764=ORIENTED_EDGE('',*,*,#2294,.F.);
#1765=ORIENTED_EDGE('',*,*,#2391,.F.);
#1766=ORIENTED_EDGE('',*,*,#2392,.T.);
#1767=ORIENTED_EDGE('',*,*,#2393,.T.);
#1768=ORIENTED_EDGE('',*,*,#2295,.F.);
#1769=ORIENTED_EDGE('',*,*,#2393,.F.);
#1770=ORIENTED_EDGE('',*,*,#2394,.T.);
#1771=ORIENTED_EDGE('',*,*,#2395,.T.);
#1772=ORIENTED_EDGE('',*,*,#2296,.F.);
#1773=ORIENTED_EDGE('',*,*,#2395,.F.);
#1774=ORIENTED_EDGE('',*,*,#2396,.T.);
#1775=ORIENTED_EDGE('',*,*,#2388,.T.);
#1776=ORIENTED_EDGE('',*,*,#2386,.T.);
#1777=ORIENTED_EDGE('',*,*,#2385,.F.);
#1778=ORIENTED_EDGE('',*,*,#2382,.T.);
#1779=ORIENTED_EDGE('',*,*,#2389,.F.);
#1780=ORIENTED_EDGE('',*,*,#2396,.F.);
#1781=ORIENTED_EDGE('',*,*,#2394,.F.);
#1782=ORIENTED_EDGE('',*,*,#2392,.F.);
#1783=ORIENTED_EDGE('',*,*,#2390,.F.);
#1784=ORIENTED_EDGE('',*,*,#2276,.F.);
#1785=ORIENTED_EDGE('',*,*,#2319,.F.);
#1786=ORIENTED_EDGE('',*,*,#2210,.T.);
#1787=ORIENTED_EDGE('',*,*,#2361,.F.);
#1788=ORIENTED_EDGE('',*,*,#2318,.T.);
#1789=ORIENTED_EDGE('',*,*,#2364,.T.);
#1790=ORIENTED_EDGE('',*,*,#2368,.F.);
#1791=ORIENTED_EDGE('',*,*,#2367,.T.);
#1792=ORIENTED_EDGE('',*,*,#2223,.T.);
#1793=ORIENTED_EDGE('',*,*,#2369,.T.);
#1794=ORIENTED_EDGE('',*,*,#2336,.T.);
#1795=ORIENTED_EDGE('',*,*,#2290,.F.);
#1796=ORIENTED_EDGE('',*,*,#2370,.F.);
#1797=ORIENTED_EDGE('',*,*,#2274,.F.);
#1798=ORIENTED_EDGE('',*,*,#2397,.F.);
#1799=ORIENTED_EDGE('',*,*,#2267,.T.);
#1800=ORIENTED_EDGE('',*,*,#2307,.T.);
#1801=ORIENTED_EDGE('',*,*,#2310,.T.);
#1802=ORIENTED_EDGE('',*,*,#2238,.T.);
#1803=ORIENTED_EDGE('',*,*,#2280,.F.);
#1804=ORIENTED_EDGE('',*,*,#2286,.T.);
#1805=ORIENTED_EDGE('',*,*,#2288,.F.);
#1806=ORIENTED_EDGE('',*,*,#2398,.F.);
#1807=ORIENTED_EDGE('',*,*,#2247,.F.);
#1808=ORIENTED_EDGE('',*,*,#2241,.F.);
#1809=ORIENTED_EDGE('',*,*,#2245,.T.);
#1810=ORIENTED_EDGE('',*,*,#2229,.T.);
#1811=ORIENTED_EDGE('',*,*,#2251,.F.);
#1812=ORIENTED_EDGE('',*,*,#2399,.T.);
#1813=ORIENTED_EDGE('',*,*,#2261,.F.);
#1814=ORIENTED_EDGE('',*,*,#2400,.F.);
#1815=ORIENTED_EDGE('',*,*,#2197,.F.);
#1816=ORIENTED_EDGE('',*,*,#2232,.F.);
#1817=ORIENTED_EDGE('',*,*,#2235,.T.);
#1818=ORIENTED_EDGE('',*,*,#2301,.T.);
#1819=ORIENTED_EDGE('',*,*,#2304,.T.);
#1820=ORIENTED_EDGE('',*,*,#2200,.T.);
#1821=ORIENTED_EDGE('',*,*,#2259,.T.);
#1822=ORIENTED_EDGE('',*,*,#2248,.F.);
#1823=ORIENTED_EDGE('',*,*,#2398,.T.);
#1824=ORIENTED_EDGE('',*,*,#2287,.T.);
#1825=ORIENTED_EDGE('',*,*,#2269,.T.);
#1826=ORIENTED_EDGE('',*,*,#2399,.F.);
#1827=ORIENTED_EDGE('',*,*,#2250,.T.);
#1828=ORIENTED_EDGE('',*,*,#2268,.F.);
#1829=ORIENTED_EDGE('',*,*,#2255,.F.);
#1830=ORIENTED_EDGE('',*,*,#2198,.F.);
#1831=ORIENTED_EDGE('',*,*,#2400,.T.);
#1832=ORIENTED_EDGE('',*,*,#2260,.T.);
#1833=ORIENTED_EDGE('',*,*,#2202,.T.);
#1834=ORIENTED_EDGE('',*,*,#2220,.F.);
#1835=ORIENTED_EDGE('',*,*,#2277,.F.);
#1836=ORIENTED_EDGE('',*,*,#2401,.F.);
#1837=ORIENTED_EDGE('',*,*,#2402,.T.);
#1838=ORIENTED_EDGE('',*,*,#2320,.T.);
#1839=ORIENTED_EDGE('',*,*,#2221,.T.);
#1840=ORIENTED_EDGE('',*,*,#2402,.F.);
#1841=ORIENTED_EDGE('',*,*,#2403,.T.);
#1842=ORIENTED_EDGE('',*,*,#2246,.T.);
#1843=ORIENTED_EDGE('',*,*,#2321,.T.);
#1844=ORIENTED_EDGE('',*,*,#2403,.F.);
#1845=ORIENTED_EDGE('',*,*,#2401,.T.);
#1846=ORIENTED_EDGE('',*,*,#2281,.T.);
#1847=ORIENTED_EDGE('',*,*,#2236,.T.);
#1848=ORIENTED_EDGE('',*,*,#2244,.T.);
#1849=ORIENTED_EDGE('',*,*,#2243,.T.);
#1850=ORIENTED_EDGE('',*,*,#2359,.F.);
#1851=ORIENTED_EDGE('',*,*,#2404,.F.);
#1852=ORIENTED_EDGE('',*,*,#2405,.F.);
#1853=ORIENTED_EDGE('',*,*,#2194,.T.);
#1854=ORIENTED_EDGE('',*,*,#2404,.T.);
#1855=ORIENTED_EDGE('',*,*,#2358,.T.);
#1856=ORIENTED_EDGE('',*,*,#2360,.T.);
#1857=ORIENTED_EDGE('',*,*,#2204,.F.);
#1858=ORIENTED_EDGE('',*,*,#2406,.F.);
#1859=ORIENTED_EDGE('',*,*,#2407,.T.);
#1860=ORIENTED_EDGE('',*,*,#2213,.T.);
#1861=ORIENTED_EDGE('',*,*,#2253,.F.);
#1862=ORIENTED_EDGE('',*,*,#2408,.F.);
#1863=ORIENTED_EDGE('',*,*,#2406,.T.);
#1864=ORIENTED_EDGE('',*,*,#2195,.T.);
#1865=ORIENTED_EDGE('',*,*,#2405,.T.);
#1866=ORIENTED_EDGE('',*,*,#2407,.F.);
#1867=ORIENTED_EDGE('',*,*,#2408,.T.);
#1868=ORIENTED_EDGE('',*,*,#2252,.T.);
#1869=ORIENTED_EDGE('',*,*,#2227,.F.);
#1870=ORIENTED_EDGE('',*,*,#2234,.F.);
#1871=ORIENTED_EDGE('',*,*,#2233,.T.);
#1872=ORIENTED_EDGE('',*,*,#2214,.F.);
#1873=ORIENTED_EDGE('',*,*,#2409,.F.);
#1874=ORIENTED_EDGE('',*,*,#2410,.T.);
#1875=ORIENTED_EDGE('',*,*,#2411,.T.);
#1876=ORIENTED_EDGE('',*,*,#2219,.F.);
#1877=ORIENTED_EDGE('',*,*,#2412,.F.);
#1878=ORIENTED_EDGE('',*,*,#2413,.T.);
#1879=ORIENTED_EDGE('',*,*,#2409,.T.);
#1880=ORIENTED_EDGE('',*,*,#2218,.F.);
#1881=ORIENTED_EDGE('',*,*,#2414,.F.);
#1882=ORIENTED_EDGE('',*,*,#2415,.T.);
#1883=ORIENTED_EDGE('',*,*,#2412,.T.);
#1884=ORIENTED_EDGE('',*,*,#2217,.F.);
#1885=ORIENTED_EDGE('',*,*,#2416,.F.);
#1886=ORIENTED_EDGE('',*,*,#2417,.T.);
#1887=ORIENTED_EDGE('',*,*,#2414,.T.);
#1888=ORIENTED_EDGE('',*,*,#2216,.F.);
#1889=ORIENTED_EDGE('',*,*,#2418,.F.);
#1890=ORIENTED_EDGE('',*,*,#2419,.T.);
#1891=ORIENTED_EDGE('',*,*,#2416,.T.);
#1892=ORIENTED_EDGE('',*,*,#2215,.F.);
#1893=ORIENTED_EDGE('',*,*,#2411,.F.);
#1894=ORIENTED_EDGE('',*,*,#2420,.T.);
#1895=ORIENTED_EDGE('',*,*,#2418,.T.);
#1896=ORIENTED_EDGE('',*,*,#2410,.F.);
#1897=ORIENTED_EDGE('',*,*,#2413,.F.);
#1898=ORIENTED_EDGE('',*,*,#2415,.F.);
#1899=ORIENTED_EDGE('',*,*,#2417,.F.);
#1900=ORIENTED_EDGE('',*,*,#2419,.F.);
#1901=ORIENTED_EDGE('',*,*,#2420,.F.);
#1902=ORIENTED_EDGE('',*,*,#2309,.T.);
#1903=ORIENTED_EDGE('',*,*,#2356,.F.);
#1904=ORIENTED_EDGE('',*,*,#2421,.F.);
#1905=ORIENTED_EDGE('',*,*,#2262,.T.);
#1906=ORIENTED_EDGE('',*,*,#2397,.T.);
#1907=ORIENTED_EDGE('',*,*,#2421,.T.);
#1908=ORIENTED_EDGE('',*,*,#2355,.T.);
#1909=ORIENTED_EDGE('',*,*,#2422,.F.);
#1910=ORIENTED_EDGE('',*,*,#2263,.T.);
#1911=ORIENTED_EDGE('',*,*,#2422,.T.);
#1912=ORIENTED_EDGE('',*,*,#2354,.F.);
#1913=ORIENTED_EDGE('',*,*,#2423,.F.);
#1914=ORIENTED_EDGE('',*,*,#2264,.F.);
#1915=ORIENTED_EDGE('',*,*,#2423,.T.);
#1916=ORIENTED_EDGE('',*,*,#2353,.F.);
#1917=ORIENTED_EDGE('',*,*,#2302,.F.);
#1918=ORIENTED_EDGE('',*,*,#2265,.F.);
#1919=EDGE_CURVE('',#2424,#2425,#2761,.T.);
#1920=EDGE_CURVE('',#2424,#2426,#69,.T.);
#1921=EDGE_CURVE('',#2427,#2426,#70,.T.);
#1922=EDGE_CURVE('',#2427,#2428,#71,.T.);
#1923=EDGE_CURVE('',#2428,#2429,#2762,.T.);
#1924=EDGE_CURVE('',#2429,#2430,#72,.T.);
#1925=EDGE_CURVE('',#2430,#2431,#73,.T.);
#1926=EDGE_CURVE('',#2432,#2431,#74,.T.);
#1927=EDGE_CURVE('',#2432,#2433,#75,.T.);
#1928=EDGE_CURVE('',#2425,#2433,#76,.T.);
#1929=EDGE_CURVE('',#2434,#2435,#77,.T.);
#1930=EDGE_CURVE('',#2435,#2436,#78,.T.);
#1931=EDGE_CURVE('',#2436,#2437,#79,.T.);
#1932=EDGE_CURVE('',#2437,#2438,#80,.T.);
#1933=EDGE_CURVE('',#2438,#2439,#55,.T.);
#1934=EDGE_CURVE('',#2439,#2440,#56,.T.);
#1935=EDGE_CURVE('',#2440,#2441,#57,.T.);
#1936=EDGE_CURVE('',#2441,#2442,#81,.T.);
#1937=EDGE_CURVE('',#2442,#2443,#82,.T.);
#1938=EDGE_CURVE('',#2443,#2444,#83,.T.);
#1939=EDGE_CURVE('',#2444,#2434,#84,.T.);
#1940=EDGE_CURVE('',#2445,#2446,#85,.T.);
#1941=EDGE_CURVE('',#2447,#2445,#86,.T.);
#1942=EDGE_CURVE('',#2448,#2447,#87,.T.);
#1943=EDGE_CURVE('',#2448,#2446,#88,.T.);
#1944=EDGE_CURVE('',#2446,#2449,#2763,.T.);
#1945=EDGE_CURVE('',#2450,#2448,#89,.T.);
#1946=EDGE_CURVE('',#2450,#2449,#90,.T.);
#1947=EDGE_CURVE('',#2451,#2452,#91,.T.);
#1948=EDGE_CURVE('',#2453,#2451,#92,.T.);
#1949=EDGE_CURVE('',#2454,#2453,#93,.T.);
#1950=EDGE_CURVE('',#2455,#2454,#94,.T.);
#1951=EDGE_CURVE('',#2455,#2456,#2764,.T.);
#1952=EDGE_CURVE('',#2457,#2456,#95,.T.);
#1953=EDGE_CURVE('',#2457,#2452,#2765,.T.);
#1954=EDGE_CURVE('',#2458,#2459,#96,.T.);
#1955=EDGE_CURVE('',#2458,#2460,#97,.T.);
#1956=EDGE_CURVE('',#2460,#2461,#98,.T.);
#1957=EDGE_CURVE('',#2459,#2461,#99,.T.);
#1958=EDGE_CURVE('',#2462,#2463,#100,.T.);
#1959=EDGE_CURVE('',#2462,#2464,#101,.T.);
#1960=EDGE_CURVE('',#2464,#2465,#102,.T.);
#1961=EDGE_CURVE('',#2463,#2465,#103,.T.);
#1962=EDGE_CURVE('',#2462,#2458,#2766,.T.);
#1963=EDGE_CURVE('',#2463,#2460,#2767,.T.);
#1964=EDGE_CURVE('',#2466,#2467,#104,.T.);
#1965=EDGE_CURVE('',#2467,#2468,#105,.T.);
#1966=EDGE_CURVE('',#2468,#2469,#106,.T.);
#1967=EDGE_CURVE('',#2466,#2469,#107,.T.);
#1968=EDGE_CURVE('',#2470,#2471,#108,.T.);
#1969=EDGE_CURVE('',#2470,#2472,#109,.T.);
#1970=EDGE_CURVE('',#2472,#2473,#110,.T.);
#1971=EDGE_CURVE('',#2471,#2473,#111,.T.);
#1972=EDGE_CURVE('',#2467,#2470,#2768,.T.);
#1973=EDGE_CURVE('',#2471,#2468,#2769,.T.);
#1974=EDGE_CURVE('',#2472,#2474,#112,.T.);
#1975=EDGE_CURVE('',#2474,#2427,#113,.T.);
#1976=EDGE_CURVE('',#2475,#2426,#114,.T.);
#1977=EDGE_CURVE('',#2475,#2459,#115,.T.);
#1978=EDGE_CURVE('',#2476,#2461,#116,.T.);
#1979=EDGE_CURVE('',#2476,#2477,#117,.T.);
#1980=EDGE_CURVE('',#2478,#2477,#118,.T.);
#1981=EDGE_CURVE('',#2479,#2478,#119,.T.);
#1982=EDGE_CURVE('',#2473,#2479,#120,.T.);
#1983=EDGE_CURVE('',#2464,#2480,#121,.T.);
#1984=EDGE_CURVE('',#2480,#2481,#122,.T.);
#1985=EDGE_CURVE('',#2481,#2482,#123,.T.);
#1986=EDGE_CURVE('',#2482,#2483,#124,.T.);
#1987=EDGE_CURVE('',#2484,#2483,#125,.T.);
#1988=EDGE_CURVE('',#2485,#2484,#126,.T.);
#1989=EDGE_CURVE('',#2465,#2485,#127,.T.);
#1990=EDGE_CURVE('',#2486,#2487,#128,.T.);
#1991=EDGE_CURVE('',#2488,#2486,#2770,.T.);
#1992=EDGE_CURVE('',#2488,#2489,#129,.T.);
#1993=EDGE_CURVE('',#2489,#2490,#2771,.T.);
#1994=EDGE_CURVE('',#2490,#2491,#130,.T.);
#1995=EDGE_CURVE('',#2491,#2492,#2772,.T.);
#1996=EDGE_CURVE('',#2492,#2493,#131,.F.);
#1997=EDGE_CURVE('',#2493,#2487,#2773,.T.);
#1998=EDGE_CURVE('',#2494,#2445,#2774,.T.);
#1999=EDGE_CURVE('',#2494,#2495,#132,.T.);
#2000=EDGE_CURVE('',#2495,#2496,#133,.T.);
#2001=EDGE_CURVE('',#2496,#2497,#134,.T.);
#2002=EDGE_CURVE('',#2497,#2490,#135,.T.);
#2003=EDGE_CURVE('',#2489,#2484,#136,.T.);
#2004=EDGE_CURVE('',#2483,#2498,#137,.T.);
#2005=EDGE_CURVE('',#2498,#2447,#138,.T.);
#2006=EDGE_CURVE('',#2487,#2477,#139,.T.);
#2007=EDGE_CURVE('',#2493,#2499,#140,.T.);
#2008=EDGE_CURVE('',#2500,#2499,#2775,.F.);
#2009=EDGE_CURVE('',#2501,#2500,#141,.T.);
#2010=EDGE_CURVE('',#2502,#2501,#142,.T.);
#2011=EDGE_CURVE('',#2503,#2502,#143,.T.);
#2012=EDGE_CURVE('',#2504,#2503,#2776,.T.);
#2013=EDGE_CURVE('',#2504,#2478,#144,.T.);
#2014=EDGE_CURVE('',#2505,#2505,#2777,.T.);
#2015=EDGE_CURVE('',#2506,#2451,#145,.T.);
#2016=EDGE_CURVE('',#2506,#2466,#146,.T.);
#2017=EDGE_CURVE('',#2507,#2469,#147,.T.);
#2018=EDGE_CURVE('',#2508,#2507,#148,.T.);
#2019=EDGE_CURVE('',#2508,#2453,#149,.T.);
#2020=EDGE_CURVE('',#2507,#2509,#150,.T.);
#2021=EDGE_CURVE('',#2503,#2509,#21,.T.);
#2022=EDGE_CURVE('',#2502,#2510,#151,.T.);
#2023=EDGE_CURVE('',#2511,#2510,#152,.T.);
#2024=EDGE_CURVE('',#2508,#2511,#153,.T.);
#2025=EDGE_CURVE('',#2512,#2504,#154,.T.);
#2026=EDGE_CURVE('',#2512,#2509,#2778,.T.);
#2027=EDGE_CURVE('',#2491,#2513,#155,.T.);
#2028=EDGE_CURVE('',#2514,#2513,#156,.T.);
#2029=EDGE_CURVE('',#2515,#2514,#157,.T.);
#2030=EDGE_CURVE('',#2516,#2515,#158,.T.);
#2031=EDGE_CURVE('',#2517,#2516,#2779,.T.);
#2032=EDGE_CURVE('',#2518,#2517,#159,.T.);
#2033=EDGE_CURVE('',#2519,#2518,#2780,.T.);
#2034=EDGE_CURVE('',#2520,#2519,#160,.T.);
#2035=EDGE_CURVE('',#2521,#2520,#2781,.T.);
#2036=EDGE_CURVE('',#2521,#2522,#161,.T.);
#2037=EDGE_CURVE('',#2523,#2522,#162,.T.);
#2038=EDGE_CURVE('',#2524,#2523,#2782,.T.);
#2039=EDGE_CURVE('',#2492,#2524,#163,.T.);
#2040=EDGE_CURVE('',#2513,#2497,#164,.T.);
#2041=EDGE_CURVE('',#2496,#2525,#165,.T.);
#2042=EDGE_CURVE('',#2526,#2525,#166,.T.);
#2043=EDGE_CURVE('',#2514,#2526,#167,.T.);
#2044=EDGE_CURVE('',#2525,#2527,#168,.T.);
#2045=EDGE_CURVE('',#2528,#2527,#169,.T.);
#2046=EDGE_CURVE('',#2528,#2529,#170,.T.);
#2047=EDGE_CURVE('',#2529,#2530,#171,.T.);
#2048=EDGE_CURVE('',#2530,#2531,#172,.T.);
#2049=EDGE_CURVE('',#2531,#2433,#173,.T.);
#2050=EDGE_CURVE('',#2532,#2432,#174,.T.);
#2051=EDGE_CURVE('',#2533,#2532,#175,.T.);
#2052=EDGE_CURVE('',#2533,#2526,#176,.T.);
#2053=EDGE_CURVE('',#2534,#2494,#177,.F.);
#2054=EDGE_CURVE('',#2534,#2528,#178,.T.);
#2055=EDGE_CURVE('',#2527,#2495,#179,.T.);
#2056=EDGE_CURVE('',#2535,#2536,#180,.T.);
#2057=EDGE_CURVE('',#2535,#2537,#2783,.T.);
#2058=EDGE_CURVE('',#2538,#2537,#181,.T.);
#2059=EDGE_CURVE('',#2536,#2538,#182,.T.);
#2060=EDGE_CURVE('',#2428,#2456,#183,.T.);
#2061=EDGE_CURVE('',#2474,#2539,#184,.T.);
#2062=EDGE_CURVE('',#2539,#2457,#185,.T.);
#2063=EDGE_CURVE('',#2540,#2541,#186,.T.);
#2064=EDGE_CURVE('',#2540,#2523,#22,.T.);
#2065=EDGE_CURVE('',#2542,#2522,#187,.T.);
#2066=EDGE_CURVE('',#2542,#2543,#23,.T.);
#2067=EDGE_CURVE('',#2544,#2543,#188,.T.);
#2068=EDGE_CURVE('',#2544,#2516,#24,.T.);
#2069=EDGE_CURVE('',#2515,#2533,#189,.T.);
#2070=EDGE_CURVE('',#2532,#2545,#190,.T.);
#2071=EDGE_CURVE('',#2545,#2546,#191,.T.);
#2072=EDGE_CURVE('',#2547,#2546,#192,.T.);
#2073=EDGE_CURVE('',#2547,#2548,#193,.T.);
#2074=EDGE_CURVE('',#2549,#2548,#194,.T.);
#2075=EDGE_CURVE('',#2549,#2550,#195,.T.);
#2076=EDGE_CURVE('',#2550,#2551,#196,.T.);
#2077=EDGE_CURVE('',#2551,#2541,#197,.T.);
#2078=EDGE_CURVE('',#2552,#2501,#198,.F.);
#2079=EDGE_CURVE('',#2552,#2553,#199,.T.);
#2080=EDGE_CURVE('',#2554,#2553,#200,.T.);
#2081=EDGE_CURVE('',#2510,#2554,#201,.T.);
#2082=EDGE_CURVE('',#2511,#2555,#202,.T.);
#2083=EDGE_CURVE('',#2555,#2556,#203,.T.);
#2084=EDGE_CURVE('',#2556,#2454,#204,.T.);
#2085=EDGE_CURVE('',#2552,#2541,#205,.T.);
#2086=EDGE_CURVE('',#2551,#2557,#206,.T.);
#2087=EDGE_CURVE('',#2558,#2557,#207,.T.);
#2088=EDGE_CURVE('',#2548,#2558,#208,.T.);
#2089=EDGE_CURVE('',#2559,#2547,#209,.T.);
#2090=EDGE_CURVE('',#2560,#2559,#210,.T.);
#2091=EDGE_CURVE('',#2560,#2431,#211,.T.);
#2092=EDGE_CURVE('',#2536,#2430,#212,.T.);
#2093=EDGE_CURVE('',#2553,#2538,#213,.T.);
#2094=EDGE_CURVE('',#2561,#2481,#214,.T.);
#2095=EDGE_CURVE('',#2561,#2562,#2784,.T.);
#2096=EDGE_CURVE('',#2531,#2562,#215,.T.);
#2097=EDGE_CURVE('',#2482,#2530,#216,.T.);
#2098=EDGE_CURVE('',#2562,#2425,#217,.T.);
#2099=EDGE_CURVE('',#2449,#2529,#218,.T.);
#2100=EDGE_CURVE('',#2450,#2498,#219,.T.);
#2101=EDGE_CURVE('',#2449,#2534,#2785,.T.);
#2102=EDGE_CURVE('',#2535,#2429,#220,.F.);
#2103=EDGE_CURVE('',#2537,#2563,#221,.T.);
#2104=EDGE_CURVE('',#2564,#2563,#222,.T.);
#2105=EDGE_CURVE('',#2554,#2564,#223,.T.);
#2106=EDGE_CURVE('',#2564,#2555,#224,.T.);
#2107=EDGE_CURVE('',#2565,#2556,#225,.T.);
#2108=EDGE_CURVE('',#2565,#2455,#226,.F.);
#2109=EDGE_CURVE('',#2565,#2563,#2786,.T.);
#2110=EDGE_CURVE('',#2500,#2540,#227,.T.);
#2111=EDGE_CURVE('',#2499,#2524,#228,.T.);
#2112=EDGE_CURVE('',#2566,#2560,#229,.T.);
#2113=EDGE_CURVE('',#2566,#2545,#230,.T.);
#2114=EDGE_CURVE('',#2567,#2559,#231,.T.);
#2115=EDGE_CURVE('',#2566,#2567,#232,.T.);
#2116=EDGE_CURVE('',#2567,#2546,#233,.T.);
#2117=EDGE_CURVE('',#2549,#2568,#234,.T.);
#2118=EDGE_CURVE('',#2568,#2558,#235,.T.);
#2119=EDGE_CURVE('',#2569,#2557,#236,.T.);
#2120=EDGE_CURVE('',#2568,#2569,#237,.T.);
#2121=EDGE_CURVE('',#2550,#2569,#238,.T.);
#2122=EDGE_CURVE('',#2570,#2543,#239,.T.);
#2123=EDGE_CURVE('',#2570,#2571,#240,.T.);
#2124=EDGE_CURVE('',#2571,#2544,#241,.T.);
#2125=EDGE_CURVE('',#2572,#2542,#242,.T.);
#2126=EDGE_CURVE('',#2570,#2572,#2787,.T.);
#2127=EDGE_CURVE('',#2573,#2521,#243,.T.);
#2128=EDGE_CURVE('',#2573,#2572,#244,.T.);
#2129=EDGE_CURVE('',#2574,#2571,#2788,.T.);
#2130=EDGE_CURVE('',#2574,#2517,#245,.T.);
#2131=EDGE_CURVE('',#2575,#2520,#246,.T.);
#2132=EDGE_CURVE('',#2573,#2575,#2789,.T.);
#2133=EDGE_CURVE('',#2576,#2519,#247,.T.);
#2134=EDGE_CURVE('',#2575,#2576,#248,.T.);
#2135=EDGE_CURVE('',#2577,#2518,#249,.T.);
#2136=EDGE_CURVE('',#2576,#2577,#2790,.T.);
#2137=EDGE_CURVE('',#2577,#2574,#250,.T.);
#2138=EDGE_CURVE('',#2479,#2512,#251,.T.);
#2139=EDGE_CURVE('',#2485,#2488,#252,.T.);
#2140=EDGE_CURVE('',#2476,#2486,#253,.T.);
#2141=EDGE_CURVE('',#2578,#2452,#254,.T.);
#2142=EDGE_CURVE('',#2578,#2506,#255,.T.);
#2143=EDGE_CURVE('',#2578,#2539,#2791,.T.);
#2144=EDGE_CURVE('',#2480,#2579,#256,.T.);
#2145=EDGE_CURVE('',#2579,#2561,#257,.T.);
#2146=EDGE_CURVE('',#2580,#2579,#2792,.T.);
#2147=EDGE_CURVE('',#2580,#2424,#258,.T.);
#2148=EDGE_CURVE('',#2580,#2475,#259,.T.);
#2149=EDGE_CURVE('',#2581,#2582,#260,.T.);
#2150=EDGE_CURVE('',#2583,#2581,#261,.T.);
#2151=EDGE_CURVE('',#2583,#2584,#262,.T.);
#2152=EDGE_CURVE('',#2584,#2582,#263,.T.);
#2153=EDGE_CURVE('',#2585,#2581,#264,.T.);
#2154=EDGE_CURVE('',#2586,#2585,#265,.T.);
#2155=EDGE_CURVE('',#2586,#2583,#266,.T.);
#2156=EDGE_CURVE('',#2587,#2585,#267,.T.);
#2157=EDGE_CURVE('',#2588,#2587,#268,.T.);
#2158=EDGE_CURVE('',#2588,#2586,#269,.T.);
#2159=EDGE_CURVE('',#2589,#2587,#58,.T.);
#2160=EDGE_CURVE('',#2590,#2589,#270,.T.);
#2161=EDGE_CURVE('',#2590,#2588,#59,.T.);
#2162=EDGE_CURVE('',#2591,#2589,#60,.T.);
#2163=EDGE_CURVE('',#2592,#2591,#271,.T.);
#2164=EDGE_CURVE('',#2592,#2590,#61,.T.);
#2165=EDGE_CURVE('',#2593,#2591,#62,.T.);
#2166=EDGE_CURVE('',#2594,#2593,#272,.T.);
#2167=EDGE_CURVE('',#2594,#2592,#63,.T.);
#2168=EDGE_CURVE('',#2595,#2434,#273,.T.);
#2169=EDGE_CURVE('',#2595,#2596,#274,.T.);
#2170=EDGE_CURVE('',#2596,#2435,#275,.T.);
#2171=EDGE_CURVE('',#2597,#2444,#276,.T.);
#2172=EDGE_CURVE('',#2597,#2595,#277,.T.);
#2173=EDGE_CURVE('',#2598,#2443,#278,.T.);
#2174=EDGE_CURVE('',#2598,#2597,#279,.T.);
#2175=EDGE_CURVE('',#2599,#2442,#280,.T.);
#2176=EDGE_CURVE('',#2599,#2598,#281,.T.);
#2177=EDGE_CURVE('',#2600,#2441,#282,.T.);
#2178=EDGE_CURVE('',#2600,#2599,#283,.T.);
#2179=EDGE_CURVE('',#2601,#2440,#284,.T.);
#2180=EDGE_CURVE('',#2601,#2600,#64,.T.);
#2181=EDGE_CURVE('',#2602,#2439,#285,.T.);
#2182=EDGE_CURVE('',#2602,#2601,#65,.T.);
#2183=EDGE_CURVE('',#2603,#2438,#286,.T.);
#2184=EDGE_CURVE('',#2603,#2602,#66,.T.);
#2185=EDGE_CURVE('',#2604,#2437,#287,.T.);
#2186=EDGE_CURVE('',#2604,#2603,#288,.T.);
#2187=EDGE_CURVE('',#2605,#2436,#289,.T.);
#2188=EDGE_CURVE('',#2605,#2604,#290,.T.);
#2189=EDGE_CURVE('',#2596,#2605,#291,.T.);
#2190=EDGE_CURVE('',#2582,#2593,#67,.T.);
#2191=EDGE_CURVE('',#2584,#2594,#68,.T.);
#2192=EDGE_CURVE('',#2606,#2607,#292,.T.);
#2193=EDGE_CURVE('',#2608,#2607,#293,.T.);
#2194=EDGE_CURVE('',#2609,#2608,#294,.T.);
#2195=EDGE_CURVE('',#2610,#2609,#295,.T.);
#2196=EDGE_CURVE('',#2610,#2611,#296,.T.);
#2197=EDGE_CURVE('',#2611,#2612,#297,.T.);
#2198=EDGE_CURVE('',#2612,#2613,#298,.T.);
#2199=EDGE_CURVE('',#2613,#2606,#299,.T.);
#2200=EDGE_CURVE('',#2614,#2615,#300,.T.);
#2201=EDGE_CURVE('',#2614,#2606,#301,.T.);
#2202=EDGE_CURVE('',#2616,#2613,#302,.T.);
#2203=EDGE_CURVE('',#2616,#2615,#2793,.T.);
#2204=EDGE_CURVE('',#2617,#2618,#2794,.T.);
#2205=EDGE_CURVE('',#2618,#2619,#303,.T.);
#2206=EDGE_CURVE('',#2620,#2619,#304,.T.);
#2207=EDGE_CURVE('',#2620,#2621,#305,.T.);
#2208=EDGE_CURVE('',#2622,#2621,#306,.T.);
#2209=EDGE_CURVE('',#2623,#2622,#307,.T.);
#2210=EDGE_CURVE('',#2624,#2623,#2795,.T.);
#2211=EDGE_CURVE('',#2625,#2624,#308,.T.);
#2212=EDGE_CURVE('',#2625,#2626,#309,.T.);
#2213=EDGE_CURVE('',#2617,#2626,#310,.T.);
#2214=EDGE_CURVE('',#2627,#2628,#311,.T.);
#2215=EDGE_CURVE('',#2628,#2629,#312,.T.);
#2216=EDGE_CURVE('',#2629,#2630,#313,.T.);
#2217=EDGE_CURVE('',#2630,#2631,#314,.T.);
#2218=EDGE_CURVE('',#2631,#2632,#315,.T.);
#2219=EDGE_CURVE('',#2632,#2627,#316,.T.);
#2220=EDGE_CURVE('',#2633,#2634,#317,.T.);
#2221=EDGE_CURVE('',#2635,#2634,#2796,.T.);
#2222=EDGE_CURVE('',#2635,#2636,#318,.T.);
#2223=EDGE_CURVE('',#2637,#2636,#2797,.T.);
#2224=EDGE_CURVE('',#2637,#2638,#319,.T.);
#2225=EDGE_CURVE('',#2638,#2639,#320,.T.);
#2226=EDGE_CURVE('',#2639,#2633,#321,.T.);
#2227=EDGE_CURVE('',#2640,#2641,#322,.T.);
#2228=EDGE_CURVE('',#2641,#2642,#323,.T.);
#2229=EDGE_CURVE('',#2643,#2642,#324,.T.);
#2230=EDGE_CURVE('',#2640,#2643,#325,.T.);
#2231=EDGE_CURVE('',#2644,#2645,#326,.T.);
#2232=EDGE_CURVE('',#2645,#2611,#327,.T.);
#2233=EDGE_CURVE('',#2644,#2610,#328,.T.);
#2234=EDGE_CURVE('',#2644,#2640,#2798,.T.);
#2235=EDGE_CURVE('',#2645,#2643,#2799,.T.);
#2236=EDGE_CURVE('',#2646,#2647,#329,.T.);
#2237=EDGE_CURVE('',#2646,#2648,#330,.T.);
#2238=EDGE_CURVE('',#2649,#2648,#331,.T.);
#2239=EDGE_CURVE('',#2647,#2649,#332,.T.);
#2240=EDGE_CURVE('',#2650,#2651,#333,.T.);
#2241=EDGE_CURVE('',#2651,#2652,#334,.T.);
#2242=EDGE_CURVE('',#2653,#2652,#335,.T.);
#2243=EDGE_CURVE('',#2650,#2653,#336,.T.);
#2244=EDGE_CURVE('',#2647,#2650,#2800,.T.);
#2245=EDGE_CURVE('',#2651,#2649,#2801,.T.);
#2246=EDGE_CURVE('',#2653,#2654,#337,.T.);
#2247=EDGE_CURVE('',#2652,#2655,#338,.T.);
#2248=EDGE_CURVE('',#2655,#2656,#339,.T.);
#2249=EDGE_CURVE('',#2656,#2657,#340,.T.);
#2250=EDGE_CURVE('',#2658,#2657,#341,.T.);
#2251=EDGE_CURVE('',#2658,#2642,#342,.T.);
#2252=EDGE_CURVE('',#2659,#2641,#343,.T.);
#2253=EDGE_CURVE('',#2659,#2626,#344,.T.);
#2254=EDGE_CURVE('',#2654,#2625,#345,.T.);
#2255=EDGE_CURVE('',#2660,#2661,#346,.T.);
#2256=EDGE_CURVE('',#2662,#2661,#2802,.T.);
#2257=EDGE_CURVE('',#2663,#2662,#347,.F.);
#2258=EDGE_CURVE('',#2664,#2663,#2803,.T.);
#2259=EDGE_CURVE('',#2615,#2664,#348,.T.);
#2260=EDGE_CURVE('',#2665,#2616,#349,.T.);
#2261=EDGE_CURVE('',#2665,#2660,#2804,.T.);
#2262=EDGE_CURVE('',#2666,#2667,#350,.T.);
#2263=EDGE_CURVE('',#2668,#2666,#2805,.T.);
#2264=EDGE_CURVE('',#2668,#2669,#351,.T.);
#2265=EDGE_CURVE('',#2669,#2670,#352,.T.);
#2266=EDGE_CURVE('',#2671,#2670,#353,.T.);
#2267=EDGE_CURVE('',#2667,#2671,#354,.T.);
#2268=EDGE_CURVE('',#2661,#2657,#355,.T.);
#2269=EDGE_CURVE('',#2672,#2656,#356,.T.);
#2270=EDGE_CURVE('',#2672,#2673,#2806,.T.);
#2271=EDGE_CURVE('',#2673,#2674,#357,.T.);
#2272=EDGE_CURVE('',#2674,#2675,#358,.T.);
#2273=EDGE_CURVE('',#2675,#2676,#359,.T.);
#2274=EDGE_CURVE('',#2676,#2677,#2807,.F.);
#2275=EDGE_CURVE('',#2662,#2677,#360,.T.);
#2276=EDGE_CURVE('',#2678,#2678,#2808,.T.);
#2277=EDGE_CURVE('',#2679,#2633,#361,.T.);
#2278=EDGE_CURVE('',#2680,#2639,#362,.T.);
#2279=EDGE_CURVE('',#2680,#2681,#363,.T.);
#2280=EDGE_CURVE('',#2681,#2648,#364,.T.);
#2281=EDGE_CURVE('',#2679,#2646,#365,.T.);
#2282=EDGE_CURVE('',#2680,#2682,#366,.T.);
#2283=EDGE_CURVE('',#2682,#2683,#367,.T.);
#2284=EDGE_CURVE('',#2674,#2683,#368,.T.);
#2285=EDGE_CURVE('',#2673,#2684,#25,.T.);
#2286=EDGE_CURVE('',#2681,#2684,#369,.T.);
#2287=EDGE_CURVE('',#2685,#2672,#370,.T.);
#2288=EDGE_CURVE('',#2685,#2684,#2809,.T.);
#2289=EDGE_CURVE('',#2663,#2686,#371,.T.);
#2290=EDGE_CURVE('',#2686,#2687,#2810,.T.);
#2291=EDGE_CURVE('',#2687,#2688,#372,.T.);
#2292=EDGE_CURVE('',#2689,#2688,#373,.T.);
#2293=EDGE_CURVE('',#2689,#2690,#2811,.T.);
#2294=EDGE_CURVE('',#2690,#2691,#374,.T.);
#2295=EDGE_CURVE('',#2691,#2692,#2812,.T.);
#2296=EDGE_CURVE('',#2692,#2693,#375,.T.);
#2297=EDGE_CURVE('',#2693,#2694,#2813,.T.);
#2298=EDGE_CURVE('',#2694,#2695,#376,.T.);
#2299=EDGE_CURVE('',#2695,#2696,#377,.T.);
#2300=EDGE_CURVE('',#2696,#2697,#378,.T.);
#2301=EDGE_CURVE('',#2664,#2697,#379,.T.);
#2302=EDGE_CURVE('',#2670,#2698,#380,.T.);
#2303=EDGE_CURVE('',#2607,#2698,#381,.T.);
#2304=EDGE_CURVE('',#2697,#2614,#382,.T.);
#2305=EDGE_CURVE('',#2696,#2699,#383,.T.);
#2306=EDGE_CURVE('',#2699,#2700,#384,.T.);
#2307=EDGE_CURVE('',#2671,#2700,#385,.T.);
#2308=EDGE_CURVE('',#2701,#2702,#386,.T.);
#2309=EDGE_CURVE('',#2703,#2701,#387,.T.);
#2310=EDGE_CURVE('',#2700,#2703,#388,.T.);
#2311=EDGE_CURVE('',#2704,#2699,#389,.T.);
#2312=EDGE_CURVE('',#2704,#2705,#390,.T.);
#2313=EDGE_CURVE('',#2705,#2620,#391,.T.);
#2314=EDGE_CURVE('',#2702,#2619,#392,.T.);
#2315=EDGE_CURVE('',#2706,#2707,#393,.T.);
#2316=EDGE_CURVE('',#2707,#2708,#394,.T.);
#2317=EDGE_CURVE('',#2708,#2709,#395,.T.);
#2318=EDGE_CURVE('',#2706,#2709,#2814,.T.);
#2319=EDGE_CURVE('',#2624,#2636,#396,.T.);
#2320=EDGE_CURVE('',#2710,#2635,#397,.T.);
#2321=EDGE_CURVE('',#2654,#2710,#398,.T.);
#2322=EDGE_CURVE('',#2711,#2712,#399,.T.);
#2323=EDGE_CURVE('',#2713,#2712,#400,.T.);
#2324=EDGE_CURVE('',#2714,#2713,#401,.T.);
#2325=EDGE_CURVE('',#2715,#2714,#402,.T.);
#2326=EDGE_CURVE('',#2715,#2716,#403,.T.);
#2327=EDGE_CURVE('',#2717,#2716,#404,.T.);
#2328=EDGE_CURVE('',#2717,#2718,#405,.T.);
#2329=EDGE_CURVE('',#2719,#2718,#406,.T.);
#2330=EDGE_CURVE('',#2705,#2719,#407,.T.);
#2331=EDGE_CURVE('',#2695,#2704,#408,.T.);
#2332=EDGE_CURVE('',#2720,#2694,#26,.T.);
#2333=EDGE_CURVE('',#2720,#2721,#409,.T.);
#2334=EDGE_CURVE('',#2722,#2721,#27,.T.);
#2335=EDGE_CURVE('',#2722,#2688,#410,.T.);
#2336=EDGE_CURVE('',#2711,#2687,#28,.T.);
#2337=EDGE_CURVE('',#2683,#2723,#411,.T.);
#2338=EDGE_CURVE('',#2723,#2724,#412,.T.);
#2339=EDGE_CURVE('',#2725,#2724,#413,.T.);
#2340=EDGE_CURVE('',#2725,#2675,#414,.F.);
#2341=EDGE_CURVE('',#2726,#2638,#415,.T.);
#2342=EDGE_CURVE('',#2727,#2726,#416,.T.);
#2343=EDGE_CURVE('',#2682,#2727,#417,.T.);
#2344=EDGE_CURVE('',#2724,#2708,#418,.T.);
#2345=EDGE_CURVE('',#2707,#2622,#419,.T.);
#2346=EDGE_CURVE('',#2728,#2621,#420,.T.);
#2347=EDGE_CURVE('',#2728,#2729,#421,.T.);
#2348=EDGE_CURVE('',#2729,#2717,#422,.T.);
#2349=EDGE_CURVE('',#2716,#2730,#423,.T.);
#2350=EDGE_CURVE('',#2730,#2731,#424,.T.);
#2351=EDGE_CURVE('',#2713,#2731,#425,.T.);
#2352=EDGE_CURVE('',#2725,#2712,#426,.T.);
#2353=EDGE_CURVE('',#2698,#2732,#427,.T.);
#2354=EDGE_CURVE('',#2732,#2733,#428,.T.);
#2355=EDGE_CURVE('',#2734,#2733,#2815,.T.);
#2356=EDGE_CURVE('',#2734,#2701,#429,.T.);
#2357=EDGE_CURVE('',#2702,#2735,#430,.T.);
#2358=EDGE_CURVE('',#2736,#2735,#2816,.T.);
#2359=EDGE_CURVE('',#2736,#2608,#431,.T.);
#2360=EDGE_CURVE('',#2735,#2618,#432,.T.);
#2361=EDGE_CURVE('',#2706,#2623,#433,.F.);
#2362=EDGE_CURVE('',#2723,#2737,#434,.T.);
#2363=EDGE_CURVE('',#2737,#2738,#435,.T.);
#2364=EDGE_CURVE('',#2709,#2738,#436,.T.);
#2365=EDGE_CURVE('',#2737,#2727,#437,.T.);
#2366=EDGE_CURVE('',#2739,#2726,#438,.T.);
#2367=EDGE_CURVE('',#2739,#2637,#439,.F.);
#2368=EDGE_CURVE('',#2739,#2738,#2817,.T.);
#2369=EDGE_CURVE('',#2676,#2711,#440,.T.);
#2370=EDGE_CURVE('',#2677,#2686,#441,.T.);
#2371=EDGE_CURVE('',#2740,#2719,#442,.T.);
#2372=EDGE_CURVE('',#2740,#2728,#443,.T.);
#2373=EDGE_CURVE('',#2740,#2741,#444,.T.);
#2374=EDGE_CURVE('',#2741,#2729,#445,.T.);
#2375=EDGE_CURVE('',#2741,#2718,#446,.T.);
#2376=EDGE_CURVE('',#2715,#2742,#447,.T.);
#2377=EDGE_CURVE('',#2742,#2730,#448,.T.);
#2378=EDGE_CURVE('',#2742,#2743,#449,.T.);
#2379=EDGE_CURVE('',#2743,#2731,#450,.T.);
#2380=EDGE_CURVE('',#2714,#2743,#451,.T.);
#2381=EDGE_CURVE('',#2744,#2720,#452,.T.);
#2382=EDGE_CURVE('',#2745,#2744,#453,.T.);
#2383=EDGE_CURVE('',#2745,#2721,#454,.T.);
#2384=EDGE_CURVE('',#2746,#2722,#455,.T.);
#2385=EDGE_CURVE('',#2745,#2746,#2818,.T.);
#2386=EDGE_CURVE('',#2747,#2746,#456,.T.);
#2387=EDGE_CURVE('',#2747,#2689,#457,.T.);
#2388=EDGE_CURVE('',#2748,#2693,#458,.T.);
#2389=EDGE_CURVE('',#2748,#2744,#2819,.T.);
#2390=EDGE_CURVE('',#2747,#2749,#2820,.T.);
#2391=EDGE_CURVE('',#2749,#2690,#459,.T.);
#2392=EDGE_CURVE('',#2749,#2750,#460,.T.);
#2393=EDGE_CURVE('',#2750,#2691,#461,.T.);
#2394=EDGE_CURVE('',#2750,#2751,#2821,.T.);
#2395=EDGE_CURVE('',#2751,#2692,#462,.T.);
#2396=EDGE_CURVE('',#2751,#2748,#463,.T.);
#2397=EDGE_CURVE('',#2667,#2703,#464,.T.);
#2398=EDGE_CURVE('',#2655,#2685,#465,.T.);
#2399=EDGE_CURVE('',#2658,#2660,#466,.T.);
#2400=EDGE_CURVE('',#2612,#2665,#467,.T.);
#2401=EDGE_CURVE('',#2752,#2679,#468,.T.);
#2402=EDGE_CURVE('',#2752,#2634,#469,.T.);
#2403=EDGE_CURVE('',#2752,#2710,#2822,.T.);
#2404=EDGE_CURVE('',#2753,#2736,#470,.T.);
#2405=EDGE_CURVE('',#2609,#2753,#471,.T.);
#2406=EDGE_CURVE('',#2754,#2617,#472,.T.);
#2407=EDGE_CURVE('',#2754,#2753,#2823,.T.);
#2408=EDGE_CURVE('',#2754,#2659,#473,.T.);
#2409=EDGE_CURVE('',#2755,#2627,#474,.T.);
#2410=EDGE_CURVE('',#2755,#2756,#475,.T.);
#2411=EDGE_CURVE('',#2756,#2628,#476,.T.);
#2412=EDGE_CURVE('',#2757,#2632,#477,.T.);
#2413=EDGE_CURVE('',#2757,#2755,#478,.T.);
#2414=EDGE_CURVE('',#2758,#2631,#479,.T.);
#2415=EDGE_CURVE('',#2758,#2757,#480,.T.);
#2416=EDGE_CURVE('',#2759,#2630,#481,.T.);
#2417=EDGE_CURVE('',#2759,#2758,#482,.T.);
#2418=EDGE_CURVE('',#2760,#2629,#483,.T.);
#2419=EDGE_CURVE('',#2760,#2759,#484,.T.);
#2420=EDGE_CURVE('',#2756,#2760,#485,.T.);
#2421=EDGE_CURVE('',#2666,#2734,#486,.T.);
#2422=EDGE_CURVE('',#2668,#2733,#487,.T.);
#2423=EDGE_CURVE('',#2669,#2732,#488,.T.);
#2424=VERTEX_POINT('',#4674);
#2425=VERTEX_POINT('',#4675);
#2426=VERTEX_POINT('',#4677);
#2427=VERTEX_POINT('',#4679);
#2428=VERTEX_POINT('',#4681);
#2429=VERTEX_POINT('',#4683);
#2430=VERTEX_POINT('',#4685);
#2431=VERTEX_POINT('',#4687);
#2432=VERTEX_POINT('',#4689);
#2433=VERTEX_POINT('',#4691);
#2434=VERTEX_POINT('',#4694);
#2435=VERTEX_POINT('',#4695);
#2436=VERTEX_POINT('',#4697);
#2437=VERTEX_POINT('',#4699);
#2438=VERTEX_POINT('',#4701);
#2439=VERTEX_POINT('',#4705);
#2440=VERTEX_POINT('',#4709);
#2441=VERTEX_POINT('',#4713);
#2442=VERTEX_POINT('',#4715);
#2443=VERTEX_POINT('',#4717);
#2444=VERTEX_POINT('',#4719);
#2445=VERTEX_POINT('',#4723);
#2446=VERTEX_POINT('',#4724);
#2447=VERTEX_POINT('',#4726);
#2448=VERTEX_POINT('',#4728);
#2449=VERTEX_POINT('',#4732);
#2450=VERTEX_POINT('',#4734);
#2451=VERTEX_POINT('',#4738);
#2452=VERTEX_POINT('',#4739);
#2453=VERTEX_POINT('',#4741);
#2454=VERTEX_POINT('',#4743);
#2455=VERTEX_POINT('',#4745);
#2456=VERTEX_POINT('',#4747);
#2457=VERTEX_POINT('',#4749);
#2458=VERTEX_POINT('',#4753);
#2459=VERTEX_POINT('',#4754);
#2460=VERTEX_POINT('',#4756);
#2461=VERTEX_POINT('',#4758);
#2462=VERTEX_POINT('',#4762);
#2463=VERTEX_POINT('',#4763);
#2464=VERTEX_POINT('',#4765);
#2465=VERTEX_POINT('',#4767);
#2466=VERTEX_POINT('',#4774);
#2467=VERTEX_POINT('',#4775);
#2468=VERTEX_POINT('',#4777);
#2469=VERTEX_POINT('',#4779);
#2470=VERTEX_POINT('',#4783);
#2471=VERTEX_POINT('',#4784);
#2472=VERTEX_POINT('',#4786);
#2473=VERTEX_POINT('',#4788);
#2474=VERTEX_POINT('',#4795);
#2475=VERTEX_POINT('',#4798);
#2476=VERTEX_POINT('',#4801);
#2477=VERTEX_POINT('',#4803);
#2478=VERTEX_POINT('',#4805);
#2479=VERTEX_POINT('',#4807);
#2480=VERTEX_POINT('',#4811);
#2481=VERTEX_POINT('',#4813);
#2482=VERTEX_POINT('',#4815);
#2483=VERTEX_POINT('',#4817);
#2484=VERTEX_POINT('',#4819);
#2485=VERTEX_POINT('',#4821);
#2486=VERTEX_POINT('',#4825);
#2487=VERTEX_POINT('',#4826);
#2488=VERTEX_POINT('',#4828);
#2489=VERTEX_POINT('',#4830);
#2490=VERTEX_POINT('',#4832);
#2491=VERTEX_POINT('',#4834);
#2492=VERTEX_POINT('',#4836);
#2493=VERTEX_POINT('',#4838);
#2494=VERTEX_POINT('',#4842);
#2495=VERTEX_POINT('',#4844);
#2496=VERTEX_POINT('',#4846);
#2497=VERTEX_POINT('',#4848);
#2498=VERTEX_POINT('',#4852);
#2499=VERTEX_POINT('',#4857);
#2500=VERTEX_POINT('',#4859);
#2501=VERTEX_POINT('',#4861);
#2502=VERTEX_POINT('',#4863);
#2503=VERTEX_POINT('',#4865);
#2504=VERTEX_POINT('',#4867);
#2505=VERTEX_POINT('',#4870);
#2506=VERTEX_POINT('',#4873);
#2507=VERTEX_POINT('',#4876);
#2508=VERTEX_POINT('',#4878);
#2509=VERTEX_POINT('',#4882);
#2510=VERTEX_POINT('',#4885);
#2511=VERTEX_POINT('',#4887);
#2512=VERTEX_POINT('',#4891);
#2513=VERTEX_POINT('',#4895);
#2514=VERTEX_POINT('',#4897);
#2515=VERTEX_POINT('',#4899);
#2516=VERTEX_POINT('',#4901);
#2517=VERTEX_POINT('',#4903);
#2518=VERTEX_POINT('',#4905);
#2519=VERTEX_POINT('',#4907);
#2520=VERTEX_POINT('',#4909);
#2521=VERTEX_POINT('',#4911);
#2522=VERTEX_POINT('',#4913);
#2523=VERTEX_POINT('',#4915);
#2524=VERTEX_POINT('',#4917);
#2525=VERTEX_POINT('',#4922);
#2526=VERTEX_POINT('',#4924);
#2527=VERTEX_POINT('',#4928);
#2528=VERTEX_POINT('',#4930);
#2529=VERTEX_POINT('',#4932);
#2530=VERTEX_POINT('',#4934);
#2531=VERTEX_POINT('',#4936);
#2532=VERTEX_POINT('',#4939);
#2533=VERTEX_POINT('',#4941);
#2534=VERTEX_POINT('',#4945);
#2535=VERTEX_POINT('',#4950);
#2536=VERTEX_POINT('',#4951);
#2537=VERTEX_POINT('',#4953);
#2538=VERTEX_POINT('',#4955);
#2539=VERTEX_POINT('',#4960);
#2540=VERTEX_POINT('',#4964);
#2541=VERTEX_POINT('',#4965);
#2542=VERTEX_POINT('',#4968);
#2543=VERTEX_POINT('',#4970);
#2544=VERTEX_POINT('',#4972);
#2545=VERTEX_POINT('',#4976);
#2546=VERTEX_POINT('',#4978);
#2547=VERTEX_POINT('',#4980);
#2548=VERTEX_POINT('',#4982);
#2549=VERTEX_POINT('',#4984);
#2550=VERTEX_POINT('',#4986);
#2551=VERTEX_POINT('',#4988);
#2552=VERTEX_POINT('',#4992);
#2553=VERTEX_POINT('',#4994);
#2554=VERTEX_POINT('',#4996);
#2555=VERTEX_POINT('',#5000);
#2556=VERTEX_POINT('',#5002);
#2557=VERTEX_POINT('',#5007);
#2558=VERTEX_POINT('',#5009);
#2559=VERTEX_POINT('',#5012);
#2560=VERTEX_POINT('',#5014);
#2561=VERTEX_POINT('',#5020);
#2562=VERTEX_POINT('',#5022);
#2563=VERTEX_POINT('',#5037);
#2564=VERTEX_POINT('',#5039);
#2565=VERTEX_POINT('',#5045);
#2566=VERTEX_POINT('',#5055);
#2567=VERTEX_POINT('',#5059);
#2568=VERTEX_POINT('',#5066);
#2569=VERTEX_POINT('',#5070);
#2570=VERTEX_POINT('',#5078);
#2571=VERTEX_POINT('',#5080);
#2572=VERTEX_POINT('',#5084);
#2573=VERTEX_POINT('',#5088);
#2574=VERTEX_POINT('',#5092);
#2575=VERTEX_POINT('',#5096);
#2576=VERTEX_POINT('',#5100);
#2577=VERTEX_POINT('',#5104);
#2578=VERTEX_POINT('',#5123);
#2579=VERTEX_POINT('',#5130);
#2580=VERTEX_POINT('',#5134);
#2581=VERTEX_POINT('',#5142);
#2582=VERTEX_POINT('',#5143);
#2583=VERTEX_POINT('',#5145);
#2584=VERTEX_POINT('',#5147);
#2585=VERTEX_POINT('',#5151);
#2586=VERTEX_POINT('',#5153);
#2587=VERTEX_POINT('',#5157);
#2588=VERTEX_POINT('',#5159);
#2589=VERTEX_POINT('',#5172);
#2590=VERTEX_POINT('',#5174);
#2591=VERTEX_POINT('',#5189);
#2592=VERTEX_POINT('',#5191);
#2593=VERTEX_POINT('',#5206);
#2594=VERTEX_POINT('',#5208);
#2595=VERTEX_POINT('',#5214);
#2596=VERTEX_POINT('',#5216);
#2597=VERTEX_POINT('',#5220);
#2598=VERTEX_POINT('',#5224);
#2599=VERTEX_POINT('',#5228);
#2600=VERTEX_POINT('',#5232);
#2601=VERTEX_POINT('',#5243);
#2602=VERTEX_POINT('',#5256);
#2603=VERTEX_POINT('',#5269);
#2604=VERTEX_POINT('',#5275);
#2605=VERTEX_POINT('',#5279);
#2606=VERTEX_POINT('',#5302);
#2607=VERTEX_POINT('',#5303);
#2608=VERTEX_POINT('',#5305);
#2609=VERTEX_POINT('',#5307);
#2610=VERTEX_POINT('',#5309);
#2611=VERTEX_POINT('',#5311);
#2612=VERTEX_POINT('',#5313);
#2613=VERTEX_POINT('',#5315);
#2614=VERTEX_POINT('',#5319);
#2615=VERTEX_POINT('',#5320);
#2616=VERTEX_POINT('',#5323);
#2617=VERTEX_POINT('',#5327);
#2618=VERTEX_POINT('',#5328);
#2619=VERTEX_POINT('',#5330);
#2620=VERTEX_POINT('',#5332);
#2621=VERTEX_POINT('',#5334);
#2622=VERTEX_POINT('',#5336);
#2623=VERTEX_POINT('',#5338);
#2624=VERTEX_POINT('',#5340);
#2625=VERTEX_POINT('',#5342);
#2626=VERTEX_POINT('',#5344);
#2627=VERTEX_POINT('',#5347);
#2628=VERTEX_POINT('',#5348);
#2629=VERTEX_POINT('',#5350);
#2630=VERTEX_POINT('',#5352);
#2631=VERTEX_POINT('',#5354);
#2632=VERTEX_POINT('',#5356);
#2633=VERTEX_POINT('',#5360);
#2634=VERTEX_POINT('',#5361);
#2635=VERTEX_POINT('',#5363);
#2636=VERTEX_POINT('',#5365);
#2637=VERTEX_POINT('',#5367);
#2638=VERTEX_POINT('',#5369);
#2639=VERTEX_POINT('',#5371);
#2640=VERTEX_POINT('',#5375);
#2641=VERTEX_POINT('',#5376);
#2642=VERTEX_POINT('',#5378);
#2643=VERTEX_POINT('',#5380);
#2644=VERTEX_POINT('',#5384);
#2645=VERTEX_POINT('',#5385);
#2646=VERTEX_POINT('',#5393);
#2647=VERTEX_POINT('',#5394);
#2648=VERTEX_POINT('',#5396);
#2649=VERTEX_POINT('',#5398);
#2650=VERTEX_POINT('',#5402);
#2651=VERTEX_POINT('',#5403);
#2652=VERTEX_POINT('',#5405);
#2653=VERTEX_POINT('',#5407);
#2654=VERTEX_POINT('',#5414);
#2655=VERTEX_POINT('',#5416);
#2656=VERTEX_POINT('',#5418);
#2657=VERTEX_POINT('',#5420);
#2658=VERTEX_POINT('',#5422);
#2659=VERTEX_POINT('',#5425);
#2660=VERTEX_POINT('',#5430);
#2661=VERTEX_POINT('',#5431);
#2662=VERTEX_POINT('',#5433);
#2663=VERTEX_POINT('',#5435);
#2664=VERTEX_POINT('',#5437);
#2665=VERTEX_POINT('',#5440);
#2666=VERTEX_POINT('',#5444);
#2667=VERTEX_POINT('',#5445);
#2668=VERTEX_POINT('',#5447);
#2669=VERTEX_POINT('',#5449);
#2670=VERTEX_POINT('',#5451);
#2671=VERTEX_POINT('',#5453);
#2672=VERTEX_POINT('',#5458);
#2673=VERTEX_POINT('',#5460);
#2674=VERTEX_POINT('',#5462);
#2675=VERTEX_POINT('',#5464);
#2676=VERTEX_POINT('',#5466);
#2677=VERTEX_POINT('',#5468);
#2678=VERTEX_POINT('',#5471);
#2679=VERTEX_POINT('',#5474);
#2680=VERTEX_POINT('',#5476);
#2681=VERTEX_POINT('',#5478);
#2682=VERTEX_POINT('',#5483);
#2683=VERTEX_POINT('',#5485);
#2684=VERTEX_POINT('',#5488);
#2685=VERTEX_POINT('',#5492);
#2686=VERTEX_POINT('',#5496);
#2687=VERTEX_POINT('',#5498);
#2688=VERTEX_POINT('',#5500);
#2689=VERTEX_POINT('',#5502);
#2690=VERTEX_POINT('',#5504);
#2691=VERTEX_POINT('',#5506);
#2692=VERTEX_POINT('',#5508);
#2693=VERTEX_POINT('',#5510);
#2694=VERTEX_POINT('',#5512);
#2695=VERTEX_POINT('',#5514);
#2696=VERTEX_POINT('',#5516);
#2697=VERTEX_POINT('',#5518);
#2698=VERTEX_POINT('',#5522);
#2699=VERTEX_POINT('',#5526);
#2700=VERTEX_POINT('',#5528);
#2701=VERTEX_POINT('',#5532);
#2702=VERTEX_POINT('',#5533);
#2703=VERTEX_POINT('',#5535);
#2704=VERTEX_POINT('',#5538);
#2705=VERTEX_POINT('',#5540);
#2706=VERTEX_POINT('',#5545);
#2707=VERTEX_POINT('',#5546);
#2708=VERTEX_POINT('',#5548);
#2709=VERTEX_POINT('',#5550);
#2710=VERTEX_POINT('',#5555);
#2711=VERTEX_POINT('',#5559);
#2712=VERTEX_POINT('',#5560);
#2713=VERTEX_POINT('',#5562);
#2714=VERTEX_POINT('',#5564);
#2715=VERTEX_POINT('',#5566);
#2716=VERTEX_POINT('',#5568);
#2717=VERTEX_POINT('',#5570);
#2718=VERTEX_POINT('',#5572);
#2719=VERTEX_POINT('',#5574);
#2720=VERTEX_POINT('',#5578);
#2721=VERTEX_POINT('',#5580);
#2722=VERTEX_POINT('',#5582);
#2723=VERTEX_POINT('',#5587);
#2724=VERTEX_POINT('',#5589);
#2725=VERTEX_POINT('',#5591);
#2726=VERTEX_POINT('',#5595);
#2727=VERTEX_POINT('',#5597);
#2728=VERTEX_POINT('',#5603);
#2729=VERTEX_POINT('',#5605);
#2730=VERTEX_POINT('',#5608);
#2731=VERTEX_POINT('',#5610);
#2732=VERTEX_POINT('',#5615);
#2733=VERTEX_POINT('',#5617);
#2734=VERTEX_POINT('',#5619);
#2735=VERTEX_POINT('',#5622);
#2736=VERTEX_POINT('',#5624);
#2737=VERTEX_POINT('',#5632);
#2738=VERTEX_POINT('',#5634);
#2739=VERTEX_POINT('',#5640);
#2740=VERTEX_POINT('',#5650);
#2741=VERTEX_POINT('',#5654);
#2742=VERTEX_POINT('',#5661);
#2743=VERTEX_POINT('',#5665);
#2744=VERTEX_POINT('',#5673);
#2745=VERTEX_POINT('',#5675);
#2746=VERTEX_POINT('',#5679);
#2747=VERTEX_POINT('',#5683);
#2748=VERTEX_POINT('',#5687);
#2749=VERTEX_POINT('',#5691);
#2750=VERTEX_POINT('',#5695);
#2751=VERTEX_POINT('',#5699);
#2752=VERTEX_POINT('',#5719);
#2753=VERTEX_POINT('',#5726);
#2754=VERTEX_POINT('',#5730);
#2755=VERTEX_POINT('',#5737);
#2756=VERTEX_POINT('',#5739);
#2757=VERTEX_POINT('',#5743);
#2758=VERTEX_POINT('',#5747);
#2759=VERTEX_POINT('',#5751);
#2760=VERTEX_POINT('',#5755);
#2761=CIRCLE('',#3530,0.00325);
#2762=CIRCLE('',#3531,0.004);
#2763=CIRCLE('',#3534,0.0034);
#2764=CIRCLE('',#3536,0.004);
#2765=CIRCLE('',#3537,0.00325);
#2766=CIRCLE('',#3541,0.002125);
#2767=CIRCLE('',#3542,0.002125);
#2768=CIRCLE('',#3546,0.002125);
#2769=CIRCLE('',#3547,0.002125);
#2770=CIRCLE('',#3551,0.00325);
#2771=CIRCLE('',#3552,0.00325);
#2772=CIRCLE('',#3553,0.00325);
#2773=CIRCLE('',#3554,0.00325);
#2774=CIRCLE('',#3556,0.0034);
#2775=CIRCLE('',#3558,0.0078);
#2776=CIRCLE('',#3559,0.00325);
#2777=CIRCLE('',#3560,0.004);
#2778=CIRCLE('',#3565,0.00325);
#2779=CIRCLE('',#3567,0.003);
#2780=CIRCLE('',#3568,0.003);
#2781=CIRCLE('',#3569,0.003);
#2782=CIRCLE('',#3570,0.0078);
#2783=CIRCLE('',#3575,0.004);
#2784=CIRCLE('',#3585,0.00325);
#2785=CIRCLE('',#3589,0.0034);
#2786=CIRCLE('',#3596,0.004);
#2787=CIRCLE('',#3610,0.003);
#2788=CIRCLE('',#3613,0.003);
#2789=CIRCLE('',#3615,0.003);
#2790=CIRCLE('',#3618,0.003);
#2791=CIRCLE('',#3632,0.00325);
#2792=CIRCLE('',#3636,0.00325);
#2793=CIRCLE('',#3656,0.00325);
#2794=CIRCLE('',#3658,0.00325);
#2795=CIRCLE('',#3659,0.004);
#2796=CIRCLE('',#3661,0.00325);
#2797=CIRCLE('',#3662,0.004);
#2798=CIRCLE('',#3666,0.002125);
#2799=CIRCLE('',#3667,0.002125);
#2800=CIRCLE('',#3671,0.002125);
#2801=CIRCLE('',#3672,0.002125);
#2802=CIRCLE('',#3675,0.00325);
#2803=CIRCLE('',#3676,0.00325);
#2804=CIRCLE('',#3677,0.00325);
#2805=CIRCLE('',#3679,0.00603310045481144);
#2806=CIRCLE('',#3681,0.00325);
#2807=CIRCLE('',#3682,0.0078);
#2808=CIRCLE('',#3683,0.004);
#2809=CIRCLE('',#3688,0.00325);
#2810=CIRCLE('',#3690,0.0078);
#2811=CIRCLE('',#3691,0.003);
#2812=CIRCLE('',#3692,0.003);
#2813=CIRCLE('',#3693,0.003);
#2814=CIRCLE('',#3697,0.004);
#2815=CIRCLE('',#3707,0.00603310045481144);
#2816=CIRCLE('',#3708,0.00325);
#2817=CIRCLE('',#3715,0.004);
#2818=CIRCLE('',#3729,0.003);
#2819=CIRCLE('',#3732,0.003);
#2820=CIRCLE('',#3734,0.003);
#2821=CIRCLE('',#3737,0.003);
#2822=CIRCLE('',#3751,0.00325);
#2823=CIRCLE('',#3755,0.00325);
#2824=EDGE_LOOP('',(#909,#910,#911,#912,#913,#914,#915,#916,#917,#918));
#2825=EDGE_LOOP('',(#919,#920,#921,#922,#923,#924,#925,#926,#927,#928,#929));
#2826=EDGE_LOOP('',(#930,#931,#932,#933));
#2827=EDGE_LOOP('',(#934,#935,#936,#937));
#2828=EDGE_LOOP('',(#938,#939,#940,#941,#942,#943,#944));
#2829=EDGE_LOOP('',(#945,#946,#947,#948));
#2830=EDGE_LOOP('',(#949,#950,#951,#952));
#2831=EDGE_LOOP('',(#953,#954,#955,#956));
#2832=EDGE_LOOP('',(#957,#958,#959,#960));
#2833=EDGE_LOOP('',(#961,#962,#963,#964));
#2834=EDGE_LOOP('',(#965,#966,#967,#968));
#2835=EDGE_LOOP('',(#969,#970,#971,#972,#973,#974,#975,#976,#977,#978,#979,
#980));
#2836=EDGE_LOOP('',(#981,#982,#983,#984,#985,#986,#987,#988));
#2837=EDGE_LOOP('',(#989,#990,#991,#992,#993,#994,#995,#996));
#2838=EDGE_LOOP('',(#997,#998,#999,#1000,#1001,#1002,#1003,#1004,#1005,
#1006,#1007));
#2839=EDGE_LOOP('',(#1008,#1009,#1010,#1011,#1012,#1013,#1014,#1015,#1016,
#1017));
#2840=EDGE_LOOP('',(#1018));
#2841=EDGE_LOOP('',(#1019,#1020,#1021,#1022,#1023,#1024,#1025));
#2842=EDGE_LOOP('',(#1026,#1027,#1028,#1029,#1030,#1031,#1032));
#2843=EDGE_LOOP('',(#1033,#1034,#1035,#1036));
#2844=EDGE_LOOP('',(#1037,#1038,#1039,#1040,#1041,#1042,#1043,#1044,#1045,
#1046,#1047,#1048,#1049,#1050));
#2845=EDGE_LOOP('',(#1051,#1052,#1053,#1054,#1055,#1056));
#2846=EDGE_LOOP('',(#1057,#1058,#1059,#1060,#1061,#1062,#1063,#1064,#1065,
#1066,#1067));
#2847=EDGE_LOOP('',(#1068,#1069,#1070,#1071,#1072));
#2848=EDGE_LOOP('',(#1073,#1074,#1075,#1076));
#2849=EDGE_LOOP('',(#1077,#1078,#1079,#1080,#1081,#1082));
#2850=EDGE_LOOP('',(#1083,#1084,#1085,#1086,#1087,#1088,#1089,#1090,#1091,
#1092,#1093,#1094,#1095,#1096,#1097,#1098,#1099,#1100));
#2851=EDGE_LOOP('',(#1101,#1102,#1103,#1104,#1105,#1106));
#2852=EDGE_LOOP('',(#1107,#1108,#1109,#1110,#1111,#1112));
#2853=EDGE_LOOP('',(#1113,#1114,#1115,#1116,#1117,#1118,#1119,#1120,#1121,
#1122,#1123,#1124,#1125,#1126));
#2854=EDGE_LOOP('',(#1127,#1128,#1129,#1130,#1131,#1132));
#2855=EDGE_LOOP('',(#1133,#1134,#1135,#1136));
#2856=EDGE_LOOP('',(#1137,#1138,#1139,#1140,#1141,#1142,#1143));
#2857=EDGE_LOOP('',(#1144,#1145,#1146,#1147));
#2858=EDGE_LOOP('',(#1148,#1149,#1150,#1151));
#2859=EDGE_LOOP('',(#1152,#1153,#1154,#1155));
#2860=EDGE_LOOP('',(#1156,#1157,#1158,#1159,#1160,#1161));
#2861=EDGE_LOOP('',(#1162,#1163,#1164,#1165,#1166));
#2862=EDGE_LOOP('',(#1167,#1168,#1169,#1170));
#2863=EDGE_LOOP('',(#1171,#1172,#1173,#1174,#1175));
#2864=EDGE_LOOP('',(#1176,#1177,#1178,#1179,#1180));
#2865=EDGE_LOOP('',(#1181,#1182,#1183,#1184));
#2866=EDGE_LOOP('',(#1185,#1186,#1187,#1188,#1189,#1190));
#2867=EDGE_LOOP('',(#1191,#1192,#1193,#1194));
#2868=EDGE_LOOP('',(#1195,#1196,#1197,#1198));
#2869=EDGE_LOOP('',(#1199,#1200,#1201,#1202));
#2870=EDGE_LOOP('',(#1203,#1204,#1205,#1206));
#2871=EDGE_LOOP('',(#1207,#1208,#1209,#1210));
#2872=EDGE_LOOP('',(#1211,#1212,#1213,#1214));
#2873=EDGE_LOOP('',(#1215,#1216,#1217,#1218));
#2874=EDGE_LOOP('',(#1219,#1220,#1221,#1222));
#2875=EDGE_LOOP('',(#1223,#1224,#1225,#1226));
#2876=EDGE_LOOP('',(#1227,#1228,#1229,#1230));
#2877=EDGE_LOOP('',(#1231,#1232,#1233,#1234,#1235));
#2878=EDGE_LOOP('',(#1236,#1237,#1238,#1239,#1240));
#2879=EDGE_LOOP('',(#1241,#1242,#1243,#1244));
#2880=EDGE_LOOP('',(#1245,#1246,#1247,#1248));
#2881=EDGE_LOOP('',(#1249,#1250,#1251,#1252));
#2882=EDGE_LOOP('',(#1253,#1254,#1255,#1256));
#2883=EDGE_LOOP('',(#1257,#1258,#1259,#1260,#1261,#1262,#1263,#1264));
#2884=EDGE_LOOP('',(#1265));
#2885=EDGE_LOOP('',(#1266,#1267,#1268,#1269,#1270,#1271,#1272,#1273));
#2886=EDGE_LOOP('',(#1274,#1275,#1276,#1277,#1278));
#2887=EDGE_LOOP('',(#1279,#1280,#1281,#1282));
#2888=EDGE_LOOP('',(#1283,#1284,#1285,#1286,#1287,#1288,#1289,#1290));
#2889=EDGE_LOOP('',(#1291,#1292,#1293,#1294,#1295,#1296,#1297,#1298));
#2890=EDGE_LOOP('',(#1299,#1300,#1301,#1302));
#2891=EDGE_LOOP('',(#1303,#1304,#1305,#1306));
#2892=EDGE_LOOP('',(#1307,#1308,#1309,#1310));
#2893=EDGE_LOOP('',(#1311,#1312,#1313,#1314));
#2894=EDGE_LOOP('',(#1315,#1316,#1317,#1318));
#2895=EDGE_LOOP('',(#1319,#1320,#1321,#1322));
#2896=EDGE_LOOP('',(#1323,#1324,#1325,#1326,#1327,#1328,#1329,#1330));
#2897=EDGE_LOOP('',(#1331,#1332,#1333,#1334));
#2898=EDGE_LOOP('',(#1335,#1336,#1337,#1338,#1339,#1340));
#2899=EDGE_LOOP('',(#1341,#1342,#1343,#1344));
#2900=EDGE_LOOP('',(#1345,#1346,#1347,#1348,#1349,#1350,#1351,#1352));
#2901=EDGE_LOOP('',(#1353,#1354,#1355,#1356,#1357));
#2902=EDGE_LOOP('',(#1358,#1359,#1360,#1361));
#2903=EDGE_LOOP('',(#1362,#1363,#1364,#1365));
#2904=EDGE_LOOP('',(#1366,#1367,#1368,#1369));
#2905=EDGE_LOOP('',(#1370,#1371,#1372,#1373));
#2906=EDGE_LOOP('',(#1374,#1375,#1376,#1377));
#2907=EDGE_LOOP('',(#1378,#1379,#1380,#1381));
#2908=EDGE_LOOP('',(#1382,#1383,#1384,#1385));
#2909=EDGE_LOOP('',(#1386,#1387,#1388,#1389));
#2910=EDGE_LOOP('',(#1390,#1391,#1392,#1393));
#2911=EDGE_LOOP('',(#1394,#1395,#1396,#1397));
#2912=EDGE_LOOP('',(#1398,#1399,#1400,#1401));
#2913=EDGE_LOOP('',(#1402,#1403,#1404,#1405));
#2914=EDGE_LOOP('',(#1406,#1407,#1408,#1409));
#2915=EDGE_LOOP('',(#1410,#1411,#1412,#1413));
#2916=EDGE_LOOP('',(#1414,#1415,#1416,#1417));
#2917=EDGE_LOOP('',(#1418,#1419,#1420,#1421));
#2918=EDGE_LOOP('',(#1422,#1423,#1424,#1425));
#2919=EDGE_LOOP('',(#1426,#1427,#1428,#1429));
#2920=EDGE_LOOP('',(#1430,#1431,#1432,#1433,#1434,#1435,#1436,#1437,#1438,
#1439,#1440));
#2921=EDGE_LOOP('',(#1441,#1442,#1443,#1444,#1445,#1446,#1447));
#2922=EDGE_LOOP('',(#1448,#1449,#1450,#1451,#1452,#1453,#1454));
#2923=EDGE_LOOP('',(#1455,#1456,#1457,#1458,#1459,#1460,#1461,#1462));
#2924=EDGE_LOOP('',(#1463,#1464,#1465,#1466,#1467));
#2925=EDGE_LOOP('',(#1468,#1469,#1470,#1471,#1472,#1473,#1474,#1475,#1476,
#1477));
#2926=EDGE_LOOP('',(#1478,#1479,#1480,#1481,#1482,#1483));
#2927=EDGE_LOOP('',(#1484,#1485,#1486,#1487,#1488,#1489,#1490));
#2928=EDGE_LOOP('',(#1491,#1492,#1493,#1494));
#2929=EDGE_LOOP('',(#1495,#1496,#1497,#1498));
#2930=EDGE_LOOP('',(#1499,#1500,#1501,#1502));
#2931=EDGE_LOOP('',(#1503,#1504,#1505,#1506));
#2932=EDGE_LOOP('',(#1507,#1508,#1509,#1510));
#2933=EDGE_LOOP('',(#1511,#1512,#1513,#1514));
#2934=EDGE_LOOP('',(#1515,#1516,#1517,#1518,#1519,#1520,#1521,#1522,#1523,
#1524,#1525,#1526));
#2935=EDGE_LOOP('',(#1527,#1528,#1529,#1530,#1531,#1532,#1533,#1534));
#2936=EDGE_LOOP('',(#1535,#1536,#1537,#1538,#1539,#1540));
#2937=EDGE_LOOP('',(#1541,#1542,#1543,#1544,#1545,#1546,#1547,#1548,#1549,
#1550));
#2938=EDGE_LOOP('',(#1551));
#2939=EDGE_LOOP('',(#1552,#1553,#1554,#1555,#1556,#1557,#1558));
#2940=EDGE_LOOP('',(#1559,#1560,#1561,#1562,#1563,#1564,#1565));
#2941=EDGE_LOOP('',(#1566,#1567,#1568,#1569));
#2942=EDGE_LOOP('',(#1570,#1571,#1572,#1573,#1574,#1575,#1576,#1577,#1578,
#1579,#1580,#1581,#1582,#1583));
#2943=EDGE_LOOP('',(#1584,#1585,#1586,#1587,#1588,#1589,#1590,#1591,#1592,
#1593));
#2944=EDGE_LOOP('',(#1594,#1595,#1596,#1597,#1598,#1599,#1600,#1601,#1602));
#2945=EDGE_LOOP('',(#1603,#1604,#1605,#1606));
#2946=EDGE_LOOP('',(#1607,#1608,#1609,#1610,#1611,#1612));
#2947=EDGE_LOOP('',(#1613,#1614,#1615,#1616,#1617,#1618,#1619,#1620,#1621,
#1622,#1623,#1624,#1625,#1626,#1627,#1628,#1629,#1630));
#2948=EDGE_LOOP('',(#1631,#1632,#1633,#1634,#1635,#1636));
#2949=EDGE_LOOP('',(#1637,#1638,#1639,#1640,#1641,#1642));
#2950=EDGE_LOOP('',(#1643,#1644,#1645,#1646,#1647,#1648,#1649,#1650,#1651,
#1652,#1653,#1654,#1655,#1656));
#2951=EDGE_LOOP('',(#1657,#1658,#1659,#1660,#1661,#1662,#1663,#1664,#1665,
#1666));
#2952=EDGE_LOOP('',(#1667,#1668,#1669,#1670));
#2953=EDGE_LOOP('',(#1671,#1672,#1673,#1674));
#2954=EDGE_LOOP('',(#1675,#1676,#1677,#1678,#1679,#1680));
#2955=EDGE_LOOP('',(#1681,#1682,#1683,#1684,#1685));
#2956=EDGE_LOOP('',(#1686,#1687,#1688,#1689));
#2957=EDGE_LOOP('',(#1690,#1691,#1692,#1693,#1694));
#2958=EDGE_LOOP('',(#1695,#1696,#1697,#1698,#1699));
#2959=EDGE_LOOP('',(#1700,#1701,#1702,#1703));
#2960=EDGE_LOOP('',(#1704,#1705,#1706,#1707,#1708,#1709));
#2961=EDGE_LOOP('',(#1710,#1711,#1712,#1713));
#2962=EDGE_LOOP('',(#1714,#1715,#1716,#1717));
#2963=EDGE_LOOP('',(#1718,#1719,#1720,#1721));
#2964=EDGE_LOOP('',(#1722,#1723,#1724,#1725));
#2965=EDGE_LOOP('',(#1726,#1727,#1728,#1729));
#2966=EDGE_LOOP('',(#1730,#1731,#1732,#1733));
#2967=EDGE_LOOP('',(#1734,#1735,#1736,#1737));
#2968=EDGE_LOOP('',(#1738,#1739,#1740,#1741));
#2969=EDGE_LOOP('',(#1742,#1743,#1744,#1745));
#2970=EDGE_LOOP('',(#1746,#1747,#1748,#1749));
#2971=EDGE_LOOP('',(#1750,#1751,#1752,#1753,#1754));
#2972=EDGE_LOOP('',(#1755,#1756,#1757,#1758,#1759));
#2973=EDGE_LOOP('',(#1760,#1761,#1762,#1763));
#2974=EDGE_LOOP('',(#1764,#1765,#1766,#1767));
#2975=EDGE_LOOP('',(#1768,#1769,#1770,#1771));
#2976=EDGE_LOOP('',(#1772,#1773,#1774,#1775));
#2977=EDGE_LOOP('',(#1776,#1777,#1778,#1779,#1780,#1781,#1782,#1783));
#2978=EDGE_LOOP('',(#1784));
#2979=EDGE_LOOP('',(#1785,#1786,#1787,#1788,#1789,#1790,#1791,#1792));
#2980=EDGE_LOOP('',(#1793,#1794,#1795,#1796,#1797));
#2981=EDGE_LOOP('',(#1798,#1799,#1800,#1801));
#2982=EDGE_LOOP('',(#1802,#1803,#1804,#1805,#1806,#1807,#1808,#1809));
#2983=EDGE_LOOP('',(#1810,#1811,#1812,#1813,#1814,#1815,#1816,#1817));
#2984=EDGE_LOOP('',(#1818,#1819,#1820,#1821));
#2985=EDGE_LOOP('',(#1822,#1823,#1824,#1825));
#2986=EDGE_LOOP('',(#1826,#1827,#1828,#1829));
#2987=EDGE_LOOP('',(#1830,#1831,#1832,#1833));
#2988=EDGE_LOOP('',(#1834,#1835,#1836,#1837));
#2989=EDGE_LOOP('',(#1838,#1839,#1840,#1841));
#2990=EDGE_LOOP('',(#1842,#1843,#1844,#1845,#1846,#1847,#1848,#1849));
#2991=EDGE_LOOP('',(#1850,#1851,#1852,#1853));
#2992=EDGE_LOOP('',(#1854,#1855,#1856,#1857,#1858,#1859));
#2993=EDGE_LOOP('',(#1860,#1861,#1862,#1863));
#2994=EDGE_LOOP('',(#1864,#1865,#1866,#1867,#1868,#1869,#1870,#1871));
#2995=EDGE_LOOP('',(#1872,#1873,#1874,#1875));
#2996=EDGE_LOOP('',(#1876,#1877,#1878,#1879));
#2997=EDGE_LOOP('',(#1880,#1881,#1882,#1883));
#2998=EDGE_LOOP('',(#1884,#1885,#1886,#1887));
#2999=EDGE_LOOP('',(#1888,#1889,#1890,#1891));
#3000=EDGE_LOOP('',(#1892,#1893,#1894,#1895));
#3001=EDGE_LOOP('',(#1896,#1897,#1898,#1899,#1900,#1901));
#3002=EDGE_LOOP('',(#1902,#1903,#1904,#1905,#1906));
#3003=EDGE_LOOP('',(#1907,#1908,#1909,#1910));
#3004=EDGE_LOOP('',(#1911,#1912,#1913,#1914));
#3005=EDGE_LOOP('',(#1915,#1916,#1917,#1918));
#3006=FACE_BOUND('',#2824,.T.);
#3007=FACE_BOUND('',#2825,.T.);
#3008=FACE_BOUND('',#2826,.T.);
#3009=FACE_BOUND('',#2827,.T.);
#3010=FACE_BOUND('',#2828,.T.);
#3011=FACE_BOUND('',#2829,.T.);
#3012=FACE_BOUND('',#2830,.T.);
#3013=FACE_BOUND('',#2831,.T.);
#3014=FACE_BOUND('',#2832,.T.);
#3015=FACE_BOUND('',#2833,.T.);
#3016=FACE_BOUND('',#2834,.T.);
#3017=FACE_BOUND('',#2835,.T.);
#3018=FACE_BOUND('',#2836,.T.);
#3019=FACE_BOUND('',#2837,.T.);
#3020=FACE_BOUND('',#2838,.T.);
#3021=FACE_BOUND('',#2839,.T.);
#3022=FACE_BOUND('',#2840,.T.);
#3023=FACE_BOUND('',#2841,.T.);
#3024=FACE_BOUND('',#2842,.T.);
#3025=FACE_BOUND('',#2843,.T.);
#3026=FACE_BOUND('',#2844,.T.);
#3027=FACE_BOUND('',#2845,.T.);
#3028=FACE_BOUND('',#2846,.T.);
#3029=FACE_BOUND('',#2847,.T.);
#3030=FACE_BOUND('',#2848,.T.);
#3031=FACE_BOUND('',#2849,.T.);
#3032=FACE_BOUND('',#2850,.T.);
#3033=FACE_BOUND('',#2851,.T.);
#3034=FACE_BOUND('',#2852,.T.);
#3035=FACE_BOUND('',#2853,.T.);
#3036=FACE_BOUND('',#2854,.T.);
#3037=FACE_BOUND('',#2855,.T.);
#3038=FACE_BOUND('',#2856,.T.);
#3039=FACE_BOUND('',#2857,.T.);
#3040=FACE_BOUND('',#2858,.T.);
#3041=FACE_BOUND('',#2859,.T.);
#3042=FACE_BOUND('',#2860,.T.);
#3043=FACE_BOUND('',#2861,.T.);
#3044=FACE_BOUND('',#2862,.T.);
#3045=FACE_BOUND('',#2863,.T.);
#3046=FACE_BOUND('',#2864,.T.);
#3047=FACE_BOUND('',#2865,.T.);
#3048=FACE_BOUND('',#2866,.T.);
#3049=FACE_BOUND('',#2867,.T.);
#3050=FACE_BOUND('',#2868,.T.);
#3051=FACE_BOUND('',#2869,.T.);
#3052=FACE_BOUND('',#2870,.T.);
#3053=FACE_BOUND('',#2871,.T.);
#3054=FACE_BOUND('',#2872,.T.);
#3055=FACE_BOUND('',#2873,.T.);
#3056=FACE_BOUND('',#2874,.T.);
#3057=FACE_BOUND('',#2875,.T.);
#3058=FACE_BOUND('',#2876,.T.);
#3059=FACE_BOUND('',#2877,.T.);
#3060=FACE_BOUND('',#2878,.T.);
#3061=FACE_BOUND('',#2879,.T.);
#3062=FACE_BOUND('',#2880,.T.);
#3063=FACE_BOUND('',#2881,.T.);
#3064=FACE_BOUND('',#2882,.T.);
#3065=FACE_BOUND('',#2883,.T.);
#3066=FACE_BOUND('',#2884,.T.);
#3067=FACE_BOUND('',#2885,.T.);
#3068=FACE_BOUND('',#2886,.T.);
#3069=FACE_BOUND('',#2887,.T.);
#3070=FACE_BOUND('',#2888,.T.);
#3071=FACE_BOUND('',#2889,.T.);
#3072=FACE_BOUND('',#2890,.T.);
#3073=FACE_BOUND('',#2891,.T.);
#3074=FACE_BOUND('',#2892,.T.);
#3075=FACE_BOUND('',#2893,.T.);
#3076=FACE_BOUND('',#2894,.T.);
#3077=FACE_BOUND('',#2895,.T.);
#3078=FACE_BOUND('',#2896,.T.);
#3079=FACE_BOUND('',#2897,.T.);
#3080=FACE_BOUND('',#2898,.T.);
#3081=FACE_BOUND('',#2899,.T.);
#3082=FACE_BOUND('',#2900,.T.);
#3083=FACE_BOUND('',#2901,.T.);
#3084=FACE_BOUND('',#2902,.T.);
#3085=FACE_BOUND('',#2903,.T.);
#3086=FACE_BOUND('',#2904,.T.);
#3087=FACE_BOUND('',#2905,.T.);
#3088=FACE_BOUND('',#2906,.T.);
#3089=FACE_BOUND('',#2907,.T.);
#3090=FACE_BOUND('',#2908,.T.);
#3091=FACE_BOUND('',#2909,.T.);
#3092=FACE_BOUND('',#2910,.T.);
#3093=FACE_BOUND('',#2911,.T.);
#3094=FACE_BOUND('',#2912,.T.);
#3095=FACE_BOUND('',#2913,.T.);
#3096=FACE_BOUND('',#2914,.T.);
#3097=FACE_BOUND('',#2915,.T.);
#3098=FACE_BOUND('',#2916,.T.);
#3099=FACE_BOUND('',#2917,.T.);
#3100=FACE_BOUND('',#2918,.T.);
#3101=FACE_BOUND('',#2919,.T.);
#3102=FACE_BOUND('',#2920,.T.);
#3103=FACE_BOUND('',#2921,.T.);
#3104=FACE_BOUND('',#2922,.T.);
#3105=FACE_BOUND('',#2923,.T.);
#3106=FACE_BOUND('',#2924,.T.);
#3107=FACE_BOUND('',#2925,.T.);
#3108=FACE_BOUND('',#2926,.T.);
#3109=FACE_BOUND('',#2927,.T.);
#3110=FACE_BOUND('',#2928,.T.);
#3111=FACE_BOUND('',#2929,.T.);
#3112=FACE_BOUND('',#2930,.T.);
#3113=FACE_BOUND('',#2931,.T.);
#3114=FACE_BOUND('',#2932,.T.);
#3115=FACE_BOUND('',#2933,.T.);
#3116=FACE_BOUND('',#2934,.T.);
#3117=FACE_BOUND('',#2935,.T.);
#3118=FACE_BOUND('',#2936,.T.);
#3119=FACE_BOUND('',#2937,.T.);
#3120=FACE_BOUND('',#2938,.T.);
#3121=FACE_BOUND('',#2939,.T.);
#3122=FACE_BOUND('',#2940,.T.);
#3123=FACE_BOUND('',#2941,.T.);
#3124=FACE_BOUND('',#2942,.T.);
#3125=FACE_BOUND('',#2943,.T.);
#3126=FACE_BOUND('',#2944,.T.);
#3127=FACE_BOUND('',#2945,.T.);
#3128=FACE_BOUND('',#2946,.T.);
#3129=FACE_BOUND('',#2947,.T.);
#3130=FACE_BOUND('',#2948,.T.);
#3131=FACE_BOUND('',#2949,.T.);
#3132=FACE_BOUND('',#2950,.T.);
#3133=FACE_BOUND('',#2951,.T.);
#3134=FACE_BOUND('',#2952,.T.);
#3135=FACE_BOUND('',#2953,.T.);
#3136=FACE_BOUND('',#2954,.T.);
#3137=FACE_BOUND('',#2955,.T.);
#3138=FACE_BOUND('',#2956,.T.);
#3139=FACE_BOUND('',#2957,.T.);
#3140=FACE_BOUND('',#2958,.T.);
#3141=FACE_BOUND('',#2959,.T.);
#3142=FACE_BOUND('',#2960,.T.);
#3143=FACE_BOUND('',#2961,.T.);
#3144=FACE_BOUND('',#2962,.T.);
#3145=FACE_BOUND('',#2963,.T.);
#3146=FACE_BOUND('',#2964,.T.);
#3147=FACE_BOUND('',#2965,.T.);
#3148=FACE_BOUND('',#2966,.T.);
#3149=FACE_BOUND('',#2967,.T.);
#3150=FACE_BOUND('',#2968,.T.);
#3151=FACE_BOUND('',#2969,.T.);
#3152=FACE_BOUND('',#2970,.T.);
#3153=FACE_BOUND('',#2971,.T.);
#3154=FACE_BOUND('',#2972,.T.);
#3155=FACE_BOUND('',#2973,.T.);
#3156=FACE_BOUND('',#2974,.T.);
#3157=FACE_BOUND('',#2975,.T.);
#3158=FACE_BOUND('',#2976,.T.);
#3159=FACE_BOUND('',#2977,.T.);
#3160=FACE_BOUND('',#2978,.T.);
#3161=FACE_BOUND('',#2979,.T.);
#3162=FACE_BOUND('',#2980,.T.);
#3163=FACE_BOUND('',#2981,.T.);
#3164=FACE_BOUND('',#2982,.T.);
#3165=FACE_BOUND('',#2983,.T.);
#3166=FACE_BOUND('',#2984,.T.);
#3167=FACE_BOUND('',#2985,.T.);
#3168=FACE_BOUND('',#2986,.T.);
#3169=FACE_BOUND('',#2987,.T.);
#3170=FACE_BOUND('',#2988,.T.);
#3171=FACE_BOUND('',#2989,.T.);
#3172=FACE_BOUND('',#2990,.T.);
#3173=FACE_BOUND('',#2991,.T.);
#3174=FACE_BOUND('',#2992,.T.);
#3175=FACE_BOUND('',#2993,.T.);
#3176=FACE_BOUND('',#2994,.T.);
#3177=FACE_BOUND('',#2995,.T.);
#3178=FACE_BOUND('',#2996,.T.);
#3179=FACE_BOUND('',#2997,.T.);
#3180=FACE_BOUND('',#2998,.T.);
#3181=FACE_BOUND('',#2999,.T.);
#3182=FACE_BOUND('',#3000,.T.);
#3183=FACE_BOUND('',#3001,.T.);
#3184=FACE_BOUND('',#3002,.T.);
#3185=FACE_BOUND('',#3003,.T.);
#3186=FACE_BOUND('',#3004,.T.);
#3187=FACE_BOUND('',#3005,.T.);
#3188=PLANE('',#3529);
#3189=PLANE('',#3532);
#3190=PLANE('',#3533);
#3191=PLANE('',#3535);
#3192=PLANE('',#3538);
#3193=PLANE('',#3539);
#3194=PLANE('',#3543);
#3195=PLANE('',#3544);
#3196=PLANE('',#3548);
#3197=PLANE('',#3549);
#3198=PLANE('',#3555);
#3199=PLANE('',#3557);
#3200=PLANE('',#3561);
#3201=PLANE('',#3562);
#3202=PLANE('',#3566);
#3203=PLANE('',#3571);
#3204=PLANE('',#3572);
#3205=PLANE('',#3573);
#3206=PLANE('',#3574);
#3207=PLANE('',#3576);
#3208=PLANE('',#3577);
#3209=PLANE('',#3581);
#3210=PLANE('',#3582);
#3211=PLANE('',#3583);
#3212=PLANE('',#3584);
#3213=PLANE('',#3586);
#3214=PLANE('',#3587);
#3215=PLANE('',#3588);
#3216=PLANE('',#3590);
#3217=PLANE('',#3591);
#3218=PLANE('',#3592);
#3219=PLANE('',#3593);
#3220=PLANE('',#3594);
#3221=PLANE('',#3595);
#3222=PLANE('',#3597);
#3223=PLANE('',#3598);
#3224=PLANE('',#3599);
#3225=PLANE('',#3600);
#3226=PLANE('',#3601);
#3227=PLANE('',#3602);
#3228=PLANE('',#3603);
#3229=PLANE('',#3604);
#3230=PLANE('',#3605);
#3231=PLANE('',#3606);
#3232=PLANE('',#3607);
#3233=PLANE('',#3608);
#3234=PLANE('',#3611);
#3235=PLANE('',#3616);
#3236=PLANE('',#3619);
#3237=PLANE('',#3620);
#3238=PLANE('',#3623);
#3239=PLANE('',#3624);
#3240=PLANE('',#3625);
#3241=PLANE('',#3626);
#3242=PLANE('',#3627);
#3243=PLANE('',#3628);
#3244=PLANE('',#3629);
#3245=PLANE('',#3630);
#3246=PLANE('',#3633);
#3247=PLANE('',#3634);
#3248=PLANE('',#3637);
#3249=PLANE('',#3638);
#3250=PLANE('',#3640);
#3251=PLANE('',#3641);
#3252=PLANE('',#3642);
#3253=PLANE('',#3643);
#3254=PLANE('',#3644);
#3255=PLANE('',#3645);
#3256=PLANE('',#3646);
#3257=PLANE('',#3647);
#3258=PLANE('',#3648);
#3259=PLANE('',#3649);
#3260=PLANE('',#3650);
#3261=PLANE('',#3651);
#3262=PLANE('',#3652);
#3263=PLANE('',#3654);
#3264=PLANE('',#3655);
#3265=PLANE('',#3657);
#3266=PLANE('',#3660);
#3267=PLANE('',#3663);
#3268=PLANE('',#3664);
#3269=PLANE('',#3668);
#3270=PLANE('',#3669);
#3271=PLANE('',#3673);
#3272=PLANE('',#3678);
#3273=PLANE('',#3680);
#3274=PLANE('',#3684);
#3275=PLANE('',#3685);
#3276=PLANE('',#3689);
#3277=PLANE('',#3694);
#3278=PLANE('',#3695);
#3279=PLANE('',#3696);
#3280=PLANE('',#3698);
#3281=PLANE('',#3699);
#3282=PLANE('',#3703);
#3283=PLANE('',#3704);
#3284=PLANE('',#3705);
#3285=PLANE('',#3706);
#3286=PLANE('',#3709);
#3287=PLANE('',#3710);
#3288=PLANE('',#3711);
#3289=PLANE('',#3712);
#3290=PLANE('',#3713);
#3291=PLANE('',#3714);
#3292=PLANE('',#3716);
#3293=PLANE('',#3717);
#3294=PLANE('',#3718);
#3295=PLANE('',#3719);
#3296=PLANE('',#3720);
#3297=PLANE('',#3721);
#3298=PLANE('',#3722);
#3299=PLANE('',#3723);
#3300=PLANE('',#3724);
#3301=PLANE('',#3725);
#3302=PLANE('',#3726);
#3303=PLANE('',#3727);
#3304=PLANE('',#3730);
#3305=PLANE('',#3735);
#3306=PLANE('',#3738);
#3307=PLANE('',#3739);
#3308=PLANE('',#3742);
#3309=PLANE('',#3743);
#3310=PLANE('',#3744);
#3311=PLANE('',#3745);
#3312=PLANE('',#3746);
#3313=PLANE('',#3747);
#3314=PLANE('',#3748);
#3315=PLANE('',#3749);
#3316=PLANE('',#3752);
#3317=PLANE('',#3753);
#3318=PLANE('',#3756);
#3319=PLANE('',#3757);
#3320=PLANE('',#3758);
#3321=PLANE('',#3759);
#3322=PLANE('',#3760);
#3323=PLANE('',#3761);
#3324=PLANE('',#3762);
#3325=PLANE('',#3763);
#3326=PLANE('',#3764);
#3327=PLANE('',#3765);
#3328=PLANE('',#3767);
#3329=PLANE('',#3768);
#3330=ADVANCED_FACE('',(#3006,#3007),#3188,.F.);
#3331=ADVANCED_FACE('',(#3008),#3189,.T.);
#3332=ADVANCED_FACE('',(#3009),#3190,.T.);
#3333=ADVANCED_FACE('',(#3010),#3191,.F.);
#3334=ADVANCED_FACE('',(#3011),#3192,.F.);
#3335=ADVANCED_FACE('',(#3012),#3193,.T.);
#3336=ADVANCED_FACE('',(#3013),#29,.F.);
#3337=ADVANCED_FACE('',(#3014),#3194,.F.);
#3338=ADVANCED_FACE('',(#3015),#3195,.T.);
#3339=ADVANCED_FACE('',(#3016),#30,.F.);
#3340=ADVANCED_FACE('',(#3017),#3196,.F.);
#3341=ADVANCED_FACE('',(#3018),#3197,.F.);
#3342=ADVANCED_FACE('',(#3019),#31,.F.);
#3343=ADVANCED_FACE('',(#3020),#3198,.T.);
#3344=ADVANCED_FACE('',(#3021,#3022),#3199,.T.);
#3345=ADVANCED_FACE('',(#3023),#3200,.F.);
#3346=ADVANCED_FACE('',(#3024),#3201,.T.);
#3347=ADVANCED_FACE('',(#3025),#32,.F.);
#3348=ADVANCED_FACE('',(#3026),#3202,.T.);
#3349=ADVANCED_FACE('',(#3027),#3203,.T.);
#3350=ADVANCED_FACE('',(#3028),#3204,.T.);
#3351=ADVANCED_FACE('',(#3029),#3205,.T.);
#3352=ADVANCED_FACE('',(#3030),#3206,.F.);
#3353=ADVANCED_FACE('',(#3031),#3207,.T.);
#3354=ADVANCED_FACE('',(#3032),#3208,.F.);
#3355=ADVANCED_FACE('',(#3033),#3209,.F.);
#3356=ADVANCED_FACE('',(#3034),#3210,.F.);
#3357=ADVANCED_FACE('',(#3035),#3211,.T.);
#3358=ADVANCED_FACE('',(#3036),#3212,.F.);
#3359=ADVANCED_FACE('',(#3037),#3213,.F.);
#3360=ADVANCED_FACE('',(#3038),#3214,.T.);
#3361=ADVANCED_FACE('',(#3039),#3215,.T.);
#3362=ADVANCED_FACE('',(#3040),#3216,.T.);
#3363=ADVANCED_FACE('',(#3041),#3217,.T.);
#3364=ADVANCED_FACE('',(#3042),#3218,.F.);
#3365=ADVANCED_FACE('',(#3043),#3219,.F.);
#3366=ADVANCED_FACE('',(#3044),#3220,.F.);
#3367=ADVANCED_FACE('',(#3045),#3221,.T.);
#3368=ADVANCED_FACE('',(#3046),#3222,.F.);
#3369=ADVANCED_FACE('',(#3047),#3223,.T.);
#3370=ADVANCED_FACE('',(#3048),#3224,.T.);
#3371=ADVANCED_FACE('',(#3049),#3225,.F.);
#3372=ADVANCED_FACE('',(#3050),#3226,.F.);
#3373=ADVANCED_FACE('',(#3051),#3227,.T.);
#3374=ADVANCED_FACE('',(#3052),#3228,.F.);
#3375=ADVANCED_FACE('',(#3053),#3229,.F.);
#3376=ADVANCED_FACE('',(#3054),#3230,.T.);
#3377=ADVANCED_FACE('',(#3055),#3231,.T.);
#3378=ADVANCED_FACE('',(#3056),#3232,.F.);
#3379=ADVANCED_FACE('',(#3057),#3233,.T.);
#3380=ADVANCED_FACE('',(#3058),#33,.F.);
#3381=ADVANCED_FACE('',(#3059),#3234,.T.);
#3382=ADVANCED_FACE('',(#3060),#34,.F.);
#3383=ADVANCED_FACE('',(#3061),#35,.F.);
#3384=ADVANCED_FACE('',(#3062),#3235,.F.);
#3385=ADVANCED_FACE('',(#3063),#36,.F.);
#3386=ADVANCED_FACE('',(#3064),#3236,.F.);
#3387=ADVANCED_FACE('',(#3065),#3237,.T.);
#3388=ADVANCED_FACE('',(#3066,#3067),#37,.F.);
#3389=ADVANCED_FACE('',(#3068),#38,.F.);
#3390=ADVANCED_FACE('',(#3069),#3238,.T.);
#3391=ADVANCED_FACE('',(#3070),#3239,.T.);
#3392=ADVANCED_FACE('',(#3071),#3240,.T.);
#3393=ADVANCED_FACE('',(#3072),#3241,.T.);
#3394=ADVANCED_FACE('',(#3073),#3242,.T.);
#3395=ADVANCED_FACE('',(#3074),#3243,.F.);
#3396=ADVANCED_FACE('',(#3075),#3244,.T.);
#3397=ADVANCED_FACE('',(#3076),#3245,.T.);
#3398=ADVANCED_FACE('',(#3077),#39,.F.);
#3399=ADVANCED_FACE('',(#3078),#3246,.T.);
#3400=ADVANCED_FACE('',(#3079),#3247,.T.);
#3401=ADVANCED_FACE('',(#3080),#40,.F.);
#3402=ADVANCED_FACE('',(#3081),#3248,.T.);
#3403=ADVANCED_FACE('',(#3082),#3249,.T.);
#3404=ADVANCED_FACE('',(#3083),#41,.F.);
#3405=ADVANCED_FACE('',(#3084),#3250,.T.);
#3406=ADVANCED_FACE('',(#3085),#3251,.T.);
#3407=ADVANCED_FACE('',(#3086),#3252,.T.);
#3408=ADVANCED_FACE('',(#3087),#14,.T.);
#3409=ADVANCED_FACE('',(#3088),#15,.T.);
#3410=ADVANCED_FACE('',(#3089),#16,.T.);
#3411=ADVANCED_FACE('',(#3090),#3253,.T.);
#3412=ADVANCED_FACE('',(#3091),#3254,.T.);
#3413=ADVANCED_FACE('',(#3092),#3255,.T.);
#3414=ADVANCED_FACE('',(#3093),#3256,.T.);
#3415=ADVANCED_FACE('',(#3094),#3257,.T.);
#3416=ADVANCED_FACE('',(#3095),#17,.T.);
#3417=ADVANCED_FACE('',(#3096),#18,.T.);
#3418=ADVANCED_FACE('',(#3097),#19,.T.);
#3419=ADVANCED_FACE('',(#3098),#3258,.T.);
#3420=ADVANCED_FACE('',(#3099),#3259,.T.);
#3421=ADVANCED_FACE('',(#3100),#3260,.T.);
#3422=ADVANCED_FACE('',(#3101),#20,.T.);
#3423=ADVANCED_FACE('',(#3102,#3103),#3261,.T.);
#3424=ADVANCED_FACE('',(#3104),#3262,.F.);
#3425=ADVANCED_FACE('',(#3105),#3263,.F.);
#3426=ADVANCED_FACE('',(#3106),#3264,.T.);
#3427=ADVANCED_FACE('',(#3107,#3108),#3265,.F.);
#3428=ADVANCED_FACE('',(#3109),#3266,.F.);
#3429=ADVANCED_FACE('',(#3110),#3267,.F.);
#3430=ADVANCED_FACE('',(#3111),#3268,.T.);
#3431=ADVANCED_FACE('',(#3112),#42,.F.);
#3432=ADVANCED_FACE('',(#3113),#3269,.F.);
#3433=ADVANCED_FACE('',(#3114),#3270,.T.);
#3434=ADVANCED_FACE('',(#3115),#43,.F.);
#3435=ADVANCED_FACE('',(#3116),#3271,.F.);
#3436=ADVANCED_FACE('',(#3117),#44,.F.);
#3437=ADVANCED_FACE('',(#3118),#3272,.T.);
#3438=ADVANCED_FACE('',(#3119,#3120),#3273,.T.);
#3439=ADVANCED_FACE('',(#3121),#3274,.F.);
#3440=ADVANCED_FACE('',(#3122),#3275,.T.);
#3441=ADVANCED_FACE('',(#3123),#45,.F.);
#3442=ADVANCED_FACE('',(#3124),#3276,.T.);
#3443=ADVANCED_FACE('',(#3125),#3277,.T.);
#3444=ADVANCED_FACE('',(#3126),#3278,.T.);
#3445=ADVANCED_FACE('',(#3127),#3279,.F.);
#3446=ADVANCED_FACE('',(#3128),#3280,.T.);
#3447=ADVANCED_FACE('',(#3129),#3281,.F.);
#3448=ADVANCED_FACE('',(#3130),#3282,.F.);
#3449=ADVANCED_FACE('',(#3131),#3283,.F.);
#3450=ADVANCED_FACE('',(#3132),#3284,.T.);
#3451=ADVANCED_FACE('',(#3133),#3285,.F.);
#3452=ADVANCED_FACE('',(#3134),#3286,.F.);
#3453=ADVANCED_FACE('',(#3135),#3287,.T.);
#3454=ADVANCED_FACE('',(#3136),#3288,.F.);
#3455=ADVANCED_FACE('',(#3137),#3289,.F.);
#3456=ADVANCED_FACE('',(#3138),#3290,.F.);
#3457=ADVANCED_FACE('',(#3139),#3291,.T.);
#3458=ADVANCED_FACE('',(#3140),#3292,.F.);
#3459=ADVANCED_FACE('',(#3141),#3293,.T.);
#3460=ADVANCED_FACE('',(#3142),#3294,.T.);
#3461=ADVANCED_FACE('',(#3143),#3295,.F.);
#3462=ADVANCED_FACE('',(#3144),#3296,.F.);
#3463=ADVANCED_FACE('',(#3145),#3297,.T.);
#3464=ADVANCED_FACE('',(#3146),#3298,.F.);
#3465=ADVANCED_FACE('',(#3147),#3299,.F.);
#3466=ADVANCED_FACE('',(#3148),#3300,.T.);
#3467=ADVANCED_FACE('',(#3149),#3301,.T.);
#3468=ADVANCED_FACE('',(#3150),#3302,.F.);
#3469=ADVANCED_FACE('',(#3151),#3303,.T.);
#3470=ADVANCED_FACE('',(#3152),#46,.F.);
#3471=ADVANCED_FACE('',(#3153),#3304,.T.);
#3472=ADVANCED_FACE('',(#3154),#47,.F.);
#3473=ADVANCED_FACE('',(#3155),#48,.F.);
#3474=ADVANCED_FACE('',(#3156),#3305,.F.);
#3475=ADVANCED_FACE('',(#3157),#49,.F.);
#3476=ADVANCED_FACE('',(#3158),#3306,.F.);
#3477=ADVANCED_FACE('',(#3159),#3307,.T.);
#3478=ADVANCED_FACE('',(#3160,#3161),#50,.F.);
#3479=ADVANCED_FACE('',(#3162),#51,.F.);
#3480=ADVANCED_FACE('',(#3163),#3308,.T.);
#3481=ADVANCED_FACE('',(#3164),#3309,.T.);
#3482=ADVANCED_FACE('',(#3165),#3310,.T.);
#3483=ADVANCED_FACE('',(#3166),#3311,.T.);
#3484=ADVANCED_FACE('',(#3167),#3312,.T.);
#3485=ADVANCED_FACE('',(#3168),#3313,.F.);
#3486=ADVANCED_FACE('',(#3169),#3314,.T.);
#3487=ADVANCED_FACE('',(#3170),#3315,.T.);
#3488=ADVANCED_FACE('',(#3171),#52,.F.);
#3489=ADVANCED_FACE('',(#3172),#3316,.T.);
#3490=ADVANCED_FACE('',(#3173),#3317,.T.);
#3491=ADVANCED_FACE('',(#3174),#53,.F.);
#3492=ADVANCED_FACE('',(#3175),#3318,.T.);
#3493=ADVANCED_FACE('',(#3176),#3319,.T.);
#3494=ADVANCED_FACE('',(#3177),#3320,.T.);
#3495=ADVANCED_FACE('',(#3178),#3321,.T.);
#3496=ADVANCED_FACE('',(#3179),#3322,.T.);
#3497=ADVANCED_FACE('',(#3180),#3323,.T.);
#3498=ADVANCED_FACE('',(#3181),#3324,.T.);
#3499=ADVANCED_FACE('',(#3182),#3325,.T.);
#3500=ADVANCED_FACE('',(#3183),#3326,.T.);
#3501=ADVANCED_FACE('',(#3184),#3327,.F.);
#3502=ADVANCED_FACE('',(#3185),#54,.F.);
#3503=ADVANCED_FACE('',(#3186),#3328,.T.);
#3504=ADVANCED_FACE('',(#3187),#3329,.T.);
#3505=CLOSED_SHELL('',(#3330,#3331,#3332,#3333,#3334,#3335,#3336,#3337,
#3338,#3339,#3340,#3341,#3342,#3343,#3344,#3345,#3346,#3347,#3348,#3349,
#3350,#3351,#3352,#3353,#3354,#3355,#3356,#3357,#3358,#3359,#3360,#3361,
#3362,#3363,#3364,#3365,#3366,#3367,#3368,#3369,#3370,#3371,#3372,#3373,
#3374,#3375,#3376,#3377,#3378,#3379,#3380,#3381,#3382,#3383,#3384,#3385,
#3386,#3387,#3388,#3389,#3390,#3391,#3392,#3393,#3394,#3395,#3396,#3397,
#3398,#3399,#3400,#3401,#3402,#3403,#3404,#3405,#3406,#3407,#3408,#3409,
#3410,#3411,#3412,#3413,#3414,#3415,#3416,#3417,#3418,#3419,#3420,#3421,
#3422,#3423,#3424));
#3506=CLOSED_SHELL('',(#3425,#3426,#3427,#3428,#3429,#3430,#3431,#3432,
#3433,#3434,#3435,#3436,#3437,#3438,#3439,#3440,#3441,#3442,#3443,#3444,
#3445,#3446,#3447,#3448,#3449,#3450,#3451,#3452,#3453,#3454,#3455,#3456,
#3457,#3458,#3459,#3460,#3461,#3462,#3463,#3464,#3465,#3466,#3467,#3468,
#3469,#3470,#3471,#3472,#3473,#3474,#3475,#3476,#3477,#3478,#3479,#3480,
#3481,#3482,#3483,#3484,#3485,#3486,#3487,#3488,#3489,#3490,#3491,#3492,
#3493,#3494,#3495,#3496,#3497,#3498,#3499,#3500,#3501,#3502,#3503,#3504));
#3507=STYLED_ITEM('',(#3509),#3522);
#3508=STYLED_ITEM('',(#3510),#3523);
#3509=PRESENTATION_STYLE_ASSIGNMENT((#3511));
#3510=PRESENTATION_STYLE_ASSIGNMENT((#3512));
#3511=SURFACE_STYLE_USAGE(.BOTH.,#3513);
#3512=SURFACE_STYLE_USAGE(.BOTH.,#3514);
#3513=SURFACE_SIDE_STYLE('',(#3515));
#3514=SURFACE_SIDE_STYLE('',(#3516));
#3515=SURFACE_STYLE_FILL_AREA(#3517);
#3516=SURFACE_STYLE_FILL_AREA(#3518);
#3517=FILL_AREA_STYLE('',(#3519));
#3518=FILL_AREA_STYLE('',(#3520));
#3519=FILL_AREA_STYLE_COLOUR('',#3521);
#3520=FILL_AREA_STYLE_COLOUR('',#3521);
#3521=COLOUR_RGB('',0.615686274509804,0.811764705882353,0.929411764705882);
#3522=MANIFOLD_SOLID_BREP('speaker-right',#3505);
#3523=MANIFOLD_SOLID_BREP('speaker-left',#3506);
#3524=SHAPE_DEFINITION_REPRESENTATION(#5779,#3526);
#3525=SHAPE_DEFINITION_REPRESENTATION(#5780,#3527);
#3526=SHAPE_REPRESENTATION('speaker-right',(#3528),#5769);
#3527=SHAPE_REPRESENTATION('speaker-left',(#3653),#5770);
#3528=AXIS2_PLACEMENT_3D('',#4671,#3769,#3770);
#3529=AXIS2_PLACEMENT_3D('',#4672,#3771,#3772);
#3530=AXIS2_PLACEMENT_3D('',#4673,#3773,#3774);
#3531=AXIS2_PLACEMENT_3D('',#4682,#3778,#3779);
#3532=AXIS2_PLACEMENT_3D('',#4721,#3793,#3794);
#3533=AXIS2_PLACEMENT_3D('',#4730,#3799,#3800);
#3534=AXIS2_PLACEMENT_3D('',#4731,#3801,#3802);
#3535=AXIS2_PLACEMENT_3D('',#4736,#3805,#3806);
#3536=AXIS2_PLACEMENT_3D('',#4746,#3811,#3812);
#3537=AXIS2_PLACEMENT_3D('',#4750,#3814,#3815);
#3538=AXIS2_PLACEMENT_3D('',#4751,#3816,#3817);
#3539=AXIS2_PLACEMENT_3D('',#4760,#3822,#3823);
#3540=AXIS2_PLACEMENT_3D('',#4769,#3828,#3829);
#3541=AXIS2_PLACEMENT_3D('',#4770,#3830,#3831);
#3542=AXIS2_PLACEMENT_3D('',#4771,#3832,#3833);
#3543=AXIS2_PLACEMENT_3D('',#4772,#3834,#3835);
#3544=AXIS2_PLACEMENT_3D('',#4781,#3840,#3841);
#3545=AXIS2_PLACEMENT_3D('',#4790,#3846,#3847);
#3546=AXIS2_PLACEMENT_3D('',#4791,#3848,#3849);
#3547=AXIS2_PLACEMENT_3D('',#4792,#3850,#3851);
#3548=AXIS2_PLACEMENT_3D('',#4793,#3852,#3853);
#3549=AXIS2_PLACEMENT_3D('',#4809,#3863,#3864);
#3550=AXIS2_PLACEMENT_3D('',#4823,#3872,#3873);
#3551=AXIS2_PLACEMENT_3D('',#4827,#3875,#3876);
#3552=AXIS2_PLACEMENT_3D('',#4831,#3878,#3879);
#3553=AXIS2_PLACEMENT_3D('',#4835,#3881,#3882);
#3554=AXIS2_PLACEMENT_3D('',#4839,#3884,#3885);
#3555=AXIS2_PLACEMENT_3D('',#4840,#3886,#3887);
#3556=AXIS2_PLACEMENT_3D('',#4841,#3888,#3889);
#3557=AXIS2_PLACEMENT_3D('',#4854,#3897,#3898);
#3558=AXIS2_PLACEMENT_3D('',#4858,#3901,#3902);
#3559=AXIS2_PLACEMENT_3D('',#4866,#3906,#3907);
#3560=AXIS2_PLACEMENT_3D('',#4869,#3909,#3910);
#3561=AXIS2_PLACEMENT_3D('',#4871,#3911,#3912);
#3562=AXIS2_PLACEMENT_3D('',#4880,#3918,#3919);
#3563=AXIS2_PLACEMENT_3D('',#4883,#3921,#3922);
#3564=AXIS2_PLACEMENT_3D('',#4889,#3926,#3927);
#3565=AXIS2_PLACEMENT_3D('',#4892,#3929,#3930);
#3566=AXIS2_PLACEMENT_3D('',#4893,#3931,#3932);
#3567=AXIS2_PLACEMENT_3D('',#4902,#3937,#3938);
#3568=AXIS2_PLACEMENT_3D('',#4906,#3940,#3941);
#3569=AXIS2_PLACEMENT_3D('',#4910,#3943,#3944);
#3570=AXIS2_PLACEMENT_3D('',#4916,#3947,#3948);
#3571=AXIS2_PLACEMENT_3D('',#4919,#3950,#3951);
#3572=AXIS2_PLACEMENT_3D('',#4926,#3956,#3957);
#3573=AXIS2_PLACEMENT_3D('',#4943,#3967,#3968);
#3574=AXIS2_PLACEMENT_3D('',#4948,#3972,#3973);
#3575=AXIS2_PLACEMENT_3D('',#4952,#3975,#3976);
#3576=AXIS2_PLACEMENT_3D('',#4957,#3979,#3980);
#3577=AXIS2_PLACEMENT_3D('',#4962,#3984,#3985);
#3578=AXIS2_PLACEMENT_3D('',#4966,#3987,#3988);
#3579=AXIS2_PLACEMENT_3D('',#4969,#3990,#3991);
#3580=AXIS2_PLACEMENT_3D('',#4973,#3993,#3994);
#3581=AXIS2_PLACEMENT_3D('',#4990,#4004,#4005);
#3582=AXIS2_PLACEMENT_3D('',#4998,#4010,#4011);
#3583=AXIS2_PLACEMENT_3D('',#5004,#4015,#4016);
#3584=AXIS2_PLACEMENT_3D('',#5018,#4026,#4027);
#3585=AXIS2_PLACEMENT_3D('',#5021,#4029,#4030);
#3586=AXIS2_PLACEMENT_3D('',#5025,#4033,#4034);
#3587=AXIS2_PLACEMENT_3D('',#5027,#4036,#4037);
#3588=AXIS2_PLACEMENT_3D('',#5030,#4040,#4041);
#3589=AXIS2_PLACEMENT_3D('',#5031,#4042,#4043);
#3590=AXIS2_PLACEMENT_3D('',#5032,#4044,#4045);
#3591=AXIS2_PLACEMENT_3D('',#5033,#4046,#4047);
#3592=AXIS2_PLACEMENT_3D('',#5035,#4049,#4050);
#3593=AXIS2_PLACEMENT_3D('',#5041,#4054,#4055);
#3594=AXIS2_PLACEMENT_3D('',#5043,#4057,#4058);
#3595=AXIS2_PLACEMENT_3D('',#5047,#4061,#4062);
#3596=AXIS2_PLACEMENT_3D('',#5048,#4063,#4064);
#3597=AXIS2_PLACEMENT_3D('',#5049,#4065,#4066);
#3598=AXIS2_PLACEMENT_3D('',#5051,#4068,#4069);
#3599=AXIS2_PLACEMENT_3D('',#5053,#4071,#4072);
#3600=AXIS2_PLACEMENT_3D('',#5057,#4075,#4076);
#3601=AXIS2_PLACEMENT_3D('',#5061,#4079,#4080);
#3602=AXIS2_PLACEMENT_3D('',#5063,#4082,#4083);
#3603=AXIS2_PLACEMENT_3D('',#5064,#4084,#4085);
#3604=AXIS2_PLACEMENT_3D('',#5068,#4088,#4089);
#3605=AXIS2_PLACEMENT_3D('',#5072,#4092,#4093);
#3606=AXIS2_PLACEMENT_3D('',#5074,#4095,#4096);
#3607=AXIS2_PLACEMENT_3D('',#5075,#4097,#4098);
#3608=AXIS2_PLACEMENT_3D('',#5076,#4099,#4100);
#3609=AXIS2_PLACEMENT_3D('',#5082,#4104,#4105);
#3610=AXIS2_PLACEMENT_3D('',#5085,#4107,#4108);
#3611=AXIS2_PLACEMENT_3D('',#5086,#4109,#4110);
#3612=AXIS2_PLACEMENT_3D('',#5090,#4113,#4114);
#3613=AXIS2_PLACEMENT_3D('',#5091,#4115,#4116);
#3614=AXIS2_PLACEMENT_3D('',#5094,#4118,#4119);
#3615=AXIS2_PLACEMENT_3D('',#5097,#4121,#4122);
#3616=AXIS2_PLACEMENT_3D('',#5098,#4123,#4124);
#3617=AXIS2_PLACEMENT_3D('',#5102,#4127,#4128);
#3618=AXIS2_PLACEMENT_3D('',#5105,#4130,#4131);
#3619=AXIS2_PLACEMENT_3D('',#5106,#4132,#4133);
#3620=AXIS2_PLACEMENT_3D('',#5108,#4135,#4136);
#3621=AXIS2_PLACEMENT_3D('',#5109,#4137,#4138);
#3622=AXIS2_PLACEMENT_3D('',#5110,#4139,#4140);
#3623=AXIS2_PLACEMENT_3D('',#5111,#4141,#4142);
#3624=AXIS2_PLACEMENT_3D('',#5112,#4143,#4144);
#3625=AXIS2_PLACEMENT_3D('',#5114,#4146,#4147);
#3626=AXIS2_PLACEMENT_3D('',#5117,#4150,#4151);
#3627=AXIS2_PLACEMENT_3D('',#5118,#4152,#4153);
#3628=AXIS2_PLACEMENT_3D('',#5119,#4154,#4155);
#3629=AXIS2_PLACEMENT_3D('',#5120,#4156,#4157);
#3630=AXIS2_PLACEMENT_3D('',#5121,#4158,#4159);
#3631=AXIS2_PLACEMENT_3D('',#5125,#4162,#4163);
#3632=AXIS2_PLACEMENT_3D('',#5126,#4164,#4165);
#3633=AXIS2_PLACEMENT_3D('',#5127,#4166,#4167);
#3634=AXIS2_PLACEMENT_3D('',#5128,#4168,#4169);
#3635=AXIS2_PLACEMENT_3D('',#5132,#4172,#4173);
#3636=AXIS2_PLACEMENT_3D('',#5133,#4174,#4175);
#3637=AXIS2_PLACEMENT_3D('',#5136,#4177,#4178);
#3638=AXIS2_PLACEMENT_3D('',#5138,#4180,#4181);
#3639=AXIS2_PLACEMENT_3D('',#5139,#4182,#4183);
#3640=AXIS2_PLACEMENT_3D('',#5140,#4184,#4185);
#3641=AXIS2_PLACEMENT_3D('',#5149,#4190,#4191);
#3642=AXIS2_PLACEMENT_3D('',#5155,#4195,#4196);
#3643=AXIS2_PLACEMENT_3D('',#5212,#4203,#4204);
#3644=AXIS2_PLACEMENT_3D('',#5218,#4208,#4209);
#3645=AXIS2_PLACEMENT_3D('',#5222,#4212,#4213);
#3646=AXIS2_PLACEMENT_3D('',#5226,#4216,#4217);
#3647=AXIS2_PLACEMENT_3D('',#5230,#4220,#4221);
#3648=AXIS2_PLACEMENT_3D('',#5273,#4227,#4228);
#3649=AXIS2_PLACEMENT_3D('',#5277,#4231,#4232);
#3650=AXIS2_PLACEMENT_3D('',#5281,#4235,#4236);
#3651=AXIS2_PLACEMENT_3D('',#5297,#4238,#4239);
#3652=AXIS2_PLACEMENT_3D('',#5298,#4240,#4241);
#3653=AXIS2_PLACEMENT_3D('',#5299,#4242,#4243);
#3654=AXIS2_PLACEMENT_3D('',#5300,#4244,#4245);
#3655=AXIS2_PLACEMENT_3D('',#5317,#4254,#4255);
#3656=AXIS2_PLACEMENT_3D('',#5324,#4259,#4260);
#3657=AXIS2_PLACEMENT_3D('',#5325,#4261,#4262);
#3658=AXIS2_PLACEMENT_3D('',#5326,#4263,#4264);
#3659=AXIS2_PLACEMENT_3D('',#5339,#4270,#4271);
#3660=AXIS2_PLACEMENT_3D('',#5358,#4281,#4282);
#3661=AXIS2_PLACEMENT_3D('',#5362,#4284,#4285);
#3662=AXIS2_PLACEMENT_3D('',#5366,#4287,#4288);
#3663=AXIS2_PLACEMENT_3D('',#5373,#4292,#4293);
#3664=AXIS2_PLACEMENT_3D('',#5382,#4298,#4299);
#3665=AXIS2_PLACEMENT_3D('',#5388,#4303,#4304);
#3666=AXIS2_PLACEMENT_3D('',#5389,#4305,#4306);
#3667=AXIS2_PLACEMENT_3D('',#5390,#4307,#4308);
#3668=AXIS2_PLACEMENT_3D('',#5391,#4309,#4310);
#3669=AXIS2_PLACEMENT_3D('',#5400,#4315,#4316);
#3670=AXIS2_PLACEMENT_3D('',#5409,#4321,#4322);
#3671=AXIS2_PLACEMENT_3D('',#5410,#4323,#4324);
#3672=AXIS2_PLACEMENT_3D('',#5411,#4325,#4326);
#3673=AXIS2_PLACEMENT_3D('',#5412,#4327,#4328);
#3674=AXIS2_PLACEMENT_3D('',#5428,#4338,#4339);
#3675=AXIS2_PLACEMENT_3D('',#5432,#4341,#4342);
#3676=AXIS2_PLACEMENT_3D('',#5436,#4344,#4345);
#3677=AXIS2_PLACEMENT_3D('',#5441,#4348,#4349);
#3678=AXIS2_PLACEMENT_3D('',#5442,#4350,#4351);
#3679=AXIS2_PLACEMENT_3D('',#5446,#4353,#4354);
#3680=AXIS2_PLACEMENT_3D('',#5455,#4359,#4360);
#3681=AXIS2_PLACEMENT_3D('',#5459,#4363,#4364);
#3682=AXIS2_PLACEMENT_3D('',#5467,#4368,#4369);
#3683=AXIS2_PLACEMENT_3D('',#5470,#4371,#4372);
#3684=AXIS2_PLACEMENT_3D('',#5472,#4373,#4374);
#3685=AXIS2_PLACEMENT_3D('',#5481,#4380,#4381);
#3686=AXIS2_PLACEMENT_3D('',#5487,#4385,#4386);
#3687=AXIS2_PLACEMENT_3D('',#5490,#4388,#4389);
#3688=AXIS2_PLACEMENT_3D('',#5493,#4391,#4392);
#3689=AXIS2_PLACEMENT_3D('',#5494,#4393,#4394);
#3690=AXIS2_PLACEMENT_3D('',#5497,#4396,#4397);
#3691=AXIS2_PLACEMENT_3D('',#5503,#4400,#4401);
#3692=AXIS2_PLACEMENT_3D('',#5507,#4403,#4404);
#3693=AXIS2_PLACEMENT_3D('',#5511,#4406,#4407);
#3694=AXIS2_PLACEMENT_3D('',#5520,#4412,#4413);
#3695=AXIS2_PLACEMENT_3D('',#5530,#4420,#4421);
#3696=AXIS2_PLACEMENT_3D('',#5543,#4429,#4430);
#3697=AXIS2_PLACEMENT_3D('',#5551,#4434,#4435);
#3698=AXIS2_PLACEMENT_3D('',#5552,#4436,#4437);
#3699=AXIS2_PLACEMENT_3D('',#5557,#4441,#4442);
#3700=AXIS2_PLACEMENT_3D('',#5577,#4453,#4454);
#3701=AXIS2_PLACEMENT_3D('',#5581,#4456,#4457);
#3702=AXIS2_PLACEMENT_3D('',#5584,#4459,#4460);
#3703=AXIS2_PLACEMENT_3D('',#5585,#4461,#4462);
#3704=AXIS2_PLACEMENT_3D('',#5593,#4467,#4468);
#3705=AXIS2_PLACEMENT_3D('',#5599,#4472,#4473);
#3706=AXIS2_PLACEMENT_3D('',#5613,#4483,#4484);
#3707=AXIS2_PLACEMENT_3D('',#5618,#4487,#4488);
#3708=AXIS2_PLACEMENT_3D('',#5623,#4491,#4492);
#3709=AXIS2_PLACEMENT_3D('',#5626,#4494,#4495);
#3710=AXIS2_PLACEMENT_3D('',#5628,#4497,#4498);
#3711=AXIS2_PLACEMENT_3D('',#5630,#4500,#4501);
#3712=AXIS2_PLACEMENT_3D('',#5636,#4505,#4506);
#3713=AXIS2_PLACEMENT_3D('',#5638,#4508,#4509);
#3714=AXIS2_PLACEMENT_3D('',#5642,#4512,#4513);
#3715=AXIS2_PLACEMENT_3D('',#5643,#4514,#4515);
#3716=AXIS2_PLACEMENT_3D('',#5644,#4516,#4517);
#3717=AXIS2_PLACEMENT_3D('',#5646,#4519,#4520);
#3718=AXIS2_PLACEMENT_3D('',#5648,#4522,#4523);
#3719=AXIS2_PLACEMENT_3D('',#5652,#4526,#4527);
#3720=AXIS2_PLACEMENT_3D('',#5656,#4530,#4531);
#3721=AXIS2_PLACEMENT_3D('',#5658,#4533,#4534);
#3722=AXIS2_PLACEMENT_3D('',#5659,#4535,#4536);
#3723=AXIS2_PLACEMENT_3D('',#5663,#4539,#4540);
#3724=AXIS2_PLACEMENT_3D('',#5667,#4543,#4544);
#3725=AXIS2_PLACEMENT_3D('',#5669,#4546,#4547);
#3726=AXIS2_PLACEMENT_3D('',#5670,#4548,#4549);
#3727=AXIS2_PLACEMENT_3D('',#5671,#4550,#4551);
#3728=AXIS2_PLACEMENT_3D('',#5677,#4555,#4556);
#3729=AXIS2_PLACEMENT_3D('',#5680,#4558,#4559);
#3730=AXIS2_PLACEMENT_3D('',#5681,#4560,#4561);
#3731=AXIS2_PLACEMENT_3D('',#5685,#4564,#4565);
#3732=AXIS2_PLACEMENT_3D('',#5688,#4567,#4568);
#3733=AXIS2_PLACEMENT_3D('',#5689,#4569,#4570);
#3734=AXIS2_PLACEMENT_3D('',#5690,#4571,#4572);
#3735=AXIS2_PLACEMENT_3D('',#5693,#4574,#4575);
#3736=AXIS2_PLACEMENT_3D('',#5697,#4578,#4579);
#3737=AXIS2_PLACEMENT_3D('',#5698,#4580,#4581);
#3738=AXIS2_PLACEMENT_3D('',#5701,#4583,#4584);
#3739=AXIS2_PLACEMENT_3D('',#5703,#4586,#4587);
#3740=AXIS2_PLACEMENT_3D('',#5704,#4588,#4589);
#3741=AXIS2_PLACEMENT_3D('',#5705,#4590,#4591);
#3742=AXIS2_PLACEMENT_3D('',#5706,#4592,#4593);
#3743=AXIS2_PLACEMENT_3D('',#5708,#4595,#4596);
#3744=AXIS2_PLACEMENT_3D('',#5710,#4598,#4599);
#3745=AXIS2_PLACEMENT_3D('',#5713,#4602,#4603);
#3746=AXIS2_PLACEMENT_3D('',#5714,#4604,#4605);
#3747=AXIS2_PLACEMENT_3D('',#5715,#4606,#4607);
#3748=AXIS2_PLACEMENT_3D('',#5716,#4608,#4609);
#3749=AXIS2_PLACEMENT_3D('',#5717,#4610,#4611);
#3750=AXIS2_PLACEMENT_3D('',#5721,#4614,#4615);
#3751=AXIS2_PLACEMENT_3D('',#5722,#4616,#4617);
#3752=AXIS2_PLACEMENT_3D('',#5723,#4618,#4619);
#3753=AXIS2_PLACEMENT_3D('',#5724,#4620,#4621);
#3754=AXIS2_PLACEMENT_3D('',#5728,#4624,#4625);
#3755=AXIS2_PLACEMENT_3D('',#5731,#4627,#4628);
#3756=AXIS2_PLACEMENT_3D('',#5732,#4629,#4630);
#3757=AXIS2_PLACEMENT_3D('',#5734,#4632,#4633);
#3758=AXIS2_PLACEMENT_3D('',#5735,#4634,#4635);
#3759=AXIS2_PLACEMENT_3D('',#5741,#4639,#4640);
#3760=AXIS2_PLACEMENT_3D('',#5745,#4643,#4644);
#3761=AXIS2_PLACEMENT_3D('',#5749,#4647,#4648);
#3762=AXIS2_PLACEMENT_3D('',#5753,#4651,#4652);
#3763=AXIS2_PLACEMENT_3D('',#5757,#4655,#4656);
#3764=AXIS2_PLACEMENT_3D('',#5759,#4658,#4659);
#3765=AXIS2_PLACEMENT_3D('',#5760,#4660,#4661);
#3766=AXIS2_PLACEMENT_3D('',#5762,#4663,#4664);
#3767=AXIS2_PLACEMENT_3D('',#5764,#4666,#4667);
#3768=AXIS2_PLACEMENT_3D('',#5766,#4669,#4670);
#3769=DIRECTION('',(0.,0.,1.));
#3770=DIRECTION('',(1.,0.,0.));
#3771=DIRECTION('',(0.,0.,1.));
#3772=DIRECTION('',(1.,0.,0.));
#3773=DIRECTION('',(0.,0.,-1.));
#3774=DIRECTION('',(-1.,0.,0.));
#3775=DIRECTION('',(-1.,0.,0.));
#3776=DIRECTION('',(0.,-1.,0.));
#3777=DIRECTION('',(1.,0.,0.));
#3778=DIRECTION('',(0.,0.,1.));
#3779=DIRECTION('',(1.,0.,0.));
#3780=DIRECTION('',(1.,0.,0.));
#3781=DIRECTION('',(0.,-1.,0.));
#3782=DIRECTION('',(1.,0.,0.));
#3783=DIRECTION('',(0.,-1.,0.));
#3784=DIRECTION('',(1.,3.1540426835942E-16,0.));
#3785=DIRECTION('',(0.,1.,0.));
#3786=DIRECTION('',(-1.,0.,0.));
#3787=DIRECTION('',(0.,-1.,0.));
#3788=DIRECTION('',(1.,0.,0.));
#3789=DIRECTION('',(0.517312852015986,0.855796361957146,0.));
#3790=DIRECTION('',(-1.,0.,0.));
#3791=DIRECTION('',(-0.503078927228833,-0.864240471731269,0.));
#3792=DIRECTION('',(-1.,0.,0.));
#3793=DIRECTION('',(7.0196195284848E-16,-1.,0.));
#3794=DIRECTION('',(1.,7.0196195284848E-16,0.));
#3795=DIRECTION('',(0.,0.,-1.));
#3796=DIRECTION('',(1.,7.0196195284848E-16,0.));
#3797=DIRECTION('',(0.,0.,1.));
#3798=DIRECTION('',(1.,7.0196195284848E-16,0.));
#3799=DIRECTION('',(0.,0.,-1.));
#3800=DIRECTION('',(1.,0.,0.));
#3801=DIRECTION('',(0.,0.,-1.));
#3802=DIRECTION('',(-1.,0.,0.));
#3803=DIRECTION('',(0.,-1.,0.));
#3804=DIRECTION('',(1.,0.,0.));
#3805=DIRECTION('',(0.,0.,1.));
#3806=DIRECTION('',(1.,0.,0.));
#3807=DIRECTION('',(1.,0.,0.));
#3808=DIRECTION('',(0.,-1.,0.));
#3809=DIRECTION('',(-1.,0.,0.));
#3810=DIRECTION('',(2.89120579329468E-16,1.,0.));
#3811=DIRECTION('',(0.,0.,1.));
#3812=DIRECTION('',(1.,0.,0.));
#3813=DIRECTION('',(1.,0.,0.));
#3814=DIRECTION('',(0.,0.,1.));
#3815=DIRECTION('',(1.,0.,0.));
#3816=DIRECTION('',(0.,1.,0.));
#3817=DIRECTION('',(0.,0.,1.));
#3818=DIRECTION('',(-1.,0.,0.));
#3819=DIRECTION('',(0.,0.,1.));
#3820=DIRECTION('',(-1.,0.,0.));
#3821=DIRECTION('',(0.,0.,1.));
#3822=DIRECTION('',(0.,1.,0.));
#3823=DIRECTION('',(0.,0.,1.));
#3824=DIRECTION('',(0.,0.,1.));
#3825=DIRECTION('',(-1.,0.,0.));
#3826=DIRECTION('',(0.,0.,1.));
#3827=DIRECTION('',(-1.,0.,0.));
#3828=DIRECTION('',(0.,0.,1.));
#3829=DIRECTION('',(1.,0.,0.));
#3830=DIRECTION('',(0.,0.,1.));
#3831=DIRECTION('',(1.,0.,0.));
#3832=DIRECTION('',(0.,0.,1.));
#3833=DIRECTION('',(1.,0.,0.));
#3834=DIRECTION('',(0.,1.,0.));
#3835=DIRECTION('',(0.,0.,1.));
#3836=DIRECTION('',(1.,0.,0.));
#3837=DIRECTION('',(0.,0.,1.));
#3838=DIRECTION('',(-1.,0.,0.));
#3839=DIRECTION('',(0.,0.,1.));
#3840=DIRECTION('',(0.,1.,0.));
#3841=DIRECTION('',(0.,0.,1.));
#3842=DIRECTION('',(0.,0.,1.));
#3843=DIRECTION('',(-1.,0.,0.));
#3844=DIRECTION('',(0.,0.,1.));
#3845=DIRECTION('',(-1.,0.,0.));
#3846=DIRECTION('',(0.,0.,1.));
#3847=DIRECTION('',(1.,0.,0.));
#3848=DIRECTION('',(0.,0.,-1.));
#3849=DIRECTION('',(-1.,0.,0.));
#3850=DIRECTION('',(0.,0.,1.));
#3851=DIRECTION('',(1.,0.,0.));
#3852=DIRECTION('',(1.,0.,0.));
#3853=DIRECTION('',(0.,0.,-1.));
#3854=DIRECTION('',(0.,-1.,0.));
#3855=DIRECTION('',(0.,0.,-1.));
#3856=DIRECTION('',(0.,0.,-1.));
#3857=DIRECTION('',(0.,-1.,0.));
#3858=DIRECTION('',(0.,-1.,0.));
#3859=DIRECTION('',(0.,0.,1.));
#3860=DIRECTION('',(0.,-1.,0.));
#3861=DIRECTION('',(0.,0.,1.));
#3862=DIRECTION('',(0.,-1.,0.));
#3863=DIRECTION('',(1.,0.,0.));
#3864=DIRECTION('',(0.,0.,-1.));
#3865=DIRECTION('',(0.,-1.,0.));
#3866=DIRECTION('',(0.,0.,-1.));
#3867=DIRECTION('',(0.,-1.,0.));
#3868=DIRECTION('',(0.,0.,1.));
#3869=DIRECTION('',(0.,-1.,0.));
#3870=DIRECTION('',(0.,0.,1.));
#3871=DIRECTION('',(0.,-1.,0.));
#3872=DIRECTION('',(0.,0.,1.));
#3873=DIRECTION('',(1.,0.,0.));
#3874=DIRECTION('',(0.,0.,1.));
#3875=DIRECTION('',(0.,0.,1.));
#3876=DIRECTION('',(1.,0.,0.));
#3877=DIRECTION('',(0.,0.,1.));
#3878=DIRECTION('',(0.,0.,1.));
#3879=DIRECTION('',(1.,0.,0.));
#3880=DIRECTION('',(0.,0.,1.));
#3881=DIRECTION('',(0.,0.,1.));
#3882=DIRECTION('',(1.,0.,0.));
#3883=DIRECTION('',(0.,0.,1.));
#3884=DIRECTION('',(0.,0.,1.));
#3885=DIRECTION('',(1.,0.,0.));
#3886=DIRECTION('',(0.,0.,1.));
#3887=DIRECTION('',(1.,0.,0.));
#3888=DIRECTION('',(0.,0.,1.));
#3889=DIRECTION('',(1.,0.,0.));
#3890=DIRECTION('',(1.,7.0196195284848E-16,0.));
#3891=DIRECTION('',(0.,1.,0.));
#3892=DIRECTION('',(-1.,0.,0.));
#3893=DIRECTION('',(0.,1.,0.));
#3894=DIRECTION('',(-1.,0.,0.));
#3895=DIRECTION('',(1.,0.,0.));
#3896=DIRECTION('',(0.,-1.,0.));
#3897=DIRECTION('',(0.,0.,1.));
#3898=DIRECTION('',(1.,0.,0.));
#3899=DIRECTION('',(-1.,0.,0.));
#3900=DIRECTION('',(-1.26974343139863E-16,1.,0.));
#3901=DIRECTION('',(0.,0.,1.));
#3902=DIRECTION('',(1.,0.,0.));
#3903=DIRECTION('',(-1.,0.,0.));
#3904=DIRECTION('',(0.059402031584221,-0.998234140191402,0.));
#3905=DIRECTION('',(1.,0.,0.));
#3906=DIRECTION('',(0.,0.,1.));
#3907=DIRECTION('',(1.,0.,0.));
#3908=DIRECTION('',(-1.,0.,0.));
#3909=DIRECTION('',(0.,0.,1.));
#3910=DIRECTION('',(1.,0.,0.));
#3911=DIRECTION('',(1.,0.,0.));
#3912=DIRECTION('',(0.,0.,-1.));
#3913=DIRECTION('',(0.,0.,-1.));
#3914=DIRECTION('',(0.,-1.,0.));
#3915=DIRECTION('',(0.,-1.,0.));
#3916=DIRECTION('',(0.,-0.707106781186548,0.707106781186548));
#3917=DIRECTION('',(0.,0.,-1.));
#3918=DIRECTION('',(0.,0.707106781186548,0.707106781186548));
#3919=DIRECTION('',(0.,-0.707106781186548,0.707106781186548));
#3920=DIRECTION('',(1.,0.,0.));
#3921=DIRECTION('',(0.,0.707106781186548,0.707106781186548));
#3922=DIRECTION('',(0.,-0.707106781186548,0.707106781186548));
#3923=DIRECTION('',(0.901190772504001,0.306476093320215,-0.306476093320215));
#3924=DIRECTION('',(0.,-0.707106781186548,0.707106781186548));
#3925=DIRECTION('',(1.,0.,0.));
#3926=DIRECTION('',(0.,0.,1.));
#3927=DIRECTION('',(1.,0.,0.));
#3928=DIRECTION('',(0.,0.,1.));
#3929=DIRECTION('',(0.,0.,1.));
#3930=DIRECTION('',(1.,0.,0.));
#3931=DIRECTION('',(0.,0.,1.));
#3932=DIRECTION('',(1.,0.,0.));
#3933=DIRECTION('',(0.,-1.,0.));
#3934=DIRECTION('',(-1.,0.,0.));
#3935=DIRECTION('',(0.,-1.,-1.22464679914735E-16));
#3936=DIRECTION('',(0.0594020315842209,-0.998234140191402,0.));
#3937=DIRECTION('',(0.,0.,1.));
#3938=DIRECTION('',(1.,0.,0.));
#3939=DIRECTION('',(1.,0.,0.));
#3940=DIRECTION('',(0.,0.,1.));
#3941=DIRECTION('',(1.,0.,0.));
#3942=DIRECTION('',(1.82328293270835E-16,-1.,0.));
#3943=DIRECTION('',(0.,0.,1.));
#3944=DIRECTION('',(1.,0.,0.));
#3945=DIRECTION('',(1.,0.,0.));
#3946=DIRECTION('',(0.0594020315842209,-0.998234140191402,0.));
#3947=DIRECTION('',(0.,0.,1.));
#3948=DIRECTION('',(1.,0.,0.));
#3949=DIRECTION('',(-1.26974343139863E-16,1.,0.));
#3950=DIRECTION('',(0.,-1.,0.));
#3951=DIRECTION('',(0.,0.,-1.));
#3952=DIRECTION('',(0.,0.,-1.));
#3953=DIRECTION('',(0.948683298050514,0.,-0.316227766016838));
#3954=DIRECTION('',(0.,0.,-1.));
#3955=DIRECTION('',(0.948683298050514,0.,-0.316227766016838));
#3956=DIRECTION('',(1.,0.,0.));
#3957=DIRECTION('',(0.,1.,0.));
#3958=DIRECTION('',(0.,-1.,0.));
#3959=DIRECTION('',(0.,0.,1.));
#3960=DIRECTION('',(1.92747052886312E-16,1.,0.));
#3961=DIRECTION('',(0.,0.,-1.));
#3962=DIRECTION('',(1.92747052886312E-16,1.,0.));
#3963=DIRECTION('',(0.,0.,-1.));
#3964=DIRECTION('',(0.,0.,-1.));
#3965=DIRECTION('',(0.,0.999803330451687,-0.0198318031886831));
#3966=DIRECTION('',(0.,-1.,-1.22464679914735E-16));
#3967=DIRECTION('',(7.0196195284848E-16,-1.,0.));
#3968=DIRECTION('',(1.,7.0196195284848E-16,0.));
#3969=DIRECTION('',(0.,0.,-1.));
#3970=DIRECTION('',(1.,7.0196195284848E-16,0.));
#3971=DIRECTION('',(-0.948683298050514,-6.65939580534275E-16,0.316227766016838));
#3972=DIRECTION('',(0.,0.,1.));
#3973=DIRECTION('',(1.,0.,0.));
#3974=DIRECTION('',(1.,0.,0.));
#3975=DIRECTION('',(0.,0.,1.));
#3976=DIRECTION('',(1.,0.,0.));
#3977=DIRECTION('',(-1.,0.,0.));
#3978=DIRECTION('',(0.,1.,0.));
#3979=DIRECTION('',(0.,1.,0.));
#3980=DIRECTION('',(0.,0.,1.));
#3981=DIRECTION('',(0.,0.,1.));
#3982=DIRECTION('',(1.,0.,0.));
#3983=DIRECTION('',(0.,0.,-1.));
#3984=DIRECTION('',(-0.316171791230944,-0.0188144704459208,-0.948515373692834));
#3985=DIRECTION('',(0.948701954477704,-0.00627025673750547,-0.316109609867574));
#3986=DIRECTION('',(0.948683298050514,0.,-0.316227766016838));
#3987=DIRECTION('',(-0.316171791230944,-0.0188144704459208,-0.948515373692834));
#3988=DIRECTION('',(-0.946840428516592,-0.0563437401862208,0.316731093939866));
#3989=DIRECTION('',(-0.948683298050514,0.,0.316227766016838));
#3990=DIRECTION('',(-0.316171791230944,-0.0188144704459208,-0.948515373692834));
#3991=DIRECTION('',(-0.946840428516592,-0.0563437401862208,0.316731093939866));
#3992=DIRECTION('',(-1.56250658440932E-16,0.999803330451687,-0.019831803188683));
#3993=DIRECTION('',(-0.316171791230944,-0.0188144704459208,-0.948515373692834));
#3994=DIRECTION('',(-0.946840428516592,-0.0563437401862208,0.316731093939866));
#3995=DIRECTION('',(0.948683298050514,-4.38971775595931E-15,-0.316227766016838));
#3996=DIRECTION('',(0.948683298050514,-1.04459781623651E-18,-0.316227766016838));
#3997=DIRECTION('',(0.,0.999803330451687,-0.0198318031886831));
#3998=DIRECTION('',(0.948683298050514,-1.04459781623651E-18,-0.316227766016838));
#3999=DIRECTION('',(0.,0.999803330451687,-0.0198318031886831));
#4000=DIRECTION('',(-0.948683298050514,-2.23185933875586E-17,0.316227766016838));
#4001=DIRECTION('',(0.,0.999803330451687,-0.0198318031886831));
#4002=DIRECTION('',(-0.948683298050514,1.04459781623651E-18,0.316227766016838));
#4003=DIRECTION('',(0.,0.999803330451687,-0.0198318031886831));
#4004=DIRECTION('',(-0.316171791230945,-0.0188144704459208,-0.948515373692833));
#4005=DIRECTION('',(-0.948683298050514,0.,0.316227766016838));
#4006=DIRECTION('',(0.948683298050514,0.,-0.316227766016838));
#4007=DIRECTION('',(0.,0.999803330451687,-0.0198318031886831));
#4008=DIRECTION('',(0.948683298050514,0.,-0.316227766016838));
#4009=DIRECTION('',(0.,-0.999803330451687,0.0198318031886831));
#4010=DIRECTION('',(0.,-1.,0.));
#4011=DIRECTION('',(0.,0.,-1.));
#4012=DIRECTION('',(0.,0.,-1.));
#4013=DIRECTION('',(-1.,0.,0.));
#4014=DIRECTION('',(0.,0.,-1.));
#4015=DIRECTION('',(1.,0.,0.));
#4016=DIRECTION('',(0.,0.,-1.));
#4017=DIRECTION('',(0.,0.,1.));
#4018=DIRECTION('',(0.,0.,-1.));
#4019=DIRECTION('',(0.,1.,0.));
#4020=DIRECTION('',(0.,7.38808976140037E-17,-1.));
#4021=DIRECTION('',(0.,0.,1.));
#4022=DIRECTION('',(0.,1.,0.));
#4023=DIRECTION('',(0.,0.,-1.));
#4024=DIRECTION('',(0.,0.,-1.));
#4025=DIRECTION('',(0.,0.,-1.));
#4026=DIRECTION('',(0.,0.,1.));
#4027=DIRECTION('',(1.,0.,0.));
#4028=DIRECTION('',(-1.,0.,0.));
#4029=DIRECTION('',(0.,0.,1.));
#4030=DIRECTION('',(1.,0.,0.));
#4031=DIRECTION('',(-1.,-3.1540426835942E-16,0.));
#4032=DIRECTION('',(1.,0.,0.));
#4033=DIRECTION('',(-3.1540426835942E-16,1.,0.));
#4034=DIRECTION('',(-1.,-3.1540426835942E-16,0.));
#4035=DIRECTION('',(0.,0.,-1.));
#4036=DIRECTION('',(0.,-1.,0.));
#4037=DIRECTION('',(0.,0.,-1.));
#4038=DIRECTION('',(1.,0.,0.));
#4039=DIRECTION('',(0.,0.,1.));
#4040=DIRECTION('',(0.,0.,-1.));
#4041=DIRECTION('',(1.,0.,0.));
#4042=DIRECTION('',(0.,0.,-1.));
#4043=DIRECTION('',(-1.,0.,0.));
#4044=DIRECTION('',(-1.,0.,0.));
#4045=DIRECTION('',(0.,0.,1.));
#4046=DIRECTION('',(0.,1.,0.));
#4047=DIRECTION('',(0.,0.,1.));
#4048=DIRECTION('',(0.,0.,1.));
#4049=DIRECTION('',(0.,-1.,0.));
#4050=DIRECTION('',(0.,0.,-1.));
#4051=DIRECTION('',(0.,0.,1.));
#4052=DIRECTION('',(-1.,0.,0.));
#4053=DIRECTION('',(0.,0.,-1.));
#4054=DIRECTION('',(-1.,0.,0.));
#4055=DIRECTION('',(0.,0.,1.));
#4056=DIRECTION('',(0.,1.,0.));
#4057=DIRECTION('',(-1.,2.89120579329468E-16,0.));
#4058=DIRECTION('',(-2.89120579329468E-16,-1.,0.));
#4059=DIRECTION('',(2.89120579329468E-16,1.,0.));
#4060=DIRECTION('',(0.,0.,1.));
#4061=DIRECTION('',(0.,0.,-1.));
#4062=DIRECTION('',(1.,0.,0.));
#4063=DIRECTION('',(0.,0.,-1.));
#4064=DIRECTION('',(-1.,0.,0.));
#4065=DIRECTION('',(0.,-1.,0.));
#4066=DIRECTION('',(0.,0.,-1.));
#4067=DIRECTION('',(0.,0.,1.));
#4068=DIRECTION('',(-1.,-1.26974343139863E-16,0.));
#4069=DIRECTION('',(1.26974343139863E-16,-1.,0.));
#4070=DIRECTION('',(0.,0.,1.));
#4071=DIRECTION('',(0.,-1.,0.));
#4072=DIRECTION('',(0.,0.,-1.));
#4073=DIRECTION('',(-1.,0.,0.));
#4074=DIRECTION('',(0.,0.,1.));
#4075=DIRECTION('',(0.,0.,1.));
#4076=DIRECTION('',(1.,0.,0.));
#4077=DIRECTION('',(-1.,0.,0.));
#4078=DIRECTION('',(0.,1.,0.));
#4079=DIRECTION('',(0.,-1.,0.));
#4080=DIRECTION('',(0.,0.,-1.));
#4081=DIRECTION('',(0.,0.,1.));
#4082=DIRECTION('',(1.,0.,0.));
#4083=DIRECTION('',(0.,1.,0.));
#4084=DIRECTION('',(0.,1.,7.38808976140037E-17));
#4085=DIRECTION('',(0.,-7.38808976140037E-17,1.));
#4086=DIRECTION('',(0.,7.38808976140037E-17,-1.));
#4087=DIRECTION('',(-1.,0.,0.));
#4088=DIRECTION('',(0.,0.,1.));
#4089=DIRECTION('',(1.,0.,0.));
#4090=DIRECTION('',(-1.,0.,0.));
#4091=DIRECTION('',(0.,1.,0.));
#4092=DIRECTION('',(0.,1.,0.));
#4093=DIRECTION('',(0.,0.,1.));
#4094=DIRECTION('',(0.,0.,-1.));
#4095=DIRECTION('',(1.,0.,0.));
#4096=DIRECTION('',(0.,1.,0.));
#4097=DIRECTION('',(-0.316227766016838,1.16180196436212E-16,-0.948683298050514));
#4098=DIRECTION('',(-0.948683298050514,0.,0.316227766016838));
#4099=DIRECTION('',(-1.,-1.56281394232145E-16,0.));
#4100=DIRECTION('',(1.56281394232145E-16,-1.,0.));
#4101=DIRECTION('',(0.,0.,1.));
#4102=DIRECTION('',(1.56281394232145E-16,-1.,0.));
#4103=DIRECTION('',(0.,0.,1.));
#4104=DIRECTION('',(0.,0.,1.));
#4105=DIRECTION('',(1.,0.,0.));
#4106=DIRECTION('',(0.,0.,1.));
#4107=DIRECTION('',(0.,0.,1.));
#4108=DIRECTION('',(1.,0.,0.));
#4109=DIRECTION('',(0.,-1.,0.));
#4110=DIRECTION('',(0.,0.,-1.));
#4111=DIRECTION('',(0.,0.,1.));
#4112=DIRECTION('',(1.,0.,0.));
#4113=DIRECTION('',(0.,0.,1.));
#4114=DIRECTION('',(1.,0.,0.));
#4115=DIRECTION('',(0.,0.,1.));
#4116=DIRECTION('',(1.,0.,0.));
#4117=DIRECTION('',(0.,0.,1.));
#4118=DIRECTION('',(0.,0.,1.));
#4119=DIRECTION('',(1.,0.,0.));
#4120=DIRECTION('',(0.,0.,1.));
#4121=DIRECTION('',(0.,0.,1.));
#4122=DIRECTION('',(1.,0.,0.));
#4123=DIRECTION('',(-1.,-1.82328293270835E-16,0.));
#4124=DIRECTION('',(1.82328293270835E-16,-1.,0.));
#4125=DIRECTION('',(0.,0.,1.));
#4126=DIRECTION('',(1.82328293270835E-16,-1.,0.));
#4127=DIRECTION('',(0.,0.,1.));
#4128=DIRECTION('',(1.,0.,0.));
#4129=DIRECTION('',(0.,0.,1.));
#4130=DIRECTION('',(0.,0.,1.));
#4131=DIRECTION('',(1.,0.,0.));
#4132=DIRECTION('',(0.,-1.,0.));
#4133=DIRECTION('',(0.,0.,-1.));
#4134=DIRECTION('',(1.,0.,0.));
#4135=DIRECTION('',(0.,0.,1.));
#4136=DIRECTION('',(1.,0.,0.));
#4137=DIRECTION('',(0.,0.,1.));
#4138=DIRECTION('',(1.,0.,0.));
#4139=DIRECTION('',(0.,0.,1.));
#4140=DIRECTION('',(1.,0.,0.));
#4141=DIRECTION('',(0.316227766016838,0.,0.948683298050514));
#4142=DIRECTION('',(0.948683298050514,0.,-0.316227766016838));
#4143=DIRECTION('',(0.,0.,1.));
#4144=DIRECTION('',(1.,0.,0.));
#4145=DIRECTION('',(1.,0.,0.));
#4146=DIRECTION('',(0.,0.,1.));
#4147=DIRECTION('',(1.,0.,0.));
#4148=DIRECTION('',(1.,0.,0.));
#4149=DIRECTION('',(1.,0.,0.));
#4150=DIRECTION('',(-1.,0.,0.));
#4151=DIRECTION('',(0.,0.,1.));
#4152=DIRECTION('',(0.,1.,0.));
#4153=DIRECTION('',(0.,0.,1.));
#4154=DIRECTION('',(0.,1.,0.));
#4155=DIRECTION('',(0.,0.,1.));
#4156=DIRECTION('',(0.,1.,0.));
#4157=DIRECTION('',(0.,0.,1.));
#4158=DIRECTION('',(0.,-1.,0.));
#4159=DIRECTION('',(0.,0.,-1.));
#4160=DIRECTION('',(0.,0.,-1.));
#4161=DIRECTION('',(-1.,0.,0.));
#4162=DIRECTION('',(0.,0.,-1.));
#4163=DIRECTION('',(-1.,0.,0.));
#4164=DIRECTION('',(0.,0.,-1.));
#4165=DIRECTION('',(-1.,0.,0.));
#4166=DIRECTION('',(0.,0.,-1.));
#4167=DIRECTION('',(1.,0.,0.));
#4168=DIRECTION('',(0.,1.,0.));
#4169=DIRECTION('',(0.,0.,1.));
#4170=DIRECTION('',(1.,0.,0.));
#4171=DIRECTION('',(0.,0.,-1.));
#4172=DIRECTION('',(0.,0.,-1.));
#4173=DIRECTION('',(-1.,0.,0.));
#4174=DIRECTION('',(0.,0.,-1.));
#4175=DIRECTION('',(-1.,0.,0.));
#4176=DIRECTION('',(0.,0.,-1.));
#4177=DIRECTION('',(0.,-1.,0.));
#4178=DIRECTION('',(0.,0.,-1.));
#4179=DIRECTION('',(-1.,0.,0.));
#4180=DIRECTION('',(0.,0.,-1.));
#4181=DIRECTION('',(1.,0.,0.));
#4182=DIRECTION('',(0.,0.,-1.));
#4183=DIRECTION('',(-1.,0.,0.));
#4184=DIRECTION('',(0.,1.,0.));
#4185=DIRECTION('',(0.,0.,1.));
#4186=DIRECTION('',(1.,0.,0.));
#4187=DIRECTION('',(0.,0.,-1.));
#4188=DIRECTION('',(1.,0.,0.));
#4189=DIRECTION('',(0.,0.,-1.));
#4190=DIRECTION('',(-1.,0.,0.));
#4191=DIRECTION('',(0.,0.,1.));
#4192=DIRECTION('',(0.,1.,0.));
#4193=DIRECTION('',(0.,0.,-1.));
#4194=DIRECTION('',(0.,1.,0.));
#4195=DIRECTION('',(0.,-1.,0.));
#4196=DIRECTION('',(0.,0.,-1.));
#4197=DIRECTION('',(-1.,0.,0.));
#4198=DIRECTION('',(0.,0.,-1.));
#4199=DIRECTION('',(-1.,0.,0.));
#4200=DIRECTION('',(0.,0.,-1.));
#4201=DIRECTION('',(0.,0.,-1.));
#4202=DIRECTION('',(0.,0.,-1.));
#4203=DIRECTION('',(-1.,0.,0.));
#4204=DIRECTION('',(0.,0.,1.));
#4205=DIRECTION('',(0.,0.,-1.));
#4206=DIRECTION('',(0.,1.,0.));
#4207=DIRECTION('',(0.,0.,-1.));
#4208=DIRECTION('',(0.,-1.,0.));
#4209=DIRECTION('',(0.,0.,-1.));
#4210=DIRECTION('',(0.,0.,-1.));
#4211=DIRECTION('',(-1.,0.,0.));
#4212=DIRECTION('',(0.864240471731269,-0.503078927228833,0.));
#4213=DIRECTION('',(0.503078927228833,0.864240471731269,0.));
#4214=DIRECTION('',(0.,0.,-1.));
#4215=DIRECTION('',(-0.503078927228833,-0.864240471731269,0.));
#4216=DIRECTION('',(0.,-1.,0.));
#4217=DIRECTION('',(0.,0.,-1.));
#4218=DIRECTION('',(0.,0.,-1.));
#4219=DIRECTION('',(-1.,0.,0.));
#4220=DIRECTION('',(-0.855796361957146,0.517312852015986,0.));
#4221=DIRECTION('',(-0.517312852015986,-0.855796361957146,0.));
#4222=DIRECTION('',(0.,0.,-1.));
#4223=DIRECTION('',(0.517312852015986,0.855796361957146,0.));
#4224=DIRECTION('',(0.,0.,-1.));
#4225=DIRECTION('',(0.,0.,-1.));
#4226=DIRECTION('',(0.,0.,-1.));
#4227=DIRECTION('',(0.,1.,0.));
#4228=DIRECTION('',(0.,0.,1.));
#4229=DIRECTION('',(0.,0.,-1.));
#4230=DIRECTION('',(1.,0.,0.));
#4231=DIRECTION('',(1.,0.,0.));
#4232=DIRECTION('',(0.,0.,-1.));
#4233=DIRECTION('',(0.,0.,-1.));
#4234=DIRECTION('',(0.,-1.,0.));
#4235=DIRECTION('',(0.,-1.,0.));
#4236=DIRECTION('',(0.,0.,-1.));
#4237=DIRECTION('',(-1.,0.,0.));
#4238=DIRECTION('',(0.,0.,-1.));
#4239=DIRECTION('',(1.,0.,0.));
#4240=DIRECTION('',(0.,0.,1.));
#4241=DIRECTION('',(1.,0.,0.));
#4242=DIRECTION('',(0.,0.,1.));
#4243=DIRECTION('',(1.,0.,0.));
#4244=DIRECTION('',(-1.,0.,0.));
#4245=DIRECTION('',(0.,0.,-1.));
#4246=DIRECTION('',(0.,0.,-1.));
#4247=DIRECTION('',(0.,-1.,0.));
#4248=DIRECTION('',(0.,0.,-1.));
#4249=DIRECTION('',(0.,-1.,0.));
#4250=DIRECTION('',(0.,0.,1.));
#4251=DIRECTION('',(0.,-1.,0.));
#4252=DIRECTION('',(0.,0.,1.));
#4253=DIRECTION('',(0.,-1.,0.));
#4254=DIRECTION('',(0.,0.,1.));
#4255=DIRECTION('',(-1.,0.,0.));
#4256=DIRECTION('',(0.,1.,0.));
#4257=DIRECTION('',(1.,0.,0.));
#4258=DIRECTION('',(1.,0.,0.));
#4259=DIRECTION('',(0.,0.,-1.));
#4260=DIRECTION('',(-1.,0.,0.));
#4261=DIRECTION('',(0.,0.,1.));
#4262=DIRECTION('',(-1.,0.,0.));
#4263=DIRECTION('',(0.,0.,1.));
#4264=DIRECTION('',(1.,0.,0.));
#4265=DIRECTION('',(-1.,3.1540426835942E-16,0.));
#4266=DIRECTION('',(0.,-1.,0.));
#4267=DIRECTION('',(-1.,0.,0.));
#4268=DIRECTION('',(0.,-1.,0.));
#4269=DIRECTION('',(-1.,0.,0.));
#4270=DIRECTION('',(0.,0.,-1.));
#4271=DIRECTION('',(-1.,0.,0.));
#4272=DIRECTION('',(-1.,0.,0.));
#4273=DIRECTION('',(0.,-1.,0.));
#4274=DIRECTION('',(1.,0.,0.));
#4275=DIRECTION('',(0.,-1.,0.));
#4276=DIRECTION('',(1.,0.,0.));
#4277=DIRECTION('',(0.,1.,0.));
#4278=DIRECTION('',(1.,0.,0.));
#4279=DIRECTION('',(0.,1.,0.));
#4280=DIRECTION('',(-1.,0.,0.));
#4281=DIRECTION('',(0.,0.,1.));
#4282=DIRECTION('',(-1.,0.,0.));
#4283=DIRECTION('',(-1.,0.,0.));
#4284=DIRECTION('',(0.,0.,-1.));
#4285=DIRECTION('',(-1.,0.,0.));
#4286=DIRECTION('',(-1.,0.,0.));
#4287=DIRECTION('',(0.,0.,-1.));
#4288=DIRECTION('',(-1.,0.,0.));
#4289=DIRECTION('',(-2.89120579329468E-16,1.,0.));
#4290=DIRECTION('',(1.,0.,0.));
#4291=DIRECTION('',(0.,-1.,0.));
#4292=DIRECTION('',(0.,1.,0.));
#4293=DIRECTION('',(0.,0.,1.));
#4294=DIRECTION('',(1.,0.,0.));
#4295=DIRECTION('',(0.,0.,1.));
#4296=DIRECTION('',(1.,0.,0.));
#4297=DIRECTION('',(0.,0.,1.));
#4298=DIRECTION('',(0.,1.,0.));
#4299=DIRECTION('',(0.,0.,1.));
#4300=DIRECTION('',(0.,0.,1.));
#4301=DIRECTION('',(1.,0.,0.));
#4302=DIRECTION('',(1.,0.,0.));
#4303=DIRECTION('',(0.,0.,1.));
#4304=DIRECTION('',(-1.,0.,0.));
#4305=DIRECTION('',(0.,0.,-1.));
#4306=DIRECTION('',(-1.,0.,0.));
#4307=DIRECTION('',(0.,0.,-1.));
#4308=DIRECTION('',(-1.,0.,0.));
#4309=DIRECTION('',(0.,1.,0.));
#4310=DIRECTION('',(0.,0.,1.));
#4311=DIRECTION('',(-1.,0.,0.));
#4312=DIRECTION('',(0.,0.,1.));
#4313=DIRECTION('',(1.,0.,0.));
#4314=DIRECTION('',(0.,0.,1.));
#4315=DIRECTION('',(0.,1.,0.));
#4316=DIRECTION('',(0.,0.,1.));
#4317=DIRECTION('',(0.,0.,1.));
#4318=DIRECTION('',(1.,0.,0.));
#4319=DIRECTION('',(0.,0.,1.));
#4320=DIRECTION('',(1.,0.,0.));
#4321=DIRECTION('',(0.,0.,1.));
#4322=DIRECTION('',(-1.,0.,0.));
#4323=DIRECTION('',(0.,0.,1.));
#4324=DIRECTION('',(1.,0.,0.));
#4325=DIRECTION('',(0.,0.,-1.));
#4326=DIRECTION('',(-1.,0.,0.));
#4327=DIRECTION('',(-1.,0.,0.));
#4328=DIRECTION('',(0.,0.,-1.));
#4329=DIRECTION('',(0.,-1.,0.));
#4330=DIRECTION('',(0.,-1.,0.));
#4331=DIRECTION('',(0.,0.,1.));
#4332=DIRECTION('',(0.,-1.,0.));
#4333=DIRECTION('',(0.,0.,1.));
#4334=DIRECTION('',(0.,-1.,0.));
#4335=DIRECTION('',(0.,-1.,0.));
#4336=DIRECTION('',(0.,0.,-1.));
#4337=DIRECTION('',(0.,0.,-1.));
#4338=DIRECTION('',(0.,0.,1.));
#4339=DIRECTION('',(-1.,0.,0.));
#4340=DIRECTION('',(0.,0.,1.));
#4341=DIRECTION('',(0.,0.,-1.));
#4342=DIRECTION('',(-1.,0.,0.));
#4343=DIRECTION('',(0.,0.,1.));
#4344=DIRECTION('',(0.,0.,-1.));
#4345=DIRECTION('',(-1.,0.,0.));
#4346=DIRECTION('',(0.,0.,1.));
#4347=DIRECTION('',(0.,0.,1.));
#4348=DIRECTION('',(0.,0.,-1.));
#4349=DIRECTION('',(-1.,0.,0.));
#4350=DIRECTION('',(0.,0.,1.));
#4351=DIRECTION('',(-1.,0.,0.));
#4352=DIRECTION('',(-1.,0.,0.));
#4353=DIRECTION('',(0.,0.,1.));
#4354=DIRECTION('',(1.,0.,0.));
#4355=DIRECTION('',(1.,0.,0.));
#4356=DIRECTION('',(0.,1.,0.));
#4357=DIRECTION('',(1.,0.,0.));
#4358=DIRECTION('',(0.,1.,0.));
#4359=DIRECTION('',(0.,0.,1.));
#4360=DIRECTION('',(-1.,0.,0.));
#4361=DIRECTION('',(1.,0.,0.));
#4362=DIRECTION('',(1.,0.,0.));
#4363=DIRECTION('',(0.,0.,-1.));
#4364=DIRECTION('',(-1.,0.,0.));
#4365=DIRECTION('',(-1.,0.,0.));
#4366=DIRECTION('',(-0.059402031584221,-0.998234140191402,0.));
#4367=DIRECTION('',(1.,0.,0.));
#4368=DIRECTION('',(0.,0.,-1.));
#4369=DIRECTION('',(-1.,0.,0.));
#4370=DIRECTION('',(1.26974343139863E-16,1.,0.));
#4371=DIRECTION('',(0.,0.,-1.));
#4372=DIRECTION('',(-1.,0.,0.));
#4373=DIRECTION('',(-1.,0.,0.));
#4374=DIRECTION('',(0.,0.,-1.));
#4375=DIRECTION('',(0.,0.,-1.));
#4376=DIRECTION('',(0.,0.,-1.));
#4377=DIRECTION('',(0.,-0.707106781186548,0.707106781186548));
#4378=DIRECTION('',(0.,-1.,0.));
#4379=DIRECTION('',(0.,-1.,0.));
#4380=DIRECTION('',(0.,0.707106781186548,0.707106781186548));
#4381=DIRECTION('',(0.,-0.707106781186548,0.707106781186548));
#4382=DIRECTION('',(-1.,0.,0.));
#4383=DIRECTION('',(0.,-0.707106781186548,0.707106781186548));
#4384=DIRECTION('',(-0.901190772504001,0.306476093320215,-0.306476093320215));
#4385=DIRECTION('',(0.,-0.707106781186548,-0.707106781186548));
#4386=DIRECTION('',(0.,-0.707106781186548,0.707106781186548));
#4387=DIRECTION('',(-1.,0.,0.));
#4388=DIRECTION('',(0.,0.,1.));
#4389=DIRECTION('',(-1.,0.,0.));
#4390=DIRECTION('',(0.,0.,1.));
#4391=DIRECTION('',(0.,0.,-1.));
#4392=DIRECTION('',(-1.,0.,0.));
#4393=DIRECTION('',(0.,0.,1.));
#4394=DIRECTION('',(-1.,0.,0.));
#4395=DIRECTION('',(1.26974343139863E-16,1.,0.));
#4396=DIRECTION('',(0.,0.,-1.));
#4397=DIRECTION('',(-1.,0.,0.));
#4398=DIRECTION('',(-0.0594020315842209,-0.998234140191402,0.));
#4399=DIRECTION('',(-1.,0.,0.));
#4400=DIRECTION('',(0.,0.,-1.));
#4401=DIRECTION('',(-1.,0.,0.));
#4402=DIRECTION('',(-1.82328293270835E-16,-1.,0.));
#4403=DIRECTION('',(0.,0.,-1.));
#4404=DIRECTION('',(-1.,0.,0.));
#4405=DIRECTION('',(-1.,0.,0.));
#4406=DIRECTION('',(0.,0.,-1.));
#4407=DIRECTION('',(-1.,0.,0.));
#4408=DIRECTION('',(-0.0594020315842209,-0.998234140191402,0.));
#4409=DIRECTION('',(0.,-1.,-1.22464679914735E-16));
#4410=DIRECTION('',(1.,0.,0.));
#4411=DIRECTION('',(0.,-1.,0.));
#4412=DIRECTION('',(0.,-1.,0.));
#4413=DIRECTION('',(0.,0.,-1.));
#4414=DIRECTION('',(0.,0.,-1.));
#4415=DIRECTION('',(-1.,0.,0.));
#4416=DIRECTION('',(0.,0.,-1.));
#4417=DIRECTION('',(-0.948683298050514,0.,-0.316227766016838));
#4418=DIRECTION('',(0.,0.,-1.));
#4419=DIRECTION('',(-0.948683298050514,0.,-0.316227766016838));
#4420=DIRECTION('',(-1.,0.,0.));
#4421=DIRECTION('',(0.,1.,0.));
#4422=DIRECTION('',(-1.92747052886312E-16,1.,0.));
#4423=DIRECTION('',(0.,0.,-1.));
#4424=DIRECTION('',(0.,-1.,0.));
#4425=DIRECTION('',(0.,-1.,-1.22464679914735E-16));
#4426=DIRECTION('',(0.,0.999803330451687,-0.0198318031886831));
#4427=DIRECTION('',(0.,0.,-1.));
#4428=DIRECTION('',(0.,0.,-1.));
#4429=DIRECTION('',(0.,0.,1.));
#4430=DIRECTION('',(-1.,0.,0.));
#4431=DIRECTION('',(-1.,0.,0.));
#4432=DIRECTION('',(0.,1.,0.));
#4433=DIRECTION('',(1.,0.,0.));
#4434=DIRECTION('',(0.,0.,-1.));
#4435=DIRECTION('',(-1.,0.,0.));
#4436=DIRECTION('',(0.,1.,0.));
#4437=DIRECTION('',(0.,0.,1.));
#4438=DIRECTION('',(0.,0.,1.));
#4439=DIRECTION('',(0.,0.,-1.));
#4440=DIRECTION('',(-1.,0.,0.));
#4441=DIRECTION('',(0.316171791230944,-0.0188144704459208,-0.948515373692834));
#4442=DIRECTION('',(-0.948701954477704,-0.00627025673750547,-0.316109609867574));
#4443=DIRECTION('',(-0.948683298050514,0.,-0.316227766016838));
#4444=DIRECTION('',(0.,0.999803330451687,-0.0198318031886831));
#4445=DIRECTION('',(0.948683298050514,1.04459781623651E-18,0.316227766016838));
#4446=DIRECTION('',(0.,0.999803330451687,-0.0198318031886831));
#4447=DIRECTION('',(0.948683298050514,-2.23185933875586E-17,0.316227766016838));
#4448=DIRECTION('',(0.,0.999803330451687,-0.0198318031886831));
#4449=DIRECTION('',(-0.948683298050514,-1.04459781623651E-18,-0.316227766016838));
#4450=DIRECTION('',(0.,0.999803330451687,-0.0198318031886831));
#4451=DIRECTION('',(-0.948683298050514,-1.04459781623651E-18,-0.316227766016838));
#4452=DIRECTION('',(-0.948683298050514,-4.38971775595931E-15,-0.316227766016838));
#4453=DIRECTION('',(-0.316171791230944,0.0188144704459208,0.948515373692834));
#4454=DIRECTION('',(0.946840428516592,-0.0563437401862208,0.316731093939866));
#4455=DIRECTION('',(1.56250658440932E-16,0.999803330451687,-0.019831803188683));
#4456=DIRECTION('',(-0.316171791230944,0.0188144704459208,0.948515373692834));
#4457=DIRECTION('',(0.946840428516592,-0.0563437401862208,0.316731093939866));
#4458=DIRECTION('',(0.948683298050514,0.,0.316227766016838));
#4459=DIRECTION('',(-0.316171791230944,0.0188144704459208,0.948515373692834));
#4460=DIRECTION('',(0.946840428516592,-0.0563437401862208,0.316731093939866));
#4461=DIRECTION('',(0.316171791230945,-0.0188144704459208,-0.948515373692833));
#4462=DIRECTION('',(0.948683298050514,0.,0.316227766016838));
#4463=DIRECTION('',(0.,-0.999803330451687,0.0198318031886831));
#4464=DIRECTION('',(-0.948683298050514,0.,-0.316227766016838));
#4465=DIRECTION('',(0.,0.999803330451687,-0.0198318031886831));
#4466=DIRECTION('',(-0.948683298050514,0.,-0.316227766016838));
#4467=DIRECTION('',(0.,-1.,0.));
#4468=DIRECTION('',(0.,0.,-1.));
#4469=DIRECTION('',(0.,0.,-1.));
#4470=DIRECTION('',(1.,0.,0.));
#4471=DIRECTION('',(0.,0.,-1.));
#4472=DIRECTION('',(-1.,0.,0.));
#4473=DIRECTION('',(0.,0.,-1.));
#4474=DIRECTION('',(0.,0.,-1.));
#4475=DIRECTION('',(0.,0.,-1.));
#4476=DIRECTION('',(0.,0.,-1.));
#4477=DIRECTION('',(0.,1.,0.));
#4478=DIRECTION('',(0.,0.,1.));
#4479=DIRECTION('',(0.,7.38808976140037E-17,-1.));
#4480=DIRECTION('',(0.,1.,0.));
#4481=DIRECTION('',(0.,0.,-1.));
#4482=DIRECTION('',(0.,0.,1.));
#4483=DIRECTION('',(0.,0.,1.));
#4484=DIRECTION('',(-1.,0.,0.));
#4485=DIRECTION('',(0.,-1.,0.));
#4486=DIRECTION('',(-1.,0.,0.));
#4487=DIRECTION('',(0.,0.,-1.));
#4488=DIRECTION('',(-1.,0.,0.));
#4489=DIRECTION('',(-1.,0.,0.));
#4490=DIRECTION('',(1.,-3.1540426835942E-16,0.));
#4491=DIRECTION('',(0.,0.,-1.));
#4492=DIRECTION('',(-1.,0.,0.));
#4493=DIRECTION('',(1.,0.,0.));
#4494=DIRECTION('',(3.1540426835942E-16,1.,0.));
#4495=DIRECTION('',(1.,-3.1540426835942E-16,0.));
#4496=DIRECTION('',(0.,0.,-1.));
#4497=DIRECTION('',(0.,1.,0.));
#4498=DIRECTION('',(0.,0.,1.));
#4499=DIRECTION('',(0.,0.,1.));
#4500=DIRECTION('',(0.,-1.,0.));
#4501=DIRECTION('',(0.,0.,-1.));
#4502=DIRECTION('',(0.,0.,-1.));
#4503=DIRECTION('',(1.,0.,0.));
#4504=DIRECTION('',(0.,0.,1.));
#4505=DIRECTION('',(1.,0.,0.));
#4506=DIRECTION('',(0.,0.,1.));
#4507=DIRECTION('',(0.,1.,0.));
#4508=DIRECTION('',(1.,2.89120579329468E-16,0.));
#4509=DIRECTION('',(2.89120579329468E-16,-1.,0.));
#4510=DIRECTION('',(-2.89120579329468E-16,1.,0.));
#4511=DIRECTION('',(0.,0.,1.));
#4512=DIRECTION('',(0.,0.,-1.));
#4513=DIRECTION('',(-1.,0.,0.));
#4514=DIRECTION('',(0.,0.,1.));
#4515=DIRECTION('',(1.,0.,0.));
#4516=DIRECTION('',(0.,-1.,0.));
#4517=DIRECTION('',(0.,0.,-1.));
#4518=DIRECTION('',(0.,0.,1.));
#4519=DIRECTION('',(1.,-1.26974343139863E-16,0.));
#4520=DIRECTION('',(-1.26974343139863E-16,-1.,0.));
#4521=DIRECTION('',(0.,0.,1.));
#4522=DIRECTION('',(0.,-1.,0.));
#4523=DIRECTION('',(0.,0.,-1.));
#4524=DIRECTION('',(0.,0.,1.));
#4525=DIRECTION('',(1.,0.,0.));
#4526=DIRECTION('',(0.,0.,1.));
#4527=DIRECTION('',(-1.,0.,0.));
#4528=DIRECTION('',(0.,1.,0.));
#4529=DIRECTION('',(1.,0.,0.));
#4530=DIRECTION('',(0.,-1.,0.));
#4531=DIRECTION('',(0.,0.,-1.));
#4532=DIRECTION('',(0.,0.,1.));
#4533=DIRECTION('',(-1.,0.,0.));
#4534=DIRECTION('',(0.,1.,0.));
#4535=DIRECTION('',(0.,1.,7.38808976140037E-17));
#4536=DIRECTION('',(0.,-7.38808976140037E-17,1.));
#4537=DIRECTION('',(0.,7.38808976140037E-17,-1.));
#4538=DIRECTION('',(1.,0.,0.));
#4539=DIRECTION('',(0.,0.,1.));
#4540=DIRECTION('',(-1.,0.,0.));
#4541=DIRECTION('',(0.,1.,0.));
#4542=DIRECTION('',(1.,0.,0.));
#4543=DIRECTION('',(0.,1.,0.));
#4544=DIRECTION('',(0.,0.,1.));
#4545=DIRECTION('',(0.,0.,-1.));
#4546=DIRECTION('',(-1.,0.,0.));
#4547=DIRECTION('',(0.,1.,0.));
#4548=DIRECTION('',(0.316227766016838,1.16180196436212E-16,-0.948683298050514));
#4549=DIRECTION('',(0.948683298050514,0.,0.316227766016838));
#4550=DIRECTION('',(1.,-1.56281394232145E-16,0.));
#4551=DIRECTION('',(-1.56281394232145E-16,-1.,0.));
#4552=DIRECTION('',(0.,0.,1.));
#4553=DIRECTION('',(-1.56281394232145E-16,-1.,0.));
#4554=DIRECTION('',(0.,0.,1.));
#4555=DIRECTION('',(0.,0.,1.));
#4556=DIRECTION('',(-1.,0.,0.));
#4557=DIRECTION('',(0.,0.,1.));
#4558=DIRECTION('',(0.,0.,-1.));
#4559=DIRECTION('',(-1.,0.,0.));
#4560=DIRECTION('',(0.,-1.,0.));
#4561=DIRECTION('',(0.,0.,-1.));
#4562=DIRECTION('',(-1.,0.,0.));
#4563=DIRECTION('',(0.,0.,1.));
#4564=DIRECTION('',(0.,0.,1.));
#4565=DIRECTION('',(-1.,0.,0.));
#4566=DIRECTION('',(0.,0.,1.));
#4567=DIRECTION('',(0.,0.,-1.));
#4568=DIRECTION('',(-1.,0.,0.));
#4569=DIRECTION('',(0.,0.,1.));
#4570=DIRECTION('',(-1.,0.,0.));
#4571=DIRECTION('',(0.,0.,-1.));
#4572=DIRECTION('',(-1.,0.,0.));
#4573=DIRECTION('',(0.,0.,1.));
#4574=DIRECTION('',(1.,-1.82328293270835E-16,0.));
#4575=DIRECTION('',(-1.82328293270835E-16,-1.,0.));
#4576=DIRECTION('',(-1.82328293270835E-16,-1.,0.));
#4577=DIRECTION('',(0.,0.,1.));
#4578=DIRECTION('',(0.,0.,1.));
#4579=DIRECTION('',(-1.,0.,0.));
#4580=DIRECTION('',(0.,0.,-1.));
#4581=DIRECTION('',(-1.,0.,0.));
#4582=DIRECTION('',(0.,0.,1.));
#4583=DIRECTION('',(0.,-1.,0.));
#4584=DIRECTION('',(0.,0.,-1.));
#4585=DIRECTION('',(-1.,0.,0.));
#4586=DIRECTION('',(0.,0.,1.));
#4587=DIRECTION('',(-1.,0.,0.));
#4588=DIRECTION('',(0.,0.,1.));
#4589=DIRECTION('',(-1.,0.,0.));
#4590=DIRECTION('',(0.,0.,1.));
#4591=DIRECTION('',(-1.,0.,0.));
#4592=DIRECTION('',(-0.316227766016838,0.,0.948683298050514));
#4593=DIRECTION('',(-0.948683298050514,0.,-0.316227766016838));
#4594=DIRECTION('',(-0.948683298050514,0.,-0.316227766016838));
#4595=DIRECTION('',(0.,0.,1.));
#4596=DIRECTION('',(-1.,0.,0.));
#4597=DIRECTION('',(-1.,0.,0.));
#4598=DIRECTION('',(0.,0.,1.));
#4599=DIRECTION('',(-1.,0.,0.));
#4600=DIRECTION('',(-1.,0.,0.));
#4601=DIRECTION('',(-1.,0.,0.));
#4602=DIRECTION('',(1.,0.,0.));
#4603=DIRECTION('',(0.,0.,1.));
#4604=DIRECTION('',(0.,1.,0.));
#4605=DIRECTION('',(0.,0.,1.));
#4606=DIRECTION('',(0.,1.,0.));
#4607=DIRECTION('',(0.,0.,1.));
#4608=DIRECTION('',(0.,1.,0.));
#4609=DIRECTION('',(0.,0.,1.));
#4610=DIRECTION('',(0.,-1.,0.));
#4611=DIRECTION('',(0.,0.,-1.));
#4612=DIRECTION('',(1.,0.,0.));
#4613=DIRECTION('',(0.,0.,-1.));
#4614=DIRECTION('',(0.,0.,-1.));
#4615=DIRECTION('',(1.,0.,0.));
#4616=DIRECTION('',(0.,0.,1.));
#4617=DIRECTION('',(1.,0.,0.));
#4618=DIRECTION('',(0.,0.,-1.));
#4619=DIRECTION('',(-1.,0.,0.));
#4620=DIRECTION('',(0.,1.,0.));
#4621=DIRECTION('',(0.,0.,1.));
#4622=DIRECTION('',(0.,0.,-1.));
#4623=DIRECTION('',(-1.,0.,0.));
#4624=DIRECTION('',(0.,0.,-1.));
#4625=DIRECTION('',(1.,0.,0.));
#4626=DIRECTION('',(0.,0.,-1.));
#4627=DIRECTION('',(0.,0.,1.));
#4628=DIRECTION('',(1.,0.,0.));
#4629=DIRECTION('',(0.,-1.,0.));
#4630=DIRECTION('',(0.,0.,-1.));
#4631=DIRECTION('',(1.,0.,0.));
#4632=DIRECTION('',(0.,0.,-1.));
#4633=DIRECTION('',(-1.,0.,0.));
#4634=DIRECTION('',(1.,0.,0.));
#4635=DIRECTION('',(0.,0.,-1.));
#4636=DIRECTION('',(0.,0.,-1.));
#4637=DIRECTION('',(0.,-1.,0.));
#4638=DIRECTION('',(0.,0.,-1.));
#4639=DIRECTION('',(0.,-1.,0.));
#4640=DIRECTION('',(0.,0.,-1.));
#4641=DIRECTION('',(0.,0.,-1.));
#4642=DIRECTION('',(-1.,0.,0.));
#4643=DIRECTION('',(-1.,0.,0.));
#4644=DIRECTION('',(0.,0.,1.));
#4645=DIRECTION('',(0.,0.,-1.));
#4646=DIRECTION('',(0.,1.,0.));
#4647=DIRECTION('',(0.,1.,0.));
#4648=DIRECTION('',(0.,0.,1.));
#4649=DIRECTION('',(0.,0.,-1.));
#4650=DIRECTION('',(1.,0.,0.));
#4651=DIRECTION('',(-1.,0.,0.));
#4652=DIRECTION('',(0.,0.,1.));
#4653=DIRECTION('',(0.,0.,-1.));
#4654=DIRECTION('',(0.,1.,0.));
#4655=DIRECTION('',(0.,1.,0.));
#4656=DIRECTION('',(0.,0.,1.));
#4657=DIRECTION('',(1.,0.,0.));
#4658=DIRECTION('',(0.,0.,-1.));
#4659=DIRECTION('',(1.,0.,0.));
#4660=DIRECTION('',(0.,1.,0.));
#4661=DIRECTION('',(0.,0.,1.));
#4662=DIRECTION('',(0.,0.,-1.));
#4663=DIRECTION('',(0.,0.,-1.));
#4664=DIRECTION('',(-1.,0.,0.));
#4665=DIRECTION('',(0.,0.,-1.));
#4666=DIRECTION('',(0.,-1.,0.));
#4667=DIRECTION('',(0.,0.,-1.));
#4668=DIRECTION('',(0.,0.,-1.));
#4669=DIRECTION('',(1.,0.,0.));
#4670=DIRECTION('',(0.,0.,-1.));
#4671=CARTESIAN_POINT('',(0.,0.,0.));
#4672=CARTESIAN_POINT('',(5.20417042793042E-18,-2.50000000000112E-5,0.));
#4673=CARTESIAN_POINT('',(-0.0076,-0.033495,0.));
#4674=CARTESIAN_POINT('',(-0.0076,-0.030245,0.));
#4675=CARTESIAN_POINT('',(-0.00620419378135786,-0.03643,0.));
#4676=CARTESIAN_POINT('',(-0.0093,-0.030245,0.));
#4677=CARTESIAN_POINT('',(-0.011,-0.030245,0.));
#4678=CARTESIAN_POINT('',(-0.011,-2.50000000000112E-5,0.));
#4679=CARTESIAN_POINT('',(-0.011,0.03638,0.));
#4680=CARTESIAN_POINT('',(5.20417042793042E-18,0.03638,0.));
#4681=CARTESIAN_POINT('',(-0.00409217985566782,0.03638,0.));
#4682=CARTESIAN_POINT('',(-9.99999999999907E-5,0.03613,0.));
#4683=CARTESIAN_POINT('',(0.00389217985566784,0.03638,0.));
#4684=CARTESIAN_POINT('',(5.20417042793042E-18,0.03638,0.));
#4685=CARTESIAN_POINT('',(0.011,0.03638,0.));
#4686=CARTESIAN_POINT('',(0.011,-2.50000000000042E-5,0.));
#4687=CARTESIAN_POINT('',(0.011,-0.01898,0.));
#4688=CARTESIAN_POINT('',(0.00835,-0.01898,0.));
#4689=CARTESIAN_POINT('',(0.00835,-0.01898,0.));
#4690=CARTESIAN_POINT('',(0.00835,-2.50000000000042E-5,0.));
#4691=CARTESIAN_POINT('',(0.00835,-0.03643,0.));
#4692=CARTESIAN_POINT('',(5.20417042793042E-18,-0.03643,0.));
#4693=CARTESIAN_POINT('',(-0.0010546875,-0.0316669992845585,0.));
#4694=CARTESIAN_POINT('',(-0.0010546875,-0.0326978152567808,0.));
#4695=CARTESIAN_POINT('',(-0.0010546875,-0.0306361833123364,0.));
#4696=CARTESIAN_POINT('',(-0.0013427734375,-0.0306361833123364,0.));
#4697=CARTESIAN_POINT('',(-0.001630859375,-0.0306361833123364,0.));
#4698=CARTESIAN_POINT('',(-0.001630859375,-0.0331150244581697,0.));
#4699=CARTESIAN_POINT('',(-0.001630859375,-0.035593865604003,0.));
#4700=CARTESIAN_POINT('',(-0.000951063368055555,-0.035593865604003,0.));
#4701=CARTESIAN_POINT('',(-0.000271267361111111,-0.035593865604003,0.));
#4702=CARTESIAN_POINT('',(-0.000271267361111111,-0.035593865604003,0.));
#4703=CARTESIAN_POINT('',(0.000641276041666666,-0.035593865604003,0.));
#4704=CARTESIAN_POINT('',(0.00107693142361111,-0.0352444732428919,0.));
#4705=CARTESIAN_POINT('',(0.00107693142361111,-0.0352444732428919,0.));
#4706=CARTESIAN_POINT('',(0.00107693142361111,-0.0352444732428919,0.));
#4707=CARTESIAN_POINT('',(0.00151258680555555,-0.0348950808817808,0.));
#4708=CARTESIAN_POINT('',(0.00151258680555555,-0.0341930409512253,0.));
#4709=CARTESIAN_POINT('',(0.00151258680555555,-0.0341930409512253,0.));
#4710=CARTESIAN_POINT('',(0.00151258680555555,-0.0341930409512253,0.));
#4711=CARTESIAN_POINT('',(0.00151258680555555,-0.0332099680345585,0.));
#4712=CARTESIAN_POINT('',(0.000515407986111111,-0.0328638308817808,0.));
#4713=CARTESIAN_POINT('',(0.000515407986111109,-0.0328638308817808,0.));
#4714=CARTESIAN_POINT('',(0.00118869357638889,-0.0317500070970586,0.));
#4715=CARTESIAN_POINT('',(0.00186197916666666,-0.0306361833123364,0.));
#4716=CARTESIAN_POINT('',(0.00152126736111111,-0.0306361833123364,0.));
#4717=CARTESIAN_POINT('',(0.00118055555555555,-0.0306361833123364,0.));
#4718=CARTESIAN_POINT('',(0.000580512152777776,-0.0316669992845585,0.));
#4719=CARTESIAN_POINT('',(-1.95312500000005E-5,-0.0326978152567808,0.));
#4720=CARTESIAN_POINT('',(-0.000537109375,-0.0326978152567808,0.));
#4721=CARTESIAN_POINT('',(0.001115,-0.04543,0.00301));
#4722=CARTESIAN_POINT('',(-0.000549999999999979,-0.04543,0.02851));
#4723=CARTESIAN_POINT('',(-0.000549999999999979,-0.04543,0.00601));
#4724=CARTESIAN_POINT('',(-0.000549999999999979,-0.04543,0.00351));
#4725=CARTESIAN_POINT('',(0.001115,-0.04543,0.00601));
#4726=CARTESIAN_POINT('',(-0.00877,-0.04543,0.00601));
#4727=CARTESIAN_POINT('',(-0.00877,-0.04543,0.00301));
#4728=CARTESIAN_POINT('',(-0.00877,-0.04543,0.00351));
#4729=CARTESIAN_POINT('',(0.001115,-0.04543,0.00351));
#4730=CARTESIAN_POINT('',(3.46944695195361E-18,-0.04093,0.00351));
#4731=CARTESIAN_POINT('',(0.00285,-0.04543,0.00351));
#4732=CARTESIAN_POINT('',(0.00285,-0.04203,0.00351));
#4733=CARTESIAN_POINT('',(-0.00877,-0.04373,0.00351));
#4734=CARTESIAN_POINT('',(-0.00877,-0.04203,0.00351));
#4735=CARTESIAN_POINT('',(0.001115,-0.04203,0.00351));
#4736=CARTESIAN_POINT('',(3.46944695195361E-18,0.0044,0.00146));
#4737=CARTESIAN_POINT('',(3.46944695195361E-18,0.04283,0.00146));
#4738=CARTESIAN_POINT('',(-0.011,0.04283,0.00146));
#4739=CARTESIAN_POINT('',(-0.0070321091654214,0.04283,0.00146));
#4740=CARTESIAN_POINT('',(-0.011,0.040805,0.00146));
#4741=CARTESIAN_POINT('',(-0.011,0.04523,0.00146));
#4742=CARTESIAN_POINT('',(-0.00123,0.04523,0.00146));
#4743=CARTESIAN_POINT('',(0.00054000000000001,0.04523,0.00146));
#4744=CARTESIAN_POINT('',(0.000540000000000009,0.04223,0.00146));
#4745=CARTESIAN_POINT('',(0.000540000000000008,0.040078468057361,0.00146));
#4746=CARTESIAN_POINT('',(-9.99999999999907E-5,0.03613,0.00146));
#4747=CARTESIAN_POINT('',(-0.00409217985566782,0.03638,0.00146));
#4748=CARTESIAN_POINT('',(5.20417042793042E-18,0.03638,0.00146));
#4749=CARTESIAN_POINT('',(-0.0076,0.03638,0.00146));
#4750=CARTESIAN_POINT('',(-0.0076,0.03963,0.00146));
#4751=CARTESIAN_POINT('',(-0.0114781351372622,-0.032745,-0.0898091933145628));
#4752=CARTESIAN_POINT('',(5.20417042793042E-18,-0.032745,0.00411));
#4753=CARTESIAN_POINT('',(-0.00958824671507332,-0.032745,0.00411));
#4754=CARTESIAN_POINT('',(-0.011,-0.032745,0.00411));
#4755=CARTESIAN_POINT('',(-0.00958824671507332,-0.032745,-0.0898091933145628));
#4756=CARTESIAN_POINT('',(-0.00958824671507332,-0.032745,0.00501));
#4757=CARTESIAN_POINT('',(-0.0114781351372622,-0.032745,0.00501));
#4758=CARTESIAN_POINT('',(-0.011,-0.032745,0.00501));
#4759=CARTESIAN_POINT('',(-0.011,-0.032745,0.00146));
#4760=CARTESIAN_POINT('',(-0.0114781351372622,-0.034245,-0.0898091933145628));
#4761=CARTESIAN_POINT('',(-0.00958824671507332,-0.034245,-0.0898091933145628));
#4762=CARTESIAN_POINT('',(-0.00958824671507332,-0.034245,0.00411));
#4763=CARTESIAN_POINT('',(-0.00958824671507331,-0.034245,0.00501));
#4764=CARTESIAN_POINT('',(5.20417042793042E-18,-0.034245,0.00411));
#4765=CARTESIAN_POINT('',(-0.011,-0.034245,0.00411));
#4766=CARTESIAN_POINT('',(-0.011,-0.034245,0.00146));
#4767=CARTESIAN_POINT('',(-0.011,-0.034245,0.00501));
#4768=CARTESIAN_POINT('',(-0.0114781351372622,-0.034245,0.00501));
#4769=CARTESIAN_POINT('',(-0.0076,-0.033495,-0.0898091933145628));
#4770=CARTESIAN_POINT('',(-0.0076,-0.033495,0.00411));
#4771=CARTESIAN_POINT('',(-0.0076,-0.033495,0.00501));
#4772=CARTESIAN_POINT('',(-0.0115965169467054,0.04038,-0.0898091933145628));
#4773=CARTESIAN_POINT('',(-0.0102941233575367,0.04038,0.00411));
#4774=CARTESIAN_POINT('',(-0.011,0.04038,0.00411));
#4775=CARTESIAN_POINT('',(-0.00958824671507333,0.04038,0.00411));
#4776=CARTESIAN_POINT('',(-0.00958824671507333,0.04038,-0.0898091933145628));
#4777=CARTESIAN_POINT('',(-0.00958824671507333,0.04038,0.00501));
#4778=CARTESIAN_POINT('',(-0.0115965169467054,0.04038,0.00501));
#4779=CARTESIAN_POINT('',(-0.011,0.04038,0.00501));
#4780=CARTESIAN_POINT('',(-0.011,0.04038,0.00146));
#4781=CARTESIAN_POINT('',(-0.0115965169467054,0.03888,-0.0898091933145628));
#4782=CARTESIAN_POINT('',(-0.00958824671507333,0.03888,-0.0898091933145628));
#4783=CARTESIAN_POINT('',(-0.00958824671507333,0.03888,0.00411));
#4784=CARTESIAN_POINT('',(-0.00958824671507333,0.03888,0.00501));
#4785=CARTESIAN_POINT('',(-0.0102941233575367,0.03888,0.00411));
#4786=CARTESIAN_POINT('',(-0.011,0.03888,0.00411));
#4787=CARTESIAN_POINT('',(-0.011,0.03888,0.00146));
#4788=CARTESIAN_POINT('',(-0.011,0.03888,0.00501));
#4789=CARTESIAN_POINT('',(-0.0115965169467054,0.03888,0.00501));
#4790=CARTESIAN_POINT('',(-0.0076,0.03963,-0.0898091933145628));
#4791=CARTESIAN_POINT('',(-0.0076,0.03963,0.00411));
#4792=CARTESIAN_POINT('',(-0.0076,0.03963,0.00501));
#4793=CARTESIAN_POINT('',(-0.011,-2.50000000000112E-5,0.00146));
#4794=CARTESIAN_POINT('',(-0.011,0.03763,0.00411));
#4795=CARTESIAN_POINT('',(-0.011,0.03638,0.00411));
#4796=CARTESIAN_POINT('',(-0.011,0.03638,0.00146));
#4797=CARTESIAN_POINT('',(-0.011,-0.030245,0.00411));
#4798=CARTESIAN_POINT('',(-0.011,-0.030245,0.00411));
#4799=CARTESIAN_POINT('',(-0.011,-2.50000000000112E-5,0.00411));
#4800=CARTESIAN_POINT('',(-0.011,-2.50000000000112E-5,0.00501));
#4801=CARTESIAN_POINT('',(-0.011,-0.030245,0.00501));
#4802=CARTESIAN_POINT('',(-0.011,-0.030245,0.00146));
#4803=CARTESIAN_POINT('',(-0.011,-0.030245,0.00601));
#4804=CARTESIAN_POINT('',(-0.011,0.040805,0.00601));
#4805=CARTESIAN_POINT('',(-0.011,0.03638,0.00601));
#4806=CARTESIAN_POINT('',(-0.011,0.03638,0.00146));
#4807=CARTESIAN_POINT('',(-0.011,0.03638,0.00501));
#4808=CARTESIAN_POINT('',(-0.011,-2.50000000000112E-5,0.00501));
#4809=CARTESIAN_POINT('',(-0.011,-2.50000000000112E-5,0.00146));
#4810=CARTESIAN_POINT('',(-0.011,-0.035495,0.00411));
#4811=CARTESIAN_POINT('',(-0.011,-0.036745,0.00411));
#4812=CARTESIAN_POINT('',(-0.011,-0.036745,0.00411));
#4813=CARTESIAN_POINT('',(-0.011,-0.036745,0.00301));
#4814=CARTESIAN_POINT('',(-0.011,-0.03923,0.00301));
#4815=CARTESIAN_POINT('',(-0.011,-0.04203,0.00301));
#4816=CARTESIAN_POINT('',(-0.011,-0.04203,0.00301));
#4817=CARTESIAN_POINT('',(-0.011,-0.04203,0.00601));
#4818=CARTESIAN_POINT('',(-0.011,0.040805,0.00601));
#4819=CARTESIAN_POINT('',(-0.011,-0.036745,0.00601));
#4820=CARTESIAN_POINT('',(-0.011,-0.036745,0.00146));
#4821=CARTESIAN_POINT('',(-0.011,-0.036745,0.00501));
#4822=CARTESIAN_POINT('',(-0.011,-2.50000000000112E-5,0.00501));
#4823=CARTESIAN_POINT('',(-0.0076,-0.033495,0.00501));
#4824=CARTESIAN_POINT('',(-0.0076,-0.030245,0.005008));
#4825=CARTESIAN_POINT('',(-0.0076,-0.030245,0.00501));
#4826=CARTESIAN_POINT('',(-0.0076,-0.030245,0.00601));
#4827=CARTESIAN_POINT('',(-0.0076,-0.033495,0.00501));
#4828=CARTESIAN_POINT('',(-0.0076,-0.036745,0.00501));
#4829=CARTESIAN_POINT('',(-0.0076,-0.036745,0.005008));
#4830=CARTESIAN_POINT('',(-0.0076,-0.036745,0.00601));
#4831=CARTESIAN_POINT('',(-0.0076,-0.033495,0.00601));
#4832=CARTESIAN_POINT('',(-0.00435,-0.033495,0.00601));
#4833=CARTESIAN_POINT('',(-0.00435,-0.033495,0.006008));
#4834=CARTESIAN_POINT('',(-0.00435,-0.033495,0.00733));
#4835=CARTESIAN_POINT('',(-0.0076,-0.033495,0.00733));
#4836=CARTESIAN_POINT('',(-0.0057,-0.0308582406253129,0.00733));
#4837=CARTESIAN_POINT('',(-0.0057,-0.0308582406253129,0.00501));
#4838=CARTESIAN_POINT('',(-0.0057,-0.0308582406253129,0.00601));
#4839=CARTESIAN_POINT('',(-0.0076,-0.033495,0.00601));
#4840=CARTESIAN_POINT('',(3.46944695195361E-18,0.0044,0.00601));
#4841=CARTESIAN_POINT('',(0.00285,-0.04543,0.00601));
#4842=CARTESIAN_POINT('',(0.00625,-0.04543,0.00601));
#4843=CARTESIAN_POINT('',(0.001115,-0.04543,0.00601));
#4844=CARTESIAN_POINT('',(0.00715243651677594,-0.04543,0.00601));
#4845=CARTESIAN_POINT('',(0.00715243651677594,-0.06238,0.00601));
#4846=CARTESIAN_POINT('',(0.00715243651677594,-0.03738,0.00601));
#4847=CARTESIAN_POINT('',(0.00265,-0.03738,0.00601));
#4848=CARTESIAN_POINT('',(-0.00435,-0.03738,0.00601));
#4849=CARTESIAN_POINT('',(-0.00435,-0.0361942266057844,0.00601));
#4850=CARTESIAN_POINT('',(-0.0105053973606885,-0.036745,0.00601));
#4851=CARTESIAN_POINT('',(-0.009885,-0.04203,0.00601));
#4852=CARTESIAN_POINT('',(-0.00877,-0.04203,0.00601));
#4853=CARTESIAN_POINT('',(-0.00877,-0.04373,0.00601));
#4854=CARTESIAN_POINT('',(3.46944695195361E-18,0.0044,0.00601));
#4855=CARTESIAN_POINT('',(-0.0105053973606885,-0.030245,0.00601));
#4856=CARTESIAN_POINT('',(-0.0057,-0.003225,0.00601));
#4857=CARTESIAN_POINT('',(-0.0057,0.0307004512158007,0.00601));
#4858=CARTESIAN_POINT('',(-9.99999999999907E-5,0.03613,0.00601));
#4859=CARTESIAN_POINT('',(0.00571377674149945,0.03093,0.00601));
#4860=CARTESIAN_POINT('',(0.00265,0.03093,0.00601));
#4861=CARTESIAN_POINT('',(0.00571877048671549,0.03093,0.00601));
#4862=CARTESIAN_POINT('',(0.00727174424148582,0.00483272050485298,0.00601));
#4863=CARTESIAN_POINT('',(0.0050701429571623,0.04183,0.00601));
#4864=CARTESIAN_POINT('',(-0.01646,0.04183,0.00601));
#4865=CARTESIAN_POINT('',(-0.00520782525721884,0.04183,0.00601));
#4866=CARTESIAN_POINT('',(-0.0076,0.03963,0.00601));
#4867=CARTESIAN_POINT('',(-0.0076,0.03638,0.00601));
#4868=CARTESIAN_POINT('',(-0.010376795351182,0.03638,0.00601));
#4869=CARTESIAN_POINT('',(-9.99999999999907E-5,0.03613,0.00601));
#4870=CARTESIAN_POINT('',(0.00390000000000001,0.03613,0.00601));
#4871=CARTESIAN_POINT('',(-0.011,-2.50000000000112E-5,0.00146));
#4872=CARTESIAN_POINT('',(-0.011,0.04283,0.00411));
#4873=CARTESIAN_POINT('',(-0.011,0.04283,0.00411));
#4874=CARTESIAN_POINT('',(-0.011,0.041605,0.00411));
#4875=CARTESIAN_POINT('',(-0.011,-2.50000000000112E-5,0.00501));
#4876=CARTESIAN_POINT('',(-0.011,0.04283,0.00501));
#4877=CARTESIAN_POINT('',(-0.011,0.0231775,0.0246625));
#4878=CARTESIAN_POINT('',(-0.011,0.04523,0.00261));
#4879=CARTESIAN_POINT('',(-0.011,0.04523,0.00601));
#4880=CARTESIAN_POINT('',(-0.01646,0.04353,0.00431));
#4881=CARTESIAN_POINT('',(-0.01646,0.04283,0.00501));
#4882=CARTESIAN_POINT('',(-0.00703210916541999,0.04283,0.00501));
#4883=CARTESIAN_POINT('',(-0.0076,0.03963,0.00821));
#4884=CARTESIAN_POINT('',(0.00368950574599819,0.0413604742217961,0.00647952577820388));
#4885=CARTESIAN_POINT('',(0.00854,0.043010025654184,0.00482997434581609));
#4886=CARTESIAN_POINT('',(0.00854,0.04353,0.00431));
#4887=CARTESIAN_POINT('',(0.00854,0.04523,0.00261));
#4888=CARTESIAN_POINT('',(-0.01646,0.04523,0.00261));
#4889=CARTESIAN_POINT('',(-0.0076,0.03963,0.00501));
#4890=CARTESIAN_POINT('',(-0.0076,0.03638,0.005008));
#4891=CARTESIAN_POINT('',(-0.0076,0.03638,0.00501));
#4892=CARTESIAN_POINT('',(-0.0076,0.03963,0.00501));
#4893=CARTESIAN_POINT('',(3.46944695195361E-18,-0.000100000000000003,0.00733));
#4894=CARTESIAN_POINT('',(-0.00435,-0.0361942266057844,0.00733));
#4895=CARTESIAN_POINT('',(-0.00435,-0.03738,0.00733));
#4896=CARTESIAN_POINT('',(0.00265,-0.03738,0.00733));
#4897=CARTESIAN_POINT('',(0.00715243651677594,-0.03738,0.00733));
#4898=CARTESIAN_POINT('',(0.00715243651677598,-0.0190209449671002,0.00733));
#4899=CARTESIAN_POINT('',(0.00715243651677598,-0.0190209449671002,0.00733));
#4900=CARTESIAN_POINT('',(0.00600524057405527,0.000257354528249729,0.00733));
#4901=CARTESIAN_POINT('',(0.00707721100427011,-0.0177568017586266,0.00733));
#4902=CARTESIAN_POINT('',(0.0066,-0.014795,0.00733));
#4903=CARTESIAN_POINT('',(0.0066,-0.017795,0.00733));
#4904=CARTESIAN_POINT('',(0.0036,-0.017795,0.00733));
#4905=CARTESIAN_POINT('',(0.0006,-0.017795,0.00733));
#4906=CARTESIAN_POINT('',(0.0006,-0.014795,0.00733));
#4907=CARTESIAN_POINT('',(-0.0024,-0.014795,0.00733));
#4908=CARTESIAN_POINT('',(-0.0024,0.001855,0.00733));
#4909=CARTESIAN_POINT('',(-0.0024,0.018505,0.00733));
#4910=CARTESIAN_POINT('',(0.0006,0.018505,0.00733));
#4911=CARTESIAN_POINT('',(0.0006,0.021505,0.00733));
#4912=CARTESIAN_POINT('',(0.0036,0.021505,0.00733));
#4913=CARTESIAN_POINT('',(0.00474085453816871,0.021505,0.00733));
#4914=CARTESIAN_POINT('',(0.00600524057405527,0.000257354528249729,0.00733));
#4915=CARTESIAN_POINT('',(0.00425560973511517,0.0296594000405395,0.00733));
#4916=CARTESIAN_POINT('',(-9.99999999999907E-5,0.03613,0.00733));
#4917=CARTESIAN_POINT('',(-0.0057,0.0307004512158007,0.00733));
#4918=CARTESIAN_POINT('',(-0.0057,-0.003225,0.00733));
#4919=CARTESIAN_POINT('',(0.00265,-0.03738,0.00733));
#4920=CARTESIAN_POINT('',(-0.00435,-0.03738,0.00733));
#4921=CARTESIAN_POINT('',(0.00837080663606116,-0.03738,0.00560387662690493));
#4922=CARTESIAN_POINT('',(0.00835,-0.03738,0.00561081217225864));
#4923=CARTESIAN_POINT('',(0.00835,-0.03738,0.00733));
#4924=CARTESIAN_POINT('',(0.00835,-0.03738,0.00693081217225865));
#4925=CARTESIAN_POINT('',(0.0031002436516776,-0.03738,0.00868073095503278));
#4926=CARTESIAN_POINT('',(0.00835,-0.0031,0.003665));
#4927=CARTESIAN_POINT('',(0.00835,-0.0031,0.00561081217225864));
#4928=CARTESIAN_POINT('',(0.00835,-0.04543,0.00561081217225864));
#4929=CARTESIAN_POINT('',(0.00835,-0.04543,0.00301));
#4930=CARTESIAN_POINT('',(0.00835,-0.04543,0.00351));
#4931=CARTESIAN_POINT('',(0.00835,-0.04093,0.00351));
#4932=CARTESIAN_POINT('',(0.00835,-0.04203,0.00351));
#4933=CARTESIAN_POINT('',(0.00835,-0.04203,0.00351));
#4934=CARTESIAN_POINT('',(0.00835,-0.04203,0.00301));
#4935=CARTESIAN_POINT('',(0.00835,-0.04093,0.00301));
#4936=CARTESIAN_POINT('',(0.00835,-0.03643,0.00301));
#4937=CARTESIAN_POINT('',(0.00835,-0.03643,0.00146));
#4938=CARTESIAN_POINT('',(0.00835,-0.01898,0.00073));
#4939=CARTESIAN_POINT('',(0.00835,-0.01898,0.00693));
#4940=CARTESIAN_POINT('',(0.00835,-0.0030415075077402,0.00661384877645087));
#4941=CARTESIAN_POINT('',(0.00835,-0.0190209449671002,0.00693081217225865));
#4942=CARTESIAN_POINT('',(0.00835,-0.0190209449671002,0.00693081217225865));
#4943=CARTESIAN_POINT('',(0.001115,-0.04543,0.00301));
#4944=CARTESIAN_POINT('',(0.00625,-0.04543,0.02851));
#4945=CARTESIAN_POINT('',(0.00625,-0.04543,0.00351));
#4946=CARTESIAN_POINT('',(0.001115,-0.04543,0.00351));
#4947=CARTESIAN_POINT('',(0.0026187436516776,-0.04543,0.00752123095503278));
#4948=CARTESIAN_POINT('',(3.46944695195361E-18,0.0044,0.00146));
#4949=CARTESIAN_POINT('',(5.20417042793042E-18,0.03638,0.00146));
#4950=CARTESIAN_POINT('',(0.00389217985566784,0.03638,0.00146));
#4951=CARTESIAN_POINT('',(0.011,0.03638,0.00146));
#4952=CARTESIAN_POINT('',(-9.99999999999907E-5,0.03613,0.00146));
#4953=CARTESIAN_POINT('',(0.00242784493195292,0.03923,0.00146));
#4954=CARTESIAN_POINT('',(0.00977,0.03923,0.00146));
#4955=CARTESIAN_POINT('',(0.011,0.03923,0.00146));
#4956=CARTESIAN_POINT('',(0.011,0.037805,0.00146));
#4957=CARTESIAN_POINT('',(5.20417042793042E-18,0.03638,0.00146));
#4958=CARTESIAN_POINT('',(-0.00409217985566782,0.03638,-0.01767));
#4959=CARTESIAN_POINT('',(5.20417042793042E-18,0.03638,0.00411));
#4960=CARTESIAN_POINT('',(-0.0076,0.03638,0.00411));
#4961=CARTESIAN_POINT('',(-0.0076,0.03638,0.00411));
#4962=CARTESIAN_POINT('',(0.00736169769737569,0.00124985302826914,0.00685816071882736));
#4963=CARTESIAN_POINT('',(0.002803,0.03093,0.007789));
#4964=CARTESIAN_POINT('',(0.00571377674149945,0.03093,0.00681874108616685));
#4965=CARTESIAN_POINT('',(0.011,0.03093,0.00505666666666667));
#4966=CARTESIAN_POINT('',(-9.99999999999907E-5,0.03613,0.00865352100447472));
#4967=CARTESIAN_POINT('',(0.00724116516580678,0.021505,0.00649656312412064));
#4968=CARTESIAN_POINT('',(0.0066,0.021505,0.00671028484605624));
#4969=CARTESIAN_POINT('',(0.0066,0.018505,0.00676979195885928));
#4970=CARTESIAN_POINT('',(0.0096,0.018505,0.00576979195885928));
#4971=CARTESIAN_POINT('',(0.0096,0.00123505941471395,0.00611235339302945));
#4972=CARTESIAN_POINT('',(0.0096,-0.014795,0.00643032091097309));
#4973=CARTESIAN_POINT('',(0.0066,-0.014795,0.00743032091097309));
#4974=CARTESIAN_POINT('',(0.0101502436516776,-0.0190209449671002,0.00633073095503278));
#4975=CARTESIAN_POINT('',(0.0134305,-0.01898,0.0052365));
#4976=CARTESIAN_POINT('',(0.01315,-0.01898,0.00533));
#4977=CARTESIAN_POINT('',(0.01315,-0.00307323215234325,0.00501447805711921));
#4978=CARTESIAN_POINT('',(0.01315,-0.00958,0.00514354437988379));
#4979=CARTESIAN_POINT('',(0.0133745633139651,-0.00958,0.00506868994189541));
#4980=CARTESIAN_POINT('',(0.011,-0.00958,0.00586021104655046));
#4981=CARTESIAN_POINT('',(0.011,5.8488971777631E-5,0.00566902482971896));
#4982=CARTESIAN_POINT('',(0.011,0.00187,0.0056330922326855));
#4983=CARTESIAN_POINT('',(0.0133064276698057,0.00187,0.00486428300941695));
#4984=CARTESIAN_POINT('',(0.01315,0.00187,0.00491642556601883));
#4985=CARTESIAN_POINT('',(0.01315,-0.00307323215234325,0.00501447805711921));
#4986=CARTESIAN_POINT('',(0.01315,0.02143,0.00452843919054298));
#4987=CARTESIAN_POINT('',(0.0131900317571629,0.02143,0.00451509527148868));
#4988=CARTESIAN_POINT('',(0.011,0.02143,0.00524510585720964));
#4989=CARTESIAN_POINT('',(0.011,5.8488971777631E-5,0.00566902482971896));
#4990=CARTESIAN_POINT('',(0.00693872220016549,0.03093,0.00560334942885));
#4991=CARTESIAN_POINT('',(0.00693872220016549,0.03093,0.00560334942885));
#4992=CARTESIAN_POINT('',(0.011,0.03093,0.0042495901622385));
#4993=CARTESIAN_POINT('',(0.011,4.24863372335953E-5,0.00486226574881711));
#4994=CARTESIAN_POINT('',(0.011,0.03923,0.00408495381681673));
#4995=CARTESIAN_POINT('',(0.00931548614504503,0.03923,0.00464645843513506));
#4996=CARTESIAN_POINT('',(0.00854,0.03923,0.00490495381681673));
#4997=CARTESIAN_POINT('',(0.00854,0.0422069093503522,0.00484590472331145));
#4998=CARTESIAN_POINT('',(-0.00123,0.04523,0.00601));
#4999=CARTESIAN_POINT('',(0.00854,0.04523,0.00601));
#5000=CARTESIAN_POINT('',(0.00854,0.04523,0.00196));
#5001=CARTESIAN_POINT('',(-0.00123,0.04523,0.00196));
#5002=CARTESIAN_POINT('',(0.00054000000000001,0.04523,0.00196));
#5003=CARTESIAN_POINT('',(0.00054000000000001,0.04523,0.00196));
#5004=CARTESIAN_POINT('',(0.011,-2.50000000000042E-5,0.00146));
#5005=CARTESIAN_POINT('',(0.011,0.03093,0.00146));
#5006=CARTESIAN_POINT('',(0.011,0.02143,0.004395));
#5007=CARTESIAN_POINT('',(0.011,0.02143,0.00146));
#5008=CARTESIAN_POINT('',(0.011,0.01165,0.00146));
#5009=CARTESIAN_POINT('',(0.011,0.00187,0.00146));
#5010=CARTESIAN_POINT('',(0.011,0.00187,0.004395));
#5011=CARTESIAN_POINT('',(0.011,-0.00958,0.004395));
#5012=CARTESIAN_POINT('',(0.011,-0.00958,0.00146));
#5013=CARTESIAN_POINT('',(0.011,-0.01428,0.00146));
#5014=CARTESIAN_POINT('',(0.011,-0.01898,0.00146));
#5015=CARTESIAN_POINT('',(0.011,-0.01898,0.00073));
#5016=CARTESIAN_POINT('',(0.011,0.03638,0.00146));
#5017=CARTESIAN_POINT('',(0.011,0.03923,0.00601));
#5018=CARTESIAN_POINT('',(3.46944695195361E-18,-0.000100000000000003,0.00301));
#5019=CARTESIAN_POINT('',(3.46944695195361E-18,-0.036745,0.00301));
#5020=CARTESIAN_POINT('',(-0.0076,-0.036745,0.00301));
#5021=CARTESIAN_POINT('',(-0.0076,-0.033495,0.00301));
#5022=CARTESIAN_POINT('',(-0.00620419378135786,-0.03643,0.00301));
#5023=CARTESIAN_POINT('',(5.2035396193937E-18,-0.03643,0.00301));
#5024=CARTESIAN_POINT('',(-0.009885,-0.04203,0.00301));
#5025=CARTESIAN_POINT('',(5.20417042793042E-18,-0.03643,0.00146));
#5026=CARTESIAN_POINT('',(-0.00620419378135786,-0.03643,0.00411));
#5027=CARTESIAN_POINT('',(-0.009885,-0.04203,0.00301));
#5028=CARTESIAN_POINT('',(0.001115,-0.04203,0.00351));
#5029=CARTESIAN_POINT('',(-0.00877,-0.04203,0.00301));
#5030=CARTESIAN_POINT('',(3.46944695195361E-18,-0.04093,0.00351));
#5031=CARTESIAN_POINT('',(0.00285,-0.04543,0.00351));
#5032=CARTESIAN_POINT('',(-0.00877,-0.04373,0.00301));
#5033=CARTESIAN_POINT('',(5.20417042793042E-18,0.03638,0.00146));
#5034=CARTESIAN_POINT('',(0.00389217985566784,0.03638,-0.01767));
#5035=CARTESIAN_POINT('',(0.00977,0.03923,0.00601));
#5036=CARTESIAN_POINT('',(0.00242784493195292,0.03923,-0.01767));
#5037=CARTESIAN_POINT('',(0.00242784493195292,0.03923,0.00196));
#5038=CARTESIAN_POINT('',(0.00454,0.03923,0.00196));
#5039=CARTESIAN_POINT('',(0.00854,0.03923,0.00196));
#5040=CARTESIAN_POINT('',(0.00854,0.03923,0.00601));
#5041=CARTESIAN_POINT('',(0.00854,0.04223,0.00601));
#5042=CARTESIAN_POINT('',(0.00854,0.04223,0.00196));
#5043=CARTESIAN_POINT('',(0.000540000000000009,0.04223,0.00196));
#5044=CARTESIAN_POINT('',(0.000540000000000009,0.04223,0.00196));
#5045=CARTESIAN_POINT('',(0.000540000000000008,0.040078468057361,0.00196));
#5046=CARTESIAN_POINT('',(0.000540000000000008,0.040078468057361,-0.01767));
#5047=CARTESIAN_POINT('',(3.46944695195361E-18,0.040805,0.00196));
#5048=CARTESIAN_POINT('',(-9.99999999999907E-5,0.03613,0.00196));
#5049=CARTESIAN_POINT('',(0.00265,0.03093,0.00733));
#5050=CARTESIAN_POINT('',(0.00571377674149945,0.03093,0.006008));
#5051=CARTESIAN_POINT('',(-0.0057,-0.003225,0.00733));
#5052=CARTESIAN_POINT('',(-0.0057,0.0307004512158007,0.006008));
#5053=CARTESIAN_POINT('',(0.01315,-0.01898,0.004395));
#5054=CARTESIAN_POINT('',(0.01315,-0.01898,0.00146));
#5055=CARTESIAN_POINT('',(0.01315,-0.01898,0.00146));
#5056=CARTESIAN_POINT('',(0.01315,-0.01898,0.004395));
#5057=CARTESIAN_POINT('',(0.01315,-0.01428,0.00146));
#5058=CARTESIAN_POINT('',(0.01315,-0.00958,0.00146));
#5059=CARTESIAN_POINT('',(0.01315,-0.00958,0.00146));
#5060=CARTESIAN_POINT('',(0.01315,-0.01428,0.00146));
#5061=CARTESIAN_POINT('',(0.01315,-0.00958,0.004395));
#5062=CARTESIAN_POINT('',(0.01315,-0.00958,0.004395));
#5063=CARTESIAN_POINT('',(0.01315,-0.0031,0.003665));
#5064=CARTESIAN_POINT('',(0.01315,0.00187,0.004395));
#5065=CARTESIAN_POINT('',(0.01315,0.00187,0.004395));
#5066=CARTESIAN_POINT('',(0.01315,0.00187,0.00146));
#5067=CARTESIAN_POINT('',(0.01315,0.00187,0.00146));
#5068=CARTESIAN_POINT('',(0.01315,0.01165,0.00146));
#5069=CARTESIAN_POINT('',(0.01315,0.02143,0.00146));
#5070=CARTESIAN_POINT('',(0.01315,0.02143,0.00146));
#5071=CARTESIAN_POINT('',(0.01315,0.01165,0.00146));
#5072=CARTESIAN_POINT('',(0.01315,0.02143,0.004395));
#5073=CARTESIAN_POINT('',(0.01315,0.02143,0.004395));
#5074=CARTESIAN_POINT('',(0.01315,-0.0031,0.003665));
#5075=CARTESIAN_POINT('',(0.0101502436516776,-0.0190209449671002,0.00633073095503278));
#5076=CARTESIAN_POINT('',(0.0096,0.001855,0.00433));
#5077=CARTESIAN_POINT('',(0.0096,0.018505,0.00433));
#5078=CARTESIAN_POINT('',(0.0096,0.018505,0.00433));
#5079=CARTESIAN_POINT('',(0.0096,0.001855,0.00433));
#5080=CARTESIAN_POINT('',(0.0096,-0.014795,0.00433));
#5081=CARTESIAN_POINT('',(0.0096,-0.014795,0.00433));
#5082=CARTESIAN_POINT('',(0.0066,0.018505,0.00433));
#5083=CARTESIAN_POINT('',(0.0066,0.021505,0.00433));
#5084=CARTESIAN_POINT('',(0.0066,0.021505,0.00433));
#5085=CARTESIAN_POINT('',(0.0066,0.018505,0.00433));
#5086=CARTESIAN_POINT('',(0.0036,0.021505,0.00433));
#5087=CARTESIAN_POINT('',(0.0006,0.021505,0.00433));
#5088=CARTESIAN_POINT('',(0.0006,0.021505,0.00433));
#5089=CARTESIAN_POINT('',(0.0036,0.021505,0.00433));
#5090=CARTESIAN_POINT('',(0.0066,-0.014795,0.00433));
#5091=CARTESIAN_POINT('',(0.0066,-0.014795,0.00433));
#5092=CARTESIAN_POINT('',(0.0066,-0.017795,0.00433));
#5093=CARTESIAN_POINT('',(0.0066,-0.017795,0.00433));
#5094=CARTESIAN_POINT('',(0.0006,0.018505,0.00433));
#5095=CARTESIAN_POINT('',(-0.0024,0.018505,0.00433));
#5096=CARTESIAN_POINT('',(-0.0024,0.018505,0.00433));
#5097=CARTESIAN_POINT('',(0.0006,0.018505,0.00433));
#5098=CARTESIAN_POINT('',(-0.0024,0.001855,0.00433));
#5099=CARTESIAN_POINT('',(-0.0024,-0.014795,0.00433));
#5100=CARTESIAN_POINT('',(-0.0024,-0.014795,0.00433));
#5101=CARTESIAN_POINT('',(-0.0024,0.001855,0.00433));
#5102=CARTESIAN_POINT('',(0.0006,-0.014795,0.00433));
#5103=CARTESIAN_POINT('',(0.0006,-0.017795,0.00433));
#5104=CARTESIAN_POINT('',(0.0006,-0.017795,0.00433));
#5105=CARTESIAN_POINT('',(0.0006,-0.014795,0.00433));
#5106=CARTESIAN_POINT('',(0.0036,-0.017795,0.00433));
#5107=CARTESIAN_POINT('',(0.0036,-0.017795,0.00433));
#5108=CARTESIAN_POINT('',(0.00195,-0.003225,0.00433));
#5109=CARTESIAN_POINT('',(-9.99999999999907E-5,0.03613,-0.01767));
#5110=CARTESIAN_POINT('',(-9.99999999999907E-5,0.03613,0.006008));
#5111=CARTESIAN_POINT('',(0.00837080663606116,-0.06238,0.00560387662690493));
#5112=CARTESIAN_POINT('',(-0.00184878174161199,0.00275,0.00501));
#5113=CARTESIAN_POINT('',(-0.010376795351182,0.03638,0.00501));
#5114=CARTESIAN_POINT('',(-0.00184878174161199,0.00275,0.00501));
#5115=CARTESIAN_POINT('',(-0.0105053973606885,-0.036745,0.00501));
#5116=CARTESIAN_POINT('',(-0.0105053973606885,-0.030245,0.00501));
#5117=CARTESIAN_POINT('',(-0.00435,-0.0361942266057844,0.006008));
#5118=CARTESIAN_POINT('',(-0.010376795351182,0.03638,0.005008));
#5119=CARTESIAN_POINT('',(-0.0105053973606885,-0.030245,0.005008));
#5120=CARTESIAN_POINT('',(-0.0105053973606885,-0.036745,0.005008));
#5121=CARTESIAN_POINT('',(-0.0090160545827107,0.04283,0.00411));
#5122=CARTESIAN_POINT('',(-0.0070321091654214,0.04283,0.00411));
#5123=CARTESIAN_POINT('',(-0.0070321091654214,0.04283,0.00411));
#5124=CARTESIAN_POINT('',(-0.0090160545827107,0.04283,0.00411));
#5125=CARTESIAN_POINT('',(-0.0076,0.03963,0.00411));
#5126=CARTESIAN_POINT('',(-0.0076,0.03963,0.00411));
#5127=CARTESIAN_POINT('',(3.46944695195361E-18,0.0030425,0.00411));
#5128=CARTESIAN_POINT('',(-0.0093,-0.036745,0.00411));
#5129=CARTESIAN_POINT('',(-0.0093,-0.036745,0.00411));
#5130=CARTESIAN_POINT('',(-0.0076,-0.036745,0.00411));
#5131=CARTESIAN_POINT('',(-0.0076,-0.036745,0.00411));
#5132=CARTESIAN_POINT('',(-0.0076,-0.033495,0.00411));
#5133=CARTESIAN_POINT('',(-0.0076,-0.033495,0.00411));
#5134=CARTESIAN_POINT('',(-0.0076,-0.030245,0.00411));
#5135=CARTESIAN_POINT('',(-0.0076,-0.030245,0.00411));
#5136=CARTESIAN_POINT('',(-0.0093,-0.030245,0.00411));
#5137=CARTESIAN_POINT('',(-0.0093,-0.030245,0.00411));
#5138=CARTESIAN_POINT('',(3.46944695195361E-18,0.0030425,0.00411));
#5139=CARTESIAN_POINT('',(0.00285,-0.04543,0.02851));
#5140=CARTESIAN_POINT('',(-0.0006591796875,-0.0331926069234474,0.0004));
#5141=CARTESIAN_POINT('',(-0.0006591796875,-0.0331926069234474,0.));
#5142=CARTESIAN_POINT('',(-0.0010546875,-0.0331926069234474,0.));
#5143=CARTESIAN_POINT('',(-0.000263671875,-0.0331926069234474,0.));
#5144=CARTESIAN_POINT('',(-0.0010546875,-0.0331926069234474,0.0004));
#5145=CARTESIAN_POINT('',(-0.0010546875,-0.0331926069234474,0.0004));
#5146=CARTESIAN_POINT('',(-0.0006591796875,-0.0331926069234474,0.0004));
#5147=CARTESIAN_POINT('',(-0.000263671875,-0.0331926069234474,0.0004));
#5148=CARTESIAN_POINT('',(-0.000263671875,-0.0331926069234474,0.0004));
#5149=CARTESIAN_POINT('',(-0.0010546875,-0.0341404150831697,0.0004));
#5150=CARTESIAN_POINT('',(-0.0010546875,-0.0341404150831697,0.));
#5151=CARTESIAN_POINT('',(-0.0010546875,-0.0350882232428919,0.));
#5152=CARTESIAN_POINT('',(-0.0010546875,-0.0350882232428919,0.0004));
#5153=CARTESIAN_POINT('',(-0.0010546875,-0.0350882232428919,0.0004));
#5154=CARTESIAN_POINT('',(-0.0010546875,-0.0341404150831697,0.0004));
#5155=CARTESIAN_POINT('',(-0.000679796006944444,-0.0350882232428919,0.0004));
#5156=CARTESIAN_POINT('',(-0.000679796006944444,-0.0350882232428919,0.));
#5157=CARTESIAN_POINT('',(-0.000304904513888889,-0.0350882232428919,0.));
#5158=CARTESIAN_POINT('',(-0.000304904513888889,-0.0350882232428919,0.0004));
#5159=CARTESIAN_POINT('',(-0.000304904513888889,-0.0350882232428919,0.0004));
#5160=CARTESIAN_POINT('',(-0.000679796006944444,-0.0350882232428919,0.0004));
#5161=CARTESIAN_POINT('',(0.000626085069444444,-0.034871209354003,0.0004));
#5162=CARTESIAN_POINT('',(0.000626085069444444,-0.034871209354003,0.));
#5163=CARTESIAN_POINT('',(0.000432942708333333,-0.0350158852799289,0.0004));
#5164=CARTESIAN_POINT('',(0.000432942708333333,-0.0350158852799289,0.));
#5165=CARTESIAN_POINT('',(0.000122612847222222,-0.0350882232428919,0.0004));
#5166=CARTESIAN_POINT('',(0.000122612847222222,-0.0350882232428919,0.));
#5167=CARTESIAN_POINT('',(-0.000304904513888889,-0.0350882232428919,0.0004));
#5168=CARTESIAN_POINT('',(-0.000304904513888889,-0.0350882232428919,0.));
#5169=CARTESIAN_POINT('',(0.000626085069444444,-0.034871209354003,0.));
#5170=CARTESIAN_POINT('',(0.000336371527777777,-0.0350882232428919,0.));
#5171=CARTESIAN_POINT('',(-0.000304904513888889,-0.0350882232428919,0.));
#5172=CARTESIAN_POINT('',(0.000626085069444444,-0.034871209354003,0.));
#5173=CARTESIAN_POINT('',(0.000626085069444444,-0.034871209354003,0.0004));
#5174=CARTESIAN_POINT('',(0.000626085069444444,-0.034871209354003,0.0004));
#5175=CARTESIAN_POINT('',(0.000626085069444444,-0.034871209354003,0.0004));
#5176=CARTESIAN_POINT('',(0.000336371527777777,-0.0350882232428919,0.0004));
#5177=CARTESIAN_POINT('',(-0.000304904513888889,-0.0350882232428919,0.0004));
#5178=CARTESIAN_POINT('',(0.00091579861111111,-0.0341626590067808,0.0004));
#5179=CARTESIAN_POINT('',(0.00091579861111111,-0.0341626590067808,0.));
#5180=CARTESIAN_POINT('',(0.00091579861111111,-0.034490349979003,0.0004));
#5181=CARTESIAN_POINT('',(0.00091579861111111,-0.034490349979003,0.));
#5182=CARTESIAN_POINT('',(0.000819227430555555,-0.0347265334280771,0.0004));
#5183=CARTESIAN_POINT('',(0.000819227430555555,-0.0347265334280771,0.));
#5184=CARTESIAN_POINT('',(0.000626085069444444,-0.034871209354003,0.0004));
#5185=CARTESIAN_POINT('',(0.000626085069444444,-0.034871209354003,0.));
#5186=CARTESIAN_POINT('',(0.00091579861111111,-0.0341626590067808,0.));
#5187=CARTESIAN_POINT('',(0.00091579861111111,-0.0346541954651141,0.));
#5188=CARTESIAN_POINT('',(0.000626085069444444,-0.034871209354003,0.));
#5189=CARTESIAN_POINT('',(0.00091579861111111,-0.0341626590067808,0.));
#5190=CARTESIAN_POINT('',(0.00091579861111111,-0.0341626590067808,0.0004));
#5191=CARTESIAN_POINT('',(0.00091579861111111,-0.0341626590067808,0.0004));
#5192=CARTESIAN_POINT('',(0.00091579861111111,-0.0341626590067808,0.0004));
#5193=CARTESIAN_POINT('',(0.00091579861111111,-0.0346541954651141,0.0004));
#5194=CARTESIAN_POINT('',(0.000626085069444444,-0.034871209354003,0.0004));
#5195=CARTESIAN_POINT('',(0.000630967881944444,-0.0334351199442808,0.0004));
#5196=CARTESIAN_POINT('',(0.000630967881944444,-0.0334351199442808,0.));
#5197=CARTESIAN_POINT('',(0.000820855034722221,-0.033596795291503,0.0004));
#5198=CARTESIAN_POINT('',(0.000820855034722221,-0.033596795291503,0.));
#5199=CARTESIAN_POINT('',(0.00091579861111111,-0.0338393083123364,0.0004));
#5200=CARTESIAN_POINT('',(0.00091579861111111,-0.0338393083123364,0.));
#5201=CARTESIAN_POINT('',(0.00091579861111111,-0.0341626590067808,0.0004));
#5202=CARTESIAN_POINT('',(0.00091579861111111,-0.0341626590067808,0.));
#5203=CARTESIAN_POINT('',(0.000630967881944444,-0.0334351199442808,0.));
#5204=CARTESIAN_POINT('',(0.00091579861111111,-0.0336776329651141,0.));
#5205=CARTESIAN_POINT('',(0.00091579861111111,-0.0341626590067808,0.));
#5206=CARTESIAN_POINT('',(0.000630967881944444,-0.0334351199442808,0.));
#5207=CARTESIAN_POINT('',(0.000630967881944444,-0.0334351199442808,0.0004));
#5208=CARTESIAN_POINT('',(0.000630967881944444,-0.0334351199442808,0.0004));
#5209=CARTESIAN_POINT('',(0.000630967881944444,-0.0334351199442808,0.0004));
#5210=CARTESIAN_POINT('',(0.00091579861111111,-0.0336776329651141,0.0004));
#5211=CARTESIAN_POINT('',(0.00091579861111111,-0.0341626590067808,0.0004));
#5212=CARTESIAN_POINT('',(-0.0010546875,-0.0316669992845585,0.0004));
#5213=CARTESIAN_POINT('',(-0.0010546875,-0.0326978152567808,0.0004));
#5214=CARTESIAN_POINT('',(-0.0010546875,-0.0326978152567808,0.0004));
#5215=CARTESIAN_POINT('',(-0.0010546875,-0.0316669992845585,0.0004));
#5216=CARTESIAN_POINT('',(-0.0010546875,-0.0306361833123364,0.0004));
#5217=CARTESIAN_POINT('',(-0.0010546875,-0.0306361833123364,0.0004));
#5218=CARTESIAN_POINT('',(-0.000537109375,-0.0326978152567808,0.0004));
#5219=CARTESIAN_POINT('',(-1.95312500000005E-5,-0.0326978152567808,0.0004));
#5220=CARTESIAN_POINT('',(-1.95312500000005E-5,-0.0326978152567808,0.0004));
#5221=CARTESIAN_POINT('',(-0.000537109375,-0.0326978152567808,0.0004));
#5222=CARTESIAN_POINT('',(0.000580512152777776,-0.0316669992845585,0.0004));
#5223=CARTESIAN_POINT('',(0.00118055555555555,-0.0306361833123364,0.0004));
#5224=CARTESIAN_POINT('',(0.00118055555555555,-0.0306361833123364,0.0004));
#5225=CARTESIAN_POINT('',(0.000580512152777776,-0.0316669992845585,0.0004));
#5226=CARTESIAN_POINT('',(0.00152126736111111,-0.0306361833123364,0.0004));
#5227=CARTESIAN_POINT('',(0.00186197916666666,-0.0306361833123364,0.0004));
#5228=CARTESIAN_POINT('',(0.00186197916666666,-0.0306361833123364,0.0004));
#5229=CARTESIAN_POINT('',(0.00152126736111111,-0.0306361833123364,0.0004));
#5230=CARTESIAN_POINT('',(0.00118869357638889,-0.0317500070970586,0.0004));
#5231=CARTESIAN_POINT('',(0.000515407986111109,-0.0328638308817808,0.0004));
#5232=CARTESIAN_POINT('',(0.000515407986111109,-0.0328638308817808,0.0004));
#5233=CARTESIAN_POINT('',(0.00118869357638889,-0.0317500070970586,0.0004));
#5234=CARTESIAN_POINT('',(0.00151258680555555,-0.0341930409512253,0.0004));
#5235=CARTESIAN_POINT('',(0.00151258680555555,-0.0341930409512253,0.));
#5236=CARTESIAN_POINT('',(0.00151258680555555,-0.0335376590067808,0.0004));
#5237=CARTESIAN_POINT('',(0.00151258680555555,-0.0335376590067808,0.));
#5238=CARTESIAN_POINT('',(0.00118019386574074,-0.0330945889836326,0.0004));
#5239=CARTESIAN_POINT('',(0.00118019386574074,-0.0330945889836326,0.));
#5240=CARTESIAN_POINT('',(0.000515407986111111,-0.0328638308817808,0.0004));
#5241=CARTESIAN_POINT('',(0.000515407986111111,-0.0328638308817808,0.));
#5242=CARTESIAN_POINT('',(0.00151258680555555,-0.0341930409512253,0.0004));
#5243=CARTESIAN_POINT('',(0.00151258680555555,-0.0341930409512253,0.0004));
#5244=CARTESIAN_POINT('',(0.00151258680555555,-0.0341930409512253,0.0004));
#5245=CARTESIAN_POINT('',(0.00151258680555555,-0.0332099680345585,0.0004));
#5246=CARTESIAN_POINT('',(0.000515407986111111,-0.0328638308817808,0.0004));
#5247=CARTESIAN_POINT('',(0.00107693142361111,-0.0352444732428919,0.0004));
#5248=CARTESIAN_POINT('',(0.00107693142361111,-0.0352444732428919,0.));
#5249=CARTESIAN_POINT('',(0.00136736834490741,-0.0350115450021512,0.0004));
#5250=CARTESIAN_POINT('',(0.00136736834490741,-0.0350115450021512,0.));
#5251=CARTESIAN_POINT('',(0.00151258680555555,-0.0346610675715956,0.0004));
#5252=CARTESIAN_POINT('',(0.00151258680555555,-0.0346610675715956,0.));
#5253=CARTESIAN_POINT('',(0.00151258680555555,-0.0341930409512253,0.0004));
#5254=CARTESIAN_POINT('',(0.00151258680555555,-0.0341930409512253,0.));
#5255=CARTESIAN_POINT('',(0.00107693142361111,-0.0352444732428919,0.0004));
#5256=CARTESIAN_POINT('',(0.00107693142361111,-0.0352444732428919,0.0004));
#5257=CARTESIAN_POINT('',(0.00107693142361111,-0.0352444732428919,0.0004));
#5258=CARTESIAN_POINT('',(0.00151258680555555,-0.0348950808817808,0.0004));
#5259=CARTESIAN_POINT('',(0.00151258680555555,-0.0341930409512253,0.0004));
#5260=CARTESIAN_POINT('',(-0.000271267361111111,-0.035593865604003,0.0004));
#5261=CARTESIAN_POINT('',(-0.000271267361111111,-0.035593865604003,0.));
#5262=CARTESIAN_POINT('',(0.000337094907407407,-0.035593865604003,0.0004));
#5263=CARTESIAN_POINT('',(0.000337094907407407,-0.035593865604003,0.));
#5264=CARTESIAN_POINT('',(0.000786494502314814,-0.0354774014836326,0.0004));
#5265=CARTESIAN_POINT('',(0.000786494502314814,-0.0354774014836326,0.));
#5266=CARTESIAN_POINT('',(0.00107693142361111,-0.0352444732428919,0.0004));
#5267=CARTESIAN_POINT('',(0.00107693142361111,-0.0352444732428919,0.));
#5268=CARTESIAN_POINT('',(-0.000271267361111111,-0.035593865604003,0.0004));
#5269=CARTESIAN_POINT('',(-0.000271267361111111,-0.035593865604003,0.0004));
#5270=CARTESIAN_POINT('',(-0.000271267361111111,-0.035593865604003,0.0004));
#5271=CARTESIAN_POINT('',(0.000641276041666666,-0.035593865604003,0.0004));
#5272=CARTESIAN_POINT('',(0.00107693142361111,-0.0352444732428919,0.0004));
#5273=CARTESIAN_POINT('',(-0.000951063368055555,-0.035593865604003,0.0004));
#5274=CARTESIAN_POINT('',(-0.001630859375,-0.035593865604003,0.0004));
#5275=CARTESIAN_POINT('',(-0.001630859375,-0.035593865604003,0.0004));
#5276=CARTESIAN_POINT('',(-0.000951063368055555,-0.035593865604003,0.0004));
#5277=CARTESIAN_POINT('',(-0.001630859375,-0.0331150244581697,0.0004));
#5278=CARTESIAN_POINT('',(-0.001630859375,-0.0306361833123364,0.0004));
#5279=CARTESIAN_POINT('',(-0.001630859375,-0.0306361833123364,0.0004));
#5280=CARTESIAN_POINT('',(-0.001630859375,-0.0331150244581697,0.0004));
#5281=CARTESIAN_POINT('',(-0.0013427734375,-0.0306361833123364,0.0004));
#5282=CARTESIAN_POINT('',(-0.0013427734375,-0.0306361833123364,0.0004));
#5283=CARTESIAN_POINT('',(-0.000263671875,-0.0331926069234474,0.0004));
#5284=CARTESIAN_POINT('',(-0.000263671875,-0.0331926069234474,0.));
#5285=CARTESIAN_POINT('',(0.000142867476851852,-0.0331926069234474,0.0004));
#5286=CARTESIAN_POINT('',(0.000142867476851852,-0.0331926069234474,0.));
#5287=CARTESIAN_POINT('',(0.000441080729166666,-0.0332734445970586,0.0004));
#5288=CARTESIAN_POINT('',(0.000441080729166666,-0.0332734445970586,0.));
#5289=CARTESIAN_POINT('',(0.000630967881944444,-0.0334351199442808,0.0004));
#5290=CARTESIAN_POINT('',(0.000630967881944444,-0.0334351199442808,0.));
#5291=CARTESIAN_POINT('',(-0.000263671875,-0.0331926069234474,0.));
#5292=CARTESIAN_POINT('',(0.000346137152777777,-0.0331926069234474,0.));
#5293=CARTESIAN_POINT('',(0.000630967881944444,-0.0334351199442808,0.));
#5294=CARTESIAN_POINT('',(-0.000263671875,-0.0331926069234474,0.0004));
#5295=CARTESIAN_POINT('',(0.000346137152777777,-0.0331926069234474,0.0004));
#5296=CARTESIAN_POINT('',(0.000630967881944444,-0.0334351199442808,0.0004));
#5297=CARTESIAN_POINT('',(3.46944695195361E-18,-2.50000000000042E-5,0.0004));
#5298=CARTESIAN_POINT('',(5.20417042793042E-18,-2.50000000000112E-5,0.));
#5299=CARTESIAN_POINT('',(0.,0.,0.));
#5300=CARTESIAN_POINT('',(0.0373,-2.50000000000112E-5,0.00146));
#5301=CARTESIAN_POINT('',(0.0373,-0.03738,0.02801));
#5302=CARTESIAN_POINT('',(0.0373,-0.03738,0.00601));
#5303=CARTESIAN_POINT('',(0.0373,-0.03738,0.00301));
#5304=CARTESIAN_POINT('',(0.0373,-0.03923,0.00301));
#5305=CARTESIAN_POINT('',(0.0373,-0.036745,0.00301));
#5306=CARTESIAN_POINT('',(0.0373,-0.036745,0.00411));
#5307=CARTESIAN_POINT('',(0.0373,-0.036745,0.00411));
#5308=CARTESIAN_POINT('',(0.0373,-0.035495,0.00411));
#5309=CARTESIAN_POINT('',(0.0373,-0.034245,0.00411));
#5310=CARTESIAN_POINT('',(0.0373,-0.034245,0.00146));
#5311=CARTESIAN_POINT('',(0.0373,-0.034245,0.00501));
#5312=CARTESIAN_POINT('',(0.0373,-2.50000000000112E-5,0.00501));
#5313=CARTESIAN_POINT('',(0.0373,-0.036745,0.00501));
#5314=CARTESIAN_POINT('',(0.0373,-0.036745,0.00146));
#5315=CARTESIAN_POINT('',(0.0373,-0.036745,0.00601));
#5316=CARTESIAN_POINT('',(0.0373,0.040805,0.00601));
#5317=CARTESIAN_POINT('',(0.0263,0.0044,0.00601));
#5318=CARTESIAN_POINT('',(0.03065,-0.0361942266057844,0.00601));
#5319=CARTESIAN_POINT('',(0.03065,-0.03738,0.00601));
#5320=CARTESIAN_POINT('',(0.03065,-0.033495,0.00601));
#5321=CARTESIAN_POINT('',(0.0263,-0.03738,0.00601));
#5322=CARTESIAN_POINT('',(0.0368053973606886,-0.036745,0.00601));
#5323=CARTESIAN_POINT('',(0.0339,-0.036745,0.00601));
#5324=CARTESIAN_POINT('',(0.0339,-0.033495,0.00601));
#5325=CARTESIAN_POINT('',(0.0263,-2.50000000000112E-5,0.));
#5326=CARTESIAN_POINT('',(0.0339,-0.033495,0.));
#5327=CARTESIAN_POINT('',(0.0339,-0.030245,0.));
#5328=CARTESIAN_POINT('',(0.0325041937813579,-0.03643,0.));
#5329=CARTESIAN_POINT('',(0.0263,-0.03643,0.));
#5330=CARTESIAN_POINT('',(0.01795,-0.03643,0.));
#5331=CARTESIAN_POINT('',(0.01795,-2.50000000000042E-5,0.));
#5332=CARTESIAN_POINT('',(0.01795,-0.01898,0.));
#5333=CARTESIAN_POINT('',(0.01795,-0.01898,0.));
#5334=CARTESIAN_POINT('',(0.0153,-0.01898,0.));
#5335=CARTESIAN_POINT('',(0.0153,-2.50000000000042E-5,0.));
#5336=CARTESIAN_POINT('',(0.0153,0.03638,0.));
#5337=CARTESIAN_POINT('',(0.0263,0.03638,0.));
#5338=CARTESIAN_POINT('',(0.0224078201443322,0.03638,0.));
#5339=CARTESIAN_POINT('',(0.0264,0.03613,0.));
#5340=CARTESIAN_POINT('',(0.0303921798556678,0.03638,0.));
#5341=CARTESIAN_POINT('',(0.0263,0.03638,0.));
#5342=CARTESIAN_POINT('',(0.0373,0.03638,0.));
#5343=CARTESIAN_POINT('',(0.0373,-2.50000000000112E-5,0.));
#5344=CARTESIAN_POINT('',(0.0373,-0.030245,0.));
#5345=CARTESIAN_POINT('',(0.0356,-0.030245,0.));
#5346=CARTESIAN_POINT('',(0.0250337239583333,-0.0331150244581697,0.));
#5347=CARTESIAN_POINT('',(0.0250337239583333,-0.0306361833123364,0.));
#5348=CARTESIAN_POINT('',(0.0250337239583333,-0.035593865604003,0.));
#5349=CARTESIAN_POINT('',(0.0253218098958334,-0.035593865604003,0.));
#5350=CARTESIAN_POINT('',(0.0256098958333334,-0.035593865604003,0.));
#5351=CARTESIAN_POINT('',(0.0256098958333334,-0.0333759836595586,0.));
#5352=CARTESIAN_POINT('',(0.0256098958333334,-0.0311581017151141,0.));
#5353=CARTESIAN_POINT('',(0.0267036458333333,-0.0311581017151141,0.));
#5354=CARTESIAN_POINT('',(0.0277973958333333,-0.0311581017151141,0.));
#5355=CARTESIAN_POINT('',(0.0277973958333333,-0.0308971425137252,0.));
#5356=CARTESIAN_POINT('',(0.0277973958333333,-0.0306361833123364,0.));
#5357=CARTESIAN_POINT('',(0.0264155598958334,-0.0306361833123364,0.));
#5358=CARTESIAN_POINT('',(0.0263,0.0044,0.00146));
#5359=CARTESIAN_POINT('',(0.0263,0.04283,0.00146));
#5360=CARTESIAN_POINT('',(0.0373,0.04283,0.00146));
#5361=CARTESIAN_POINT('',(0.0333321091654214,0.04283,0.00146));
#5362=CARTESIAN_POINT('',(0.0339,0.03963,0.00146));
#5363=CARTESIAN_POINT('',(0.0339,0.03638,0.00146));
#5364=CARTESIAN_POINT('',(0.0263,0.03638,0.00146));
#5365=CARTESIAN_POINT('',(0.0303921798556678,0.03638,0.00146));
#5366=CARTESIAN_POINT('',(0.0264,0.03613,0.00146));
#5367=CARTESIAN_POINT('',(0.02576,0.040078468057361,0.00146));
#5368=CARTESIAN_POINT('',(0.02576,0.04223,0.00146));
#5369=CARTESIAN_POINT('',(0.02576,0.04523,0.00146));
#5370=CARTESIAN_POINT('',(0.02753,0.04523,0.00146));
#5371=CARTESIAN_POINT('',(0.0373,0.04523,0.00146));
#5372=CARTESIAN_POINT('',(0.0373,0.040805,0.00146));
#5373=CARTESIAN_POINT('',(0.0377781351372622,-0.032745,-0.0898091933145628));
#5374=CARTESIAN_POINT('',(0.0263,-0.032745,0.00411));
#5375=CARTESIAN_POINT('',(0.0358882467150734,-0.032745,0.00411));
#5376=CARTESIAN_POINT('',(0.0373,-0.032745,0.00411));
#5377=CARTESIAN_POINT('',(0.0373,-0.032745,0.00146));
#5378=CARTESIAN_POINT('',(0.0373,-0.032745,0.00501));
#5379=CARTESIAN_POINT('',(0.0377781351372622,-0.032745,0.00501));
#5380=CARTESIAN_POINT('',(0.0358882467150734,-0.032745,0.00501));
#5381=CARTESIAN_POINT('',(0.0358882467150734,-0.032745,-0.0898091933145628));
#5382=CARTESIAN_POINT('',(0.0377781351372622,-0.034245,-0.0898091933145628));
#5383=CARTESIAN_POINT('',(0.0358882467150734,-0.034245,-0.0898091933145628));
#5384=CARTESIAN_POINT('',(0.0358882467150734,-0.034245,0.00411));
#5385=CARTESIAN_POINT('',(0.0358882467150734,-0.034245,0.00501));
#5386=CARTESIAN_POINT('',(0.0377781351372622,-0.034245,0.00501));
#5387=CARTESIAN_POINT('',(0.0263,-0.034245,0.00411));
#5388=CARTESIAN_POINT('',(0.0339,-0.033495,-0.0898091933145628));
#5389=CARTESIAN_POINT('',(0.0339,-0.033495,0.00411));
#5390=CARTESIAN_POINT('',(0.0339,-0.033495,0.00501));
#5391=CARTESIAN_POINT('',(0.0378965169467055,0.04038,-0.0898091933145628));
#5392=CARTESIAN_POINT('',(0.0365941233575367,0.04038,0.00411));
#5393=CARTESIAN_POINT('',(0.0373,0.04038,0.00411));
#5394=CARTESIAN_POINT('',(0.0358882467150734,0.04038,0.00411));
#5395=CARTESIAN_POINT('',(0.0373,0.04038,0.00146));
#5396=CARTESIAN_POINT('',(0.0373,0.04038,0.00501));
#5397=CARTESIAN_POINT('',(0.0378965169467055,0.04038,0.00501));
#5398=CARTESIAN_POINT('',(0.0358882467150734,0.04038,0.00501));
#5399=CARTESIAN_POINT('',(0.0358882467150734,0.04038,-0.0898091933145628));
#5400=CARTESIAN_POINT('',(0.0378965169467055,0.03888,-0.0898091933145628));
#5401=CARTESIAN_POINT('',(0.0358882467150734,0.03888,-0.0898091933145628));
#5402=CARTESIAN_POINT('',(0.0358882467150734,0.03888,0.00411));
#5403=CARTESIAN_POINT('',(0.0358882467150734,0.03888,0.00501));
#5404=CARTESIAN_POINT('',(0.0378965169467055,0.03888,0.00501));
#5405=CARTESIAN_POINT('',(0.0373,0.03888,0.00501));
#5406=CARTESIAN_POINT('',(0.0373,0.03888,0.00146));
#5407=CARTESIAN_POINT('',(0.0373,0.03888,0.00411));
#5408=CARTESIAN_POINT('',(0.0365941233575367,0.03888,0.00411));
#5409=CARTESIAN_POINT('',(0.0339,0.03963,-0.0898091933145628));
#5410=CARTESIAN_POINT('',(0.0339,0.03963,0.00411));
#5411=CARTESIAN_POINT('',(0.0339,0.03963,0.00501));
#5412=CARTESIAN_POINT('',(0.0373,-2.50000000000112E-5,0.00146));
#5413=CARTESIAN_POINT('',(0.0373,0.03763,0.00411));
#5414=CARTESIAN_POINT('',(0.0373,0.03638,0.00411));
#5415=CARTESIAN_POINT('',(0.0373,-2.50000000000112E-5,0.00501));
#5416=CARTESIAN_POINT('',(0.0373,0.03638,0.00501));
#5417=CARTESIAN_POINT('',(0.0373,0.03638,0.00146));
#5418=CARTESIAN_POINT('',(0.0373,0.03638,0.00601));
#5419=CARTESIAN_POINT('',(0.0373,0.040805,0.00601));
#5420=CARTESIAN_POINT('',(0.0373,-0.030245,0.00601));
#5421=CARTESIAN_POINT('',(0.0373,-0.030245,0.00146));
#5422=CARTESIAN_POINT('',(0.0373,-0.030245,0.00501));
#5423=CARTESIAN_POINT('',(0.0373,-2.50000000000112E-5,0.00501));
#5424=CARTESIAN_POINT('',(0.0373,-2.50000000000112E-5,0.00411));
#5425=CARTESIAN_POINT('',(0.0373,-0.030245,0.00411));
#5426=CARTESIAN_POINT('',(0.0373,-0.030245,0.00411));
#5427=CARTESIAN_POINT('',(0.0373,0.03638,0.00146));
#5428=CARTESIAN_POINT('',(0.0339,-0.033495,0.00501));
#5429=CARTESIAN_POINT('',(0.0339,-0.030245,0.005008));
#5430=CARTESIAN_POINT('',(0.0339,-0.030245,0.00501));
#5431=CARTESIAN_POINT('',(0.0339,-0.030245,0.00601));
#5432=CARTESIAN_POINT('',(0.0339,-0.033495,0.00601));
#5433=CARTESIAN_POINT('',(0.032,-0.0308582406253129,0.00601));
#5434=CARTESIAN_POINT('',(0.032,-0.0308582406253129,0.00501));
#5435=CARTESIAN_POINT('',(0.032,-0.0308582406253129,0.00733));
#5436=CARTESIAN_POINT('',(0.0339,-0.033495,0.00733));
#5437=CARTESIAN_POINT('',(0.03065,-0.033495,0.00733));
#5438=CARTESIAN_POINT('',(0.03065,-0.033495,0.006008));
#5439=CARTESIAN_POINT('',(0.0339,-0.036745,0.005008));
#5440=CARTESIAN_POINT('',(0.0339,-0.036745,0.00501));
#5441=CARTESIAN_POINT('',(0.0339,-0.033495,0.00501));
#5442=CARTESIAN_POINT('',(0.0263,0.0044,0.00601));
#5443=CARTESIAN_POINT('',(0.0263,-0.04278,0.00601));
#5444=CARTESIAN_POINT('',(0.01935,-0.04278,0.00601));
#5445=CARTESIAN_POINT('',(0.0191475634832241,-0.04278,0.00601));
#5446=CARTESIAN_POINT('',(0.0245057717790749,-0.0459131004548117,0.00601));
#5447=CARTESIAN_POINT('',(0.0245057717790749,-0.03988,0.00601));
#5448=CARTESIAN_POINT('',(0.0263,-0.03988,0.00601));
#5449=CARTESIAN_POINT('',(0.0265,-0.03988,0.00601));
#5450=CARTESIAN_POINT('',(0.0265,0.0044,0.00601));
#5451=CARTESIAN_POINT('',(0.0265,-0.03738,0.00601));
#5452=CARTESIAN_POINT('',(0.02365,-0.03738,0.00601));
#5453=CARTESIAN_POINT('',(0.0191475634832241,-0.03738,0.00601));
#5454=CARTESIAN_POINT('',(0.0191475634832241,-0.06238,0.00601));
#5455=CARTESIAN_POINT('',(0.0263,0.0044,0.00601));
#5456=CARTESIAN_POINT('',(0.0368053973606886,-0.030245,0.00601));
#5457=CARTESIAN_POINT('',(0.036676795351182,0.03638,0.00601));
#5458=CARTESIAN_POINT('',(0.0339,0.03638,0.00601));
#5459=CARTESIAN_POINT('',(0.0339,0.03963,0.00601));
#5460=CARTESIAN_POINT('',(0.0315078252572188,0.04183,0.00601));
#5461=CARTESIAN_POINT('',(0.04276,0.04183,0.00601));
#5462=CARTESIAN_POINT('',(0.0212298570428378,0.04183,0.00601));
#5463=CARTESIAN_POINT('',(0.0190282557585142,0.00483272050485298,0.00601));
#5464=CARTESIAN_POINT('',(0.0205812295132845,0.03093,0.00601));
#5465=CARTESIAN_POINT('',(0.02365,0.03093,0.00601));
#5466=CARTESIAN_POINT('',(0.0205862232585006,0.03093,0.00601));
#5467=CARTESIAN_POINT('',(0.0264,0.03613,0.00601));
#5468=CARTESIAN_POINT('',(0.032,0.0307004512158007,0.00601));
#5469=CARTESIAN_POINT('',(0.032,-0.003225,0.00601));
#5470=CARTESIAN_POINT('',(0.0264,0.03613,0.00601));
#5471=CARTESIAN_POINT('',(0.0224,0.03613,0.00601));
#5472=CARTESIAN_POINT('',(0.0373,-2.50000000000112E-5,0.00146));
#5473=CARTESIAN_POINT('',(0.0373,0.04283,0.00411));
#5474=CARTESIAN_POINT('',(0.0373,0.04283,0.00411));
#5475=CARTESIAN_POINT('',(0.0373,0.04523,0.00601));
#5476=CARTESIAN_POINT('',(0.0373,0.04523,0.00261));
#5477=CARTESIAN_POINT('',(0.0373,0.0231775,0.0246625));
#5478=CARTESIAN_POINT('',(0.0373,0.04283,0.00501));
#5479=CARTESIAN_POINT('',(0.0373,-2.50000000000112E-5,0.00501));
#5480=CARTESIAN_POINT('',(0.0373,0.041605,0.00411));
#5481=CARTESIAN_POINT('',(0.04276,0.04353,0.00431));
#5482=CARTESIAN_POINT('',(0.04276,0.04523,0.00261));
#5483=CARTESIAN_POINT('',(0.01776,0.04523,0.00261));
#5484=CARTESIAN_POINT('',(0.01776,0.04353,0.00431));
#5485=CARTESIAN_POINT('',(0.01776,0.043010025654184,0.00482997434581609));
#5486=CARTESIAN_POINT('',(0.0226104942540019,0.0413604742217961,0.00647952577820388));
#5487=CARTESIAN_POINT('',(0.0339,0.03963,0.00821));
#5488=CARTESIAN_POINT('',(0.03333210916542,0.04283,0.00501));
#5489=CARTESIAN_POINT('',(0.04276,0.04283,0.00501));
#5490=CARTESIAN_POINT('',(0.0339,0.03963,0.00501));
#5491=CARTESIAN_POINT('',(0.0339,0.03638,0.005008));
#5492=CARTESIAN_POINT('',(0.0339,0.03638,0.00501));
#5493=CARTESIAN_POINT('',(0.0339,0.03963,0.00501));
#5494=CARTESIAN_POINT('',(0.0263,-0.000100000000000003,0.00733));
#5495=CARTESIAN_POINT('',(0.032,-0.003225,0.00733));
#5496=CARTESIAN_POINT('',(0.032,0.0307004512158007,0.00733));
#5497=CARTESIAN_POINT('',(0.0264,0.03613,0.00733));
#5498=CARTESIAN_POINT('',(0.0220443902648849,0.0296594000405395,0.00733));
#5499=CARTESIAN_POINT('',(0.0202947594259448,0.000257354528249729,0.00733));
#5500=CARTESIAN_POINT('',(0.0215591454618313,0.021505,0.00733));
#5501=CARTESIAN_POINT('',(0.0227,0.021505,0.00733));
#5502=CARTESIAN_POINT('',(0.0257,0.021505,0.00733));
#5503=CARTESIAN_POINT('',(0.0257,0.018505,0.00733));
#5504=CARTESIAN_POINT('',(0.0287,0.018505,0.00733));
#5505=CARTESIAN_POINT('',(0.0287,0.001855,0.00733));
#5506=CARTESIAN_POINT('',(0.0287,-0.014795,0.00733));
#5507=CARTESIAN_POINT('',(0.0257,-0.014795,0.00733));
#5508=CARTESIAN_POINT('',(0.0257,-0.017795,0.00733));
#5509=CARTESIAN_POINT('',(0.0227,-0.017795,0.00733));
#5510=CARTESIAN_POINT('',(0.0197,-0.017795,0.00733));
#5511=CARTESIAN_POINT('',(0.0197,-0.014795,0.00733));
#5512=CARTESIAN_POINT('',(0.0192227889957299,-0.0177568017586266,0.00733));
#5513=CARTESIAN_POINT('',(0.0202947594259448,0.000257354528249729,0.00733));
#5514=CARTESIAN_POINT('',(0.0191475634832241,-0.0190209449671002,0.00733));
#5515=CARTESIAN_POINT('',(0.0191475634832241,-0.0190209449671002,0.00733));
#5516=CARTESIAN_POINT('',(0.0191475634832241,-0.03738,0.00733));
#5517=CARTESIAN_POINT('',(0.02365,-0.03738,0.00733));
#5518=CARTESIAN_POINT('',(0.03065,-0.03738,0.00733));
#5519=CARTESIAN_POINT('',(0.03065,-0.0361942266057844,0.00733));
#5520=CARTESIAN_POINT('',(0.02365,-0.03738,0.00733));
#5521=CARTESIAN_POINT('',(0.0265,-0.03738,0.02801));
#5522=CARTESIAN_POINT('',(0.0265,-0.03738,0.00301));
#5523=CARTESIAN_POINT('',(0.0319,-0.03738,0.00301));
#5524=CARTESIAN_POINT('',(0.03065,-0.03738,0.00733));
#5525=CARTESIAN_POINT('',(0.0231997563483224,-0.03738,0.00868073095503278));
#5526=CARTESIAN_POINT('',(0.01795,-0.03738,0.00693081217225865));
#5527=CARTESIAN_POINT('',(0.01795,-0.03738,0.00733));
#5528=CARTESIAN_POINT('',(0.01795,-0.03738,0.00561081217225864));
#5529=CARTESIAN_POINT('',(0.0179291933639389,-0.03738,0.00560387662690493));
#5530=CARTESIAN_POINT('',(0.01795,-0.0031,0.003665));
#5531=CARTESIAN_POINT('',(0.01795,-0.04093,0.00301));
#5532=CARTESIAN_POINT('',(0.01795,-0.04278,0.00301));
#5533=CARTESIAN_POINT('',(0.01795,-0.03643,0.00301));
#5534=CARTESIAN_POINT('',(0.01795,-0.04278,0.02801));
#5535=CARTESIAN_POINT('',(0.01795,-0.04278,0.00561081217225865));
#5536=CARTESIAN_POINT('',(0.01795,-0.0031,0.00561081217225864));
#5537=CARTESIAN_POINT('',(0.01795,-0.0190209449671002,0.00693081217225865));
#5538=CARTESIAN_POINT('',(0.01795,-0.0190209449671002,0.00693081217225865));
#5539=CARTESIAN_POINT('',(0.01795,-0.0030415075077402,0.00661384877645087));
#5540=CARTESIAN_POINT('',(0.01795,-0.01898,0.00693));
#5541=CARTESIAN_POINT('',(0.01795,-0.01898,0.00073));
#5542=CARTESIAN_POINT('',(0.01795,-0.03643,0.00146));
#5543=CARTESIAN_POINT('',(0.0263,0.0044,0.00146));
#5544=CARTESIAN_POINT('',(0.0263,0.03638,0.00146));
#5545=CARTESIAN_POINT('',(0.0224078201443322,0.03638,0.00146));
#5546=CARTESIAN_POINT('',(0.0153,0.03638,0.00146));
#5547=CARTESIAN_POINT('',(0.0153,0.037805,0.00146));
#5548=CARTESIAN_POINT('',(0.0153,0.03923,0.00146));
#5549=CARTESIAN_POINT('',(0.01653,0.03923,0.00146));
#5550=CARTESIAN_POINT('',(0.0238721550680471,0.03923,0.00146));
#5551=CARTESIAN_POINT('',(0.0264,0.03613,0.00146));
#5552=CARTESIAN_POINT('',(0.0263,0.03638,0.00146));
#5553=CARTESIAN_POINT('',(0.0303921798556678,0.03638,-0.01767));
#5554=CARTESIAN_POINT('',(0.0339,0.03638,0.00411));
#5555=CARTESIAN_POINT('',(0.0339,0.03638,0.00411));
#5556=CARTESIAN_POINT('',(0.0263,0.03638,0.00411));
#5557=CARTESIAN_POINT('',(0.0189383023026243,0.00124985302826914,0.00685816071882736));
#5558=CARTESIAN_POINT('',(0.023497,0.03093,0.007789));
#5559=CARTESIAN_POINT('',(0.0205862232585006,0.03093,0.00681874108616685));
#5560=CARTESIAN_POINT('',(0.0153,0.03093,0.00505666666666667));
#5561=CARTESIAN_POINT('',(0.0153,5.8488971777631E-5,0.00566902482971896));
#5562=CARTESIAN_POINT('',(0.0153,0.02143,0.00524510585720964));
#5563=CARTESIAN_POINT('',(0.0131099682428371,0.02143,0.00451509527148868));
#5564=CARTESIAN_POINT('',(0.01315,0.02143,0.00452843919054298));
#5565=CARTESIAN_POINT('',(0.01315,-0.00307323215234325,0.00501447805711921));
#5566=CARTESIAN_POINT('',(0.01315,0.00187,0.00491642556601883));
#5567=CARTESIAN_POINT('',(0.0129935723301944,0.00187,0.00486428300941695));
#5568=CARTESIAN_POINT('',(0.0153,0.00187,0.0056330922326855));
#5569=CARTESIAN_POINT('',(0.0153,5.8488971777631E-5,0.00566902482971896));
#5570=CARTESIAN_POINT('',(0.0153,-0.00958,0.00586021104655046));
#5571=CARTESIAN_POINT('',(0.0129254366860349,-0.00958,0.00506868994189541));
#5572=CARTESIAN_POINT('',(0.01315,-0.00958,0.00514354437988379));
#5573=CARTESIAN_POINT('',(0.01315,-0.00307323215234325,0.00501447805711921));
#5574=CARTESIAN_POINT('',(0.01315,-0.01898,0.00533));
#5575=CARTESIAN_POINT('',(0.0128695,-0.01898,0.0052365));
#5576=CARTESIAN_POINT('',(0.0161497563483224,-0.0190209449671002,0.00633073095503278));
#5577=CARTESIAN_POINT('',(0.0197,-0.014795,0.00743032091097309));
#5578=CARTESIAN_POINT('',(0.0167,-0.014795,0.00643032091097309));
#5579=CARTESIAN_POINT('',(0.0167,0.00123505941471395,0.00611235339302945));
#5580=CARTESIAN_POINT('',(0.0167,0.018505,0.00576979195885928));
#5581=CARTESIAN_POINT('',(0.0197,0.018505,0.00676979195885928));
#5582=CARTESIAN_POINT('',(0.0197,0.021505,0.00671028484605624));
#5583=CARTESIAN_POINT('',(0.0190588348341932,0.021505,0.00649656312412064));
#5584=CARTESIAN_POINT('',(0.0264,0.03613,0.00865352100447472));
#5585=CARTESIAN_POINT('',(0.0193612777998345,0.03093,0.00560334942885));
#5586=CARTESIAN_POINT('',(0.01776,0.0422069093503522,0.00484590472331145));
#5587=CARTESIAN_POINT('',(0.01776,0.03923,0.00490495381681673));
#5588=CARTESIAN_POINT('',(0.016984513854955,0.03923,0.00464645843513506));
#5589=CARTESIAN_POINT('',(0.0153,0.03923,0.00408495381681673));
#5590=CARTESIAN_POINT('',(0.0153,4.24863372335953E-5,0.00486226574881711));
#5591=CARTESIAN_POINT('',(0.0153,0.03093,0.0042495901622385));
#5592=CARTESIAN_POINT('',(0.0193612777998345,0.03093,0.00560334942885));
#5593=CARTESIAN_POINT('',(0.02753,0.04523,0.00601));
#5594=CARTESIAN_POINT('',(0.02576,0.04523,0.00196));
#5595=CARTESIAN_POINT('',(0.02576,0.04523,0.00196));
#5596=CARTESIAN_POINT('',(0.02753,0.04523,0.00196));
#5597=CARTESIAN_POINT('',(0.01776,0.04523,0.00196));
#5598=CARTESIAN_POINT('',(0.01776,0.04523,0.00601));
#5599=CARTESIAN_POINT('',(0.0153,-2.50000000000042E-5,0.00146));
#5600=CARTESIAN_POINT('',(0.0153,0.03923,0.00601));
#5601=CARTESIAN_POINT('',(0.0153,0.03638,0.00146));
#5602=CARTESIAN_POINT('',(0.0153,-0.01898,0.00073));
#5603=CARTESIAN_POINT('',(0.0153,-0.01898,0.00146));
#5604=CARTESIAN_POINT('',(0.0153,-0.01428,0.00146));
#5605=CARTESIAN_POINT('',(0.0153,-0.00958,0.00146));
#5606=CARTESIAN_POINT('',(0.0153,-0.00958,0.004395));
#5607=CARTESIAN_POINT('',(0.0153,0.00187,0.004395));
#5608=CARTESIAN_POINT('',(0.0153,0.00187,0.00146));
#5609=CARTESIAN_POINT('',(0.0153,0.01165,0.00146));
#5610=CARTESIAN_POINT('',(0.0153,0.02143,0.00146));
#5611=CARTESIAN_POINT('',(0.0153,0.02143,0.004395));
#5612=CARTESIAN_POINT('',(0.0153,0.03093,0.00146));
#5613=CARTESIAN_POINT('',(0.0263,-0.000100000000000003,0.00301));
#5614=CARTESIAN_POINT('',(0.0265,-0.03863,0.00301));
#5615=CARTESIAN_POINT('',(0.0265,-0.03988,0.00301));
#5616=CARTESIAN_POINT('',(0.0255028858895375,-0.03988,0.00301));
#5617=CARTESIAN_POINT('',(0.0245057717790749,-0.03988,0.00301));
#5618=CARTESIAN_POINT('',(0.0245057717790749,-0.0459131004548117,0.00301));
#5619=CARTESIAN_POINT('',(0.01935,-0.04278,0.00301));
#5620=CARTESIAN_POINT('',(0.0263,-0.04278,0.00301));
#5621=CARTESIAN_POINT('',(0.0263,-0.03643,0.00301));
#5622=CARTESIAN_POINT('',(0.0325041937813579,-0.03643,0.00301));
#5623=CARTESIAN_POINT('',(0.0339,-0.033495,0.00301));
#5624=CARTESIAN_POINT('',(0.0339,-0.036745,0.00301));
#5625=CARTESIAN_POINT('',(0.0263,-0.036745,0.00301));
#5626=CARTESIAN_POINT('',(0.0263,-0.03643,0.00146));
#5627=CARTESIAN_POINT('',(0.0325041937813579,-0.03643,0.00411));
#5628=CARTESIAN_POINT('',(0.0263,0.03638,0.00146));
#5629=CARTESIAN_POINT('',(0.0224078201443322,0.03638,-0.01767));
#5630=CARTESIAN_POINT('',(0.01653,0.03923,0.00601));
#5631=CARTESIAN_POINT('',(0.01776,0.03923,0.00601));
#5632=CARTESIAN_POINT('',(0.01776,0.03923,0.00196));
#5633=CARTESIAN_POINT('',(0.02176,0.03923,0.00196));
#5634=CARTESIAN_POINT('',(0.0238721550680471,0.03923,0.00196));
#5635=CARTESIAN_POINT('',(0.0238721550680471,0.03923,-0.01767));
#5636=CARTESIAN_POINT('',(0.01776,0.04223,0.00601));
#5637=CARTESIAN_POINT('',(0.01776,0.04223,0.00196));
#5638=CARTESIAN_POINT('',(0.02576,0.04223,0.00196));
#5639=CARTESIAN_POINT('',(0.02576,0.04223,0.00196));
#5640=CARTESIAN_POINT('',(0.02576,0.040078468057361,0.00196));
#5641=CARTESIAN_POINT('',(0.02576,0.040078468057361,-0.01767));
#5642=CARTESIAN_POINT('',(0.0263,0.040805,0.00196));
#5643=CARTESIAN_POINT('',(0.0264,0.03613,0.00196));
#5644=CARTESIAN_POINT('',(0.02365,0.03093,0.00733));
#5645=CARTESIAN_POINT('',(0.0205862232585006,0.03093,0.006008));
#5646=CARTESIAN_POINT('',(0.032,-0.003225,0.00733));
#5647=CARTESIAN_POINT('',(0.032,0.0307004512158007,0.006008));
#5648=CARTESIAN_POINT('',(0.01315,-0.01898,0.004395));
#5649=CARTESIAN_POINT('',(0.01315,-0.01898,0.004395));
#5650=CARTESIAN_POINT('',(0.01315,-0.01898,0.00146));
#5651=CARTESIAN_POINT('',(0.01315,-0.01898,0.00146));
#5652=CARTESIAN_POINT('',(0.01315,-0.01428,0.00146));
#5653=CARTESIAN_POINT('',(0.01315,-0.01428,0.00146));
#5654=CARTESIAN_POINT('',(0.01315,-0.00958,0.00146));
#5655=CARTESIAN_POINT('',(0.01315,-0.00958,0.00146));
#5656=CARTESIAN_POINT('',(0.01315,-0.00958,0.004395));
#5657=CARTESIAN_POINT('',(0.01315,-0.00958,0.004395));
#5658=CARTESIAN_POINT('',(0.01315,-0.0031,0.003665));
#5659=CARTESIAN_POINT('',(0.01315,0.00187,0.004395));
#5660=CARTESIAN_POINT('',(0.01315,0.00187,0.004395));
#5661=CARTESIAN_POINT('',(0.01315,0.00187,0.00146));
#5662=CARTESIAN_POINT('',(0.01315,0.00187,0.00146));
#5663=CARTESIAN_POINT('',(0.01315,0.01165,0.00146));
#5664=CARTESIAN_POINT('',(0.01315,0.01165,0.00146));
#5665=CARTESIAN_POINT('',(0.01315,0.02143,0.00146));
#5666=CARTESIAN_POINT('',(0.01315,0.02143,0.00146));
#5667=CARTESIAN_POINT('',(0.01315,0.02143,0.004395));
#5668=CARTESIAN_POINT('',(0.01315,0.02143,0.004395));
#5669=CARTESIAN_POINT('',(0.01315,-0.0031,0.003665));
#5670=CARTESIAN_POINT('',(0.0161497563483224,-0.0190209449671002,0.00633073095503278));
#5671=CARTESIAN_POINT('',(0.0167,0.001855,0.00433));
#5672=CARTESIAN_POINT('',(0.0167,-0.014795,0.00433));
#5673=CARTESIAN_POINT('',(0.0167,-0.014795,0.00433));
#5674=CARTESIAN_POINT('',(0.0167,0.001855,0.00433));
#5675=CARTESIAN_POINT('',(0.0167,0.018505,0.00433));
#5676=CARTESIAN_POINT('',(0.0167,0.018505,0.00433));
#5677=CARTESIAN_POINT('',(0.0197,0.018505,0.00433));
#5678=CARTESIAN_POINT('',(0.0197,0.021505,0.00433));
#5679=CARTESIAN_POINT('',(0.0197,0.021505,0.00433));
#5680=CARTESIAN_POINT('',(0.0197,0.018505,0.00433));
#5681=CARTESIAN_POINT('',(0.0227,0.021505,0.00433));
#5682=CARTESIAN_POINT('',(0.0227,0.021505,0.00433));
#5683=CARTESIAN_POINT('',(0.0257,0.021505,0.00433));
#5684=CARTESIAN_POINT('',(0.0257,0.021505,0.00433));
#5685=CARTESIAN_POINT('',(0.0197,-0.014795,0.00433));
#5686=CARTESIAN_POINT('',(0.0197,-0.017795,0.00433));
#5687=CARTESIAN_POINT('',(0.0197,-0.017795,0.00433));
#5688=CARTESIAN_POINT('',(0.0197,-0.014795,0.00433));
#5689=CARTESIAN_POINT('',(0.0257,0.018505,0.00433));
#5690=CARTESIAN_POINT('',(0.0257,0.018505,0.00433));
#5691=CARTESIAN_POINT('',(0.0287,0.018505,0.00433));
#5692=CARTESIAN_POINT('',(0.0287,0.018505,0.00433));
#5693=CARTESIAN_POINT('',(0.0287,0.001855,0.00433));
#5694=CARTESIAN_POINT('',(0.0287,0.001855,0.00433));
#5695=CARTESIAN_POINT('',(0.0287,-0.014795,0.00433));
#5696=CARTESIAN_POINT('',(0.0287,-0.014795,0.00433));
#5697=CARTESIAN_POINT('',(0.0257,-0.014795,0.00433));
#5698=CARTESIAN_POINT('',(0.0257,-0.014795,0.00433));
#5699=CARTESIAN_POINT('',(0.0257,-0.017795,0.00433));
#5700=CARTESIAN_POINT('',(0.0257,-0.017795,0.00433));
#5701=CARTESIAN_POINT('',(0.0227,-0.017795,0.00433));
#5702=CARTESIAN_POINT('',(0.0227,-0.017795,0.00433));
#5703=CARTESIAN_POINT('',(0.02435,-0.003225,0.00433));
#5704=CARTESIAN_POINT('',(0.0264,0.03613,-0.01767));
#5705=CARTESIAN_POINT('',(0.0264,0.03613,0.006008));
#5706=CARTESIAN_POINT('',(0.0179291933639389,-0.06238,0.00560387662690493));
#5707=CARTESIAN_POINT('',(0.0179291933639389,-0.04278,0.00560387662690493));
#5708=CARTESIAN_POINT('',(0.028148781741612,0.00275,0.00501));
#5709=CARTESIAN_POINT('',(0.036676795351182,0.03638,0.00501));
#5710=CARTESIAN_POINT('',(0.028148781741612,0.00275,0.00501));
#5711=CARTESIAN_POINT('',(0.0368053973606886,-0.030245,0.00501));
#5712=CARTESIAN_POINT('',(0.0368053973606886,-0.036745,0.00501));
#5713=CARTESIAN_POINT('',(0.03065,-0.0361942266057844,0.006008));
#5714=CARTESIAN_POINT('',(0.036676795351182,0.03638,0.005008));
#5715=CARTESIAN_POINT('',(0.0368053973606886,-0.030245,0.005008));
#5716=CARTESIAN_POINT('',(0.0368053973606886,-0.036745,0.005008));
#5717=CARTESIAN_POINT('',(0.0353160545827107,0.04283,0.00411));
#5718=CARTESIAN_POINT('',(0.0353160545827107,0.04283,0.00411));
#5719=CARTESIAN_POINT('',(0.0333321091654214,0.04283,0.00411));
#5720=CARTESIAN_POINT('',(0.0333321091654214,0.04283,0.00411));
#5721=CARTESIAN_POINT('',(0.0339,0.03963,0.00411));
#5722=CARTESIAN_POINT('',(0.0339,0.03963,0.00411));
#5723=CARTESIAN_POINT('',(0.0263,0.0030425,0.00411));
#5724=CARTESIAN_POINT('',(0.0356,-0.036745,0.00411));
#5725=CARTESIAN_POINT('',(0.0339,-0.036745,0.00411));
#5726=CARTESIAN_POINT('',(0.0339,-0.036745,0.00411));
#5727=CARTESIAN_POINT('',(0.0356,-0.036745,0.00411));
#5728=CARTESIAN_POINT('',(0.0339,-0.033495,0.00411));
#5729=CARTESIAN_POINT('',(0.0339,-0.030245,0.00411));
#5730=CARTESIAN_POINT('',(0.0339,-0.030245,0.00411));
#5731=CARTESIAN_POINT('',(0.0339,-0.033495,0.00411));
#5732=CARTESIAN_POINT('',(0.0356,-0.030245,0.00411));
#5733=CARTESIAN_POINT('',(0.0356,-0.030245,0.00411));
#5734=CARTESIAN_POINT('',(0.0263,0.0030425,0.00411));
#5735=CARTESIAN_POINT('',(0.0250337239583333,-0.0331150244581697,0.0004));
#5736=CARTESIAN_POINT('',(0.0250337239583333,-0.0306361833123364,0.0004));
#5737=CARTESIAN_POINT('',(0.0250337239583333,-0.0306361833123364,0.0004));
#5738=CARTESIAN_POINT('',(0.0250337239583333,-0.0331150244581697,0.0004));
#5739=CARTESIAN_POINT('',(0.0250337239583333,-0.035593865604003,0.0004));
#5740=CARTESIAN_POINT('',(0.0250337239583333,-0.035593865604003,0.0004));
#5741=CARTESIAN_POINT('',(0.0264155598958334,-0.0306361833123364,0.0004));
#5742=CARTESIAN_POINT('',(0.0277973958333333,-0.0306361833123364,0.0004));
#5743=CARTESIAN_POINT('',(0.0277973958333333,-0.0306361833123364,0.0004));
#5744=CARTESIAN_POINT('',(0.0264155598958334,-0.0306361833123364,0.0004));
#5745=CARTESIAN_POINT('',(0.0277973958333333,-0.0308971425137252,0.0004));
#5746=CARTESIAN_POINT('',(0.0277973958333333,-0.0311581017151141,0.0004));
#5747=CARTESIAN_POINT('',(0.0277973958333333,-0.0311581017151141,0.0004));
#5748=CARTESIAN_POINT('',(0.0277973958333333,-0.0308971425137252,0.0004));
#5749=CARTESIAN_POINT('',(0.0267036458333333,-0.0311581017151141,0.0004));
#5750=CARTESIAN_POINT('',(0.0256098958333334,-0.0311581017151141,0.0004));
#5751=CARTESIAN_POINT('',(0.0256098958333334,-0.0311581017151141,0.0004));
#5752=CARTESIAN_POINT('',(0.0267036458333333,-0.0311581017151141,0.0004));
#5753=CARTESIAN_POINT('',(0.0256098958333334,-0.0333759836595586,0.0004));
#5754=CARTESIAN_POINT('',(0.0256098958333334,-0.035593865604003,0.0004));
#5755=CARTESIAN_POINT('',(0.0256098958333334,-0.035593865604003,0.0004));
#5756=CARTESIAN_POINT('',(0.0256098958333334,-0.0333759836595586,0.0004));
#5757=CARTESIAN_POINT('',(0.0253218098958334,-0.035593865604003,0.0004));
#5758=CARTESIAN_POINT('',(0.0253218098958334,-0.035593865604003,0.0004));
#5759=CARTESIAN_POINT('',(0.0263,-2.50000000000042E-5,0.0004));
#5760=CARTESIAN_POINT('',(0.01865,-0.04278,0.02801));
#5761=CARTESIAN_POINT('',(0.01935,-0.04278,0.02801));
#5762=CARTESIAN_POINT('',(0.0245057717790749,-0.0459131004548117,0.02801));
#5763=CARTESIAN_POINT('',(0.0245057717790749,-0.03988,0.02801));
#5764=CARTESIAN_POINT('',(0.0255028858895375,-0.03988,0.02801));
#5765=CARTESIAN_POINT('',(0.0265,-0.03988,0.02801));
#5766=CARTESIAN_POINT('',(0.0265,-0.03863,0.02801));
#5767=MECHANICAL_DESIGN_GEOMETRIC_PRESENTATION_REPRESENTATION('',(#3507),
#5769);
#5768=MECHANICAL_DESIGN_GEOMETRIC_PRESENTATION_REPRESENTATION('',(#3508),
#5770);
#5769=(
GEOMETRIC_REPRESENTATION_CONTEXT(3)
GLOBAL_UNCERTAINTY_ASSIGNED_CONTEXT((#5771))
GLOBAL_UNIT_ASSIGNED_CONTEXT((#5777,#5775,#5773))
REPRESENTATION_CONTEXT('speaker-right','TOP_LEVEL_ASSEMBLY_PART')
);
#5770=(
GEOMETRIC_REPRESENTATION_CONTEXT(3)
GLOBAL_UNCERTAINTY_ASSIGNED_CONTEXT((#5772))
GLOBAL_UNIT_ASSIGNED_CONTEXT((#5778,#5776,#5774))
REPRESENTATION_CONTEXT('speaker-left','TOP_LEVEL_ASSEMBLY_PART')
);
#5771=UNCERTAINTY_MEASURE_WITH_UNIT(LENGTH_MEASURE(2.E-5),#5777,
'DISTANCE_ACCURACY_VALUE','Maximum Tolerance applied to model');
#5772=UNCERTAINTY_MEASURE_WITH_UNIT(LENGTH_MEASURE(1.E-8),#5778,
'DISTANCE_ACCURACY_VALUE','Maximum Tolerance applied to model');
#5773=(
NAMED_UNIT(*)
SI_UNIT($,.STERADIAN.)
SOLID_ANGLE_UNIT()
);
#5774=(
NAMED_UNIT(*)
SI_UNIT($,.STERADIAN.)
SOLID_ANGLE_UNIT()
);
#5775=(
NAMED_UNIT(*)
PLANE_ANGLE_UNIT()
SI_UNIT($,.RADIAN.)
);
#5776=(
NAMED_UNIT(*)
PLANE_ANGLE_UNIT()
SI_UNIT($,.RADIAN.)
);
#5777=(
LENGTH_UNIT()
NAMED_UNIT(*)
SI_UNIT($,.METRE.)
);
#5778=(
LENGTH_UNIT()
NAMED_UNIT(*)
SI_UNIT($,.METRE.)
);
#5779=PRODUCT_DEFINITION_SHAPE('','',#5781);
#5780=PRODUCT_DEFINITION_SHAPE('','',#5782);
#5781=PRODUCT_DEFINITION('','',#5785,#5783);
#5782=PRODUCT_DEFINITION('','',#5786,#5784);
#5783=PRODUCT_DEFINITION_CONTEXT('',#5797,'design');
#5784=PRODUCT_DEFINITION_CONTEXT('',#5798,'design');
#5785=PRODUCT_DEFINITION_FORMATION_WITH_SPECIFIED_SOURCE('','',#5789,
 .NOT_KNOWN.);
#5786=PRODUCT_DEFINITION_FORMATION_WITH_SPECIFIED_SOURCE('','',#5790,
 .NOT_KNOWN.);
#5787=PRODUCT_RELATED_PRODUCT_CATEGORY('','',(#5789));
#5788=PRODUCT_RELATED_PRODUCT_CATEGORY('','',(#5790));
#5789=PRODUCT('speaker-right','speaker-right','speaker-right',(#5793));
#5790=PRODUCT('speaker-left','speaker-left','speaker-left',(#5794));
#5791=PRODUCT_CATEGORY('','');
#5792=PRODUCT_CATEGORY('','');
#5793=PRODUCT_CONTEXT('',#5797,'mechanical');
#5794=PRODUCT_CONTEXT('',#5798,'mechanical');
#5795=APPLICATION_PROTOCOL_DEFINITION('international standard',
'ap242_managed_model_based_3d_engineering',2020,#5797);
#5796=APPLICATION_PROTOCOL_DEFINITION('international standard',
'ap242_managed_model_based_3d_engineering',2020,#5798);
#5797=APPLICATION_CONTEXT('managed model based 3d engineering');
#5798=APPLICATION_CONTEXT('managed model based 3d engineering');
ENDSEC;
END-ISO-10303-21;
